L6/00/05.zst 610544841,408501524,846582313,561577528,556300661,1311460429
L6/00/07.zst 610544835,408501524,846588759,560976327,556162427,1312193424
L6/00/04.zst 610544835,408501524,846640756,561665382,556300425,1311314374
L6/00/08.zst 610544835,408501524,846729365,560460866,556019863,1312710843
L6/00/06.zst 610544835,408501524,846603877,561476468,556326741,1311513851
L6/00/0a.zst 610545351,408501524,846687201,560391224,556030201,1312811795
L6/00/0b.zst 610544841,408501524,846626300,560359075,556026905,1312908651
L6/00/0c.zst 610544835,408501524,846641121,560466094,556019154,1312794568
L6/00/0f.zst 610546379,408501524,846636060,560108689,555960985,1313213659
L6/00/10.zst 610544831,408501524,889785922,546863376,560646668,1278624975
L6/00/02.zst 610545214,408501540,846640389,561873577,556284615,1311121961
L6/00/03.zst 610544836,408501524,846581496,561730521,556294291,1311314628
L6/00/01.zst 610602455,408509892,846631914,562049498,556251875,1310921662
L6/00/0d.zst 610544835,408501524,846587791,560406886,556067139,1312859121
L6/00/11.zst 0,0,1663978645,541273526,546702341,1543012784
L6/00/13.zst 0,0,1663836621,540745076,546674524,1543711075
L6/00/14.zst 0,0,1663872442,540835728,546613860,1543645266
L6/00/19.zst 0,0,1672091629,552939901,553237493,1516698273
L6/00/1a.zst 0,0,1664798159,556659520,554140712,1519368905
L6/00/18.zst 0,0,1672131017,553479680,553233398,1516123201
L6/00/1c.zst 0,0,1664626894,556935303,554410082,1518995017
L6/00/1d.zst 0,0,1664600771,554810544,555978815,1519577166
L6/00/1e.zst 0,0,1671642559,554043319,553788144,1515493274
L6/00/21.zst 0,0,1663419831,535016462,576582214,1519948789
L6/00/16.zst 0,0,1663794253,540255904,546557909,1544359230
L6/00/17.zst 0,0,1663821541,540150587,546930118,1544065050
L6/00/22.zst 0,0,1663381776,533564843,577192609,1520828068
L6/00/15.zst 0,0,1663824428,540261874,546610920,1544270074
L6/00/23.zst 0,0,1663346573,532352412,576706222,1522562089
L6/00/20.zst 610548235,408501524,846331805,534830933,577878449,1316876350
L6/00/25.zst 0,0,1663332341,529448097,576570752,1525616106
L6/00/28.zst 0,0,1663363452,530503777,576381221,1524718846
L6/00/2a.zst 0,0,1663334995,527573805,576982805,1527075691
L6/00/2e.zst 0,0,1663270343,528771357,577285301,1525640295
L6/00/2d.zst 0,0,1663256353,525473208,577347699,1528890036
L6/00/2f.zst 0,0,1663304944,529221663,577486243,1524954446
L6/00/2c.zst 0,0,1663298609,528940853,576609026,1526118808
L6/00/31.zst 0,0,1671778021,564955357,550912692,1507321226
L6/00/26.zst 0,0,1663333882,529511452,578078362,1524043600
L6/00/32.zst 0,0,1671722928,560811004,551407882,1511025482
L6/00/27.zst 0,0,1663314528,530644269,576310505,1524697994
L6/00/29.zst 0,0,1663311606,528206882,576174696,1527274112
L6/00/33.zst 0,0,1671692891,559775070,550890914,1512608421
L6/00/36.zst 0,0,1671686550,554949370,550151424,1518179952
L6/00/34.zst 0,0,1671698977,559931606,550145343,1513191370
L6/00/3b.zst 0,0,1671695782,552500248,549555117,1521216149
L6/00/38.zst 0,0,1671676927,557969946,549783910,1515536513
L6/00/3d.zst 0,0,1671697905,555327124,550081975,1517860292
L6/00/3f.zst 0,0,1671695710,554957649,550250685,1518063252
L6/00/40.zst 612592780,408512630,895995579,555000806,566464523,1256400978
L6/00/42.zst 3234005,1547910,1680053200,533089018,554245119,1522798044
L6/00/3e.zst 0,0,1671700444,553208772,549748376,1520309704
L6/00/37.zst 0,0,1671668813,557573281,549633724,1516091478
L6/00/43.zst 2941741,1581126,1680320890,530411840,553926894,1525784805
L6/00/39.zst 0,0,1671691383,556136699,550160545,1516978669
L6/00/3a.zst 0,0,1671689370,553045988,551312288,1518919650
L6/00/44.zst 2923311,1581478,1680398540,528105185,553780597,1528178185
L6/00/46.zst 612936209,408512854,889796875,558681626,565882750,1259156982
L6/00/49.zst 612936213,408512854,895614281,559061736,567232055,1251610157
L6/00/4c.zst 612936213,408512854,895616431,559248079,567318711,1251335008
L6/00/47.zst 612936213,408512854,889787168,558917449,566070332,1258743280
L6/00/4e.zst 612936213,408512854,895606363,559427705,567383660,1251100501
L6/00/4f.zst 612918933,408512758,895572354,559713829,567603742,1250645680
L6/00/50.zst 611769767,408507274,395205143,916858412,545486950,1417139750
L6/00/53.zst 2995120,1724466,3645537,2593337789,516257024,1177007360
L6/00/54.zst 2981845,1685978,3654461,2585815572,514863360,1185966080
L6/00/4a.zst 612936213,408512854,895612973,559088090,567240913,1251576253
L6/00/48.zst 612936213,408512854,895620738,559206516,567258172,1251432803
L6/00/4b.zst 612936213,408512854,895619598,559274705,567346967,1251276959
L6/00/52.zst 3316513,1573700,3601307,2626496512,508635392,1151343872
L6/00/55.zst 3163623,1629338,3612906,2592488341,507575040,1186498048
L6/00/57.zst 610544835,408501524,846375042,519269812,545959110,1364316973
L6/00/58.zst 610544835,408501524,370813128,336941692,302652613,2265513504
L6/00/5e.zst 610545517,408501524,367651159,331145804,299534744,2277588548
L6/00/5f.zst 610593409,408501684,367669309,353878071,306121893,2248202930
L6/00/60.zst 610202080,408501300,846220442,516139603,544856707,1369047164
L6/00/5c.zst 610547846,408501758,367655592,331352204,300291665,2276618231
L6/00/63.zst 2922173,1581094,1664160574,473536113,535128177,1617639165
L6/00/62.zst 3215181,1547878,1664063867,473829651,535514321,1616796398
L6/00/64.zst 2911544,1581446,1664256138,474986992,535681428,1615549748
L6/00/59.zst 610544835,408501524,370814526,327079847,299324821,2278701743
L6/00/5a.zst 610545582,408501562,367687333,331866958,299887648,2276478213
L6/00/5b.zst 610546056,408501733,367650863,331721542,300049257,2276497845
L6/00/67.zst 610544835,408501524,842919551,515484085,542407014,1375110287
L6/00/68.zst 610544835,408501524,854599074,529110230,549709045,1342502588
L6/00/65.zst 3104260,1559046,1664093502,476894699,536607162,1612708627
L6/00/69.zst 610544835,408501524,854601731,532836889,550951421,1337530896
L6/00/6e.zst 610545511,408501524,846279517,554997690,556547997,1318095057
L6/00/6f.zst 610593729,408501652,846327677,560364629,557039240,1312140369
L6/00/71.zst 4294967296,0,0,0,0,0
L6/00/73.zst 702332724,398670964,1002063623,560535148,526292816,1105072021
L6/00/74.zst 929374442,376548036,1202629823,490229633,458838162,837347200
L6/00/70.zst 4294967296,0,0,0,0,0
L6/00/75.zst 1668921650,290605508,1176840808,394415238,300795351,463388741
L6/00/6a.zst 610545424,408501556,846330857,550415607,556046068,1323127784
L6/00/76.zst 4294967296,0,0,0,0,0
L6/00/6b.zst 610545374,408501561,846284279,551394107,556764267,1321477708
L6/00/6d.zst 610545547,408501588,846325381,553752421,556541113,1319301246
L6/00/78.zst 610562701,408501684,851367478,558305858,556468370,1309761205
L6/00/7a.zst 929374442,376548036,1202626285,490434368,458837230,837146935
L6/00/7c.zst 4294967296,0,0,0,0,0
L6/00/79.zst 702332724,398670964,1002061308,560817799,526309989,1104774512
L6/00/80.zst 4294967296,0,0,0,0,0
L6/00/81.zst 4294967296,0,0,0,0,0
L6/00/82.zst 610562701,408501684,846318115,562027264,556413976,1311143556
L6/00/85.zst 1668921650,290605508,624964846,504304864,427313926,778856502
L6/00/86.zst 4294967296,0,0,0,0,0
L6/00/83.zst 702332724,398670964,825956447,577681200,553928588,1236397373
L6/00/87.zst 4294967296,0,0,0,0,0
L6/00/7e.zst 610562701,408501684,851360882,557588793,556434518,1310518718
L6/00/7b.zst 1668921656,290605508,1176845022,394414240,300795135,463385735
L6/00/7d.zst 4294967296,0,0,0,0,0
L6/00/89.zst 702332724,398670964,825948028,577140403,553965158,1236910019
L6/00/8a.zst 929374442,376548036,798072843,553432259,535489883,1102049833
L6/00/8c.zst 4294967296,0,0,0,0,0
L6/00/91.zst 3962176,2119422,7612870,2208811536,582848574,1489612718
L6/00/8b.zst 1668921650,290605508,624966762,503702971,427291366,779479039
L6/00/92.zst 4356055,2141437,7739172,2208269340,582848574,1489612718
L6/00/93.zst 4874053,2357863,8029665,2245089261,571760735,1462855719
L6/00/95.zst 4758438,2524683,8867732,2251613185,571194596,1456008662
L6/00/97.zst 0,0,1868240039,525379808,548799555,1352547894
L6/00/98.zst 0,0,0,0,0,4294967296
L6/00/8e.zst 610562709,408501684,846307772,551131112,553521134,1324942885
L6/00/96.zst 0,0,1868246607,527817820,549339515,1349563354
L6/00/9b.zst 0,0,0,0,0,4294967296
L6/00/9a.zst 0,0,0,0,0,4294967296
L6/00/90.zst 9231306,4190396,9878030,2351637393,555482444,1364547727
L6/00/8d.zst 4294967296,0,0,0,0,0
L6/00/9c.zst 0,0,0,0,0,4294967296
L6/00/a0.zst 13799661,6269226,17873811,2466708999,561271550,1229044049
L6/00/a1.zst 3959374,2119422,7614638,2395180333,545557723,1340535806
L6/00/a4.zst 5085792,2389788,8428083,2245481293,507523201,1526059139
L6/00/9f.zst 0,0,0,0,0,4294967296
L6/00/a6.zst 0,0,1862924939,519457201,545264455,1367320701
L6/00/a7.zst 0,0,1862953696,517584135,544931938,1369497527
L6/00/a8.zst 0,0,0,0,0,4294967296
L6/00/9d.zst 0,0,0,0,0,4294967296
L6/00/ab.zst 0,0,0,0,0,4294967296
L6/00/ac.zst 0,0,0,0,0,4294967296
L6/00/a2.zst 4054818,2126914,7768947,2145199294,543688007,1592129316
L6/00/ad.zst 0,0,0,0,0,4294967296
L6/00/a3.zst 4825821,2323839,8048811,2209453111,512389052,1557926662
L6/00/a9.zst 0,0,0,0,0,4294967296
L6/00/b0.zst 612936209,408512854,852223711,523009139,548352670,1349932713
L6/00/b1.zst 612936213,408512854,852162902,519671154,548103017,1353581156
L6/00/b3.zst 612936213,408512854,852128648,515075983,548800000,1357513598
L6/00/b7.zst 612936213,408512854,851953998,519174926,550131861,1352257444
L6/00/b5.zst 612936213,408512854,851991176,516174999,549074710,1356277344
L6/00/b9.zst 612918945,408512764,852137982,523596990,549346952,1348453663
L6/00/b8.zst 612936213,408512854,852205742,525351678,548836989,1347123820
L6/00/af.zst 0,0,0,0,0,4294967296
L6/00/bb.zst 610556792,408501752,853758766,534759670,556447588,1330942728
L6/00/bd.zst 610563491,408501556,853558290,536627853,556627265,1329088841
L6/00/b2.zst 612936213,408512854,852105934,518255440,550215916,1352940939
L6/00/be.zst 610562289,408501620,853601485,537508110,556331546,1328462246
L6/00/b4.zst 612936213,408512854,852280190,517331686,548952606,1354953747
L6/00/bc.zst 610564223,408501556,853789055,537700430,556035040,1328376992
L6/00/c1.zst 0,0,1676460101,525463169,561158064,1531885962
L6/00/c2.zst 3215181,1547878,1673512651,524580352,555477613,1536633621
L6/00/c4.zst 2911544,1581446,1674351858,522767436,556363035,1536991977
L6/00/c8.zst 610544835,408501524,853876984,528876937,575246530,1317920486
L6/00/c9.zst 610544835,408501524,853874103,528921098,575311677,1317814059
L6/00/ca.zst 610544835,408501524,853876447,528884522,575427635,1317732333
L6/00/c7.zst 610544835,408501524,850782172,528989147,574539563,1321610055
L6/00/cc.zst 610544835,408501524,853879168,528488012,576190026,1317363731
L6/00/c0.zst 610219026,408501396,855095060,546050223,556224538,1318877053
L6/00/cd.zst 610544835,408501524,853874341,528541807,576279281,1317225508
L6/00/c3.zst 2922173,1581094,1674120266,523742830,555311020,1537289913
L6/00/c5.zst 3104260,1559046,1673891481,523317128,557182705,1535912676
L6/00/ce.zst 610562115,408501620,853864457,528512192,576554935,1316971977
L6/00/d1.zst 0,0,0,0,2979654066,1315313230
L6/00/d3.zst 0,0,0,0,2979925907,1315041389
L6/00/cf.zst 612901645,408512662,852318767,527239848,579118004,1314876370
L6/00/d6.zst 0,0,0,0,2979238314,1315728982
L6/00/d8.zst 0,0,0,0,2979907616,1315059680
L6/00/d9.zst 0,0,0,0,2979913846,1315053450
L6/00/db.zst 0,0,0,0,2979919100,1315048196
L6/00/dd.zst 0,0,0,0,2979618756,1315348540
L6/00/d2.zst 0,0,0,0,2979830379,1315136917
L6/00/de.zst 0,0,0,0,2979617434,1315349862
L6/00/da.zst 0,0,0,0,2979773108,1315194188
L6/00/d4.zst 0,0,0,0,2979330954,1315636342
L6/00/d5.zst 0,0,0,0,2979249848,1315717448
L6/00/df.zst 0,0,0,0,2983444931,1311522365
L6/00/e1.zst 4848798,2119406,8753059,2299302573,552605467,1427337993
L6/00/e3.zst 208722026,18251856,130518329,1811289788,586169286,1540016011
L6/00/e9.zst 0,0,0,0,0,4294967296
L6/00/e8.zst 0,0,0,0,0,4294967296
L6/00/e4.zst 192663082,15244859,138260008,1838390803,578010808,1532397736
L6/00/ea.zst 0,0,0,0,0,4294967296
L6/00/ec.zst 0,0,0,0,0,4294967296
L6/00/ed.zst 0,0,0,0,0,4294967296
L6/00/e2.zst 161932251,41648426,133917462,1772584262,611952313,1572932582
L6/00/ef.zst 0,0,0,0,0,4294967296
L6/00/e5.zst 171962158,20183723,151669246,1838686352,575671365,1536794452
L6/00/f1.zst 0,4294967296,0,0,0,0
L6/00/f2.zst 0,4294967296,0,0,0,0
L6/00/e6.zst 0,0,1867504141,513288988,544930106,1369244061
L6/00/ee.zst 0,0,0,0,0,4294967296
L6/00/f4.zst 0,4294967296,0,0,0,0
L6/00/f7.zst 0,4294967296,0,0,0,0
L6/00/fc.zst 0,4294967296,0,0,0,0
L6/00/f9.zst 0,4294967296,0,0,0,0
L6/00/fb.zst 0,4294967296,0,0,0,0
L6/00/f3.zst 0,4294967296,0,0,0,0
L6/00/fe.zst 0,4294967296,0,0,0,0
L6/00/ff.zst 0,4294967296,0,0,0,0
L6/01/00.zst 610619585,408509892,846624576,561116335,556034406,1312062502
L6/01/04.zst 585469061,400099236,863645866,568206106,554914635,1322632392
L6/00/f6.zst 0,4294967296,0,0,0,0
L6/01/05.zst 585469067,400099236,863598681,568111389,554912842,1322776081
L6/01/02.zst 585469424,400099252,863661851,568414153,554904382,1322418234
L6/01/07.zst 585469061,400099236,863616596,567523996,554768054,1323490353
L6/00/fa.zst 0,4294967296,0,0,0,0
L6/01/08.zst 585469061,400099236,863743665,567029343,554631441,1323994550
L6/01/0a.zst 585469553,400099236,863733459,566941246,554646055,1324077747
L6/01/0d.zst 585469061,400099236,863602047,566989983,554678363,1324128606
L6/01/03.zst 585469062,400099236,863598295,568276930,554910056,1322613717
L6/01/0f.zst 585470605,400099236,863637916,566705136,554577864,1324476539
L6/01/10.zst 585469057,400099236,903976316,558235010,559710604,1287477073
L6/01/0b.zst 585469067,400099236,863639474,566944662,554636695,1324178162
L6/01/12.zst 0,0,1660978990,538457182,545985038,1549546086
L6/01/14.zst 0,0,1660891012,538231211,545859211,1549985862
L6/01/15.zst 0,0,1660670337,537738779,545791059,1550767121
L6/01/09.zst 585469061,400099236,863606881,567089567,554642345,1324060206
L6/01/18.zst 0,0,1669146143,551205636,552518558,1522096959
L6/01/16.zst 0,0,1660693015,537370857,545829159,1551074265
L6/01/19.zst 0,0,1668931990,550850458,552515547,1522669301
L6/01/1a.zst 0,0,1661626897,554419546,553436886,1525483967
L6/01/0e.zst 585469069,400099236,863683127,566932039,554648661,1324135164
L6/01/13.zst 0,0,1660690557,538129449,546072533,1550074757
L6/01/1d.zst 0,0,1661441731,552619833,555265716,1525640016
L6/01/1f.zst 0,0,1660893895,558758842,553665313,1521649246
L6/01/20.zst 585472129,400099236,863336222,541000112,576863346,1328196251
L6/01/1e.zst 0,0,1668464963,551990235,553071861,1521440237
L6/01/25.zst 0,0,1660071758,526528697,576218793,1532148048
L6/01/26.zst 0,0,1660071767,526734118,577810592,1530350819
L6/01/24.zst 0,0,1660258099,529553756,576755517,1528399924
L6/01/1b.zst 0,0,1661540114,552421266,553205896,1527800020
L6/01/29.zst 0,0,1660053609,525657231,575829395,1533427061
L6/01/2a.zst 0,0,1660048522,524535676,576450083,1533933015
L6/01/2b.zst 0,0,1660085155,524032196,575609644,1535240301
L6/01/21.zst 0,0,1665850524,527442522,576181641,1525492609
L6/01/28.zst 0,0,1660142296,527514281,576106008,1531204711
L6/01/23.zst 0,0,1660090869,529979476,576291500,1528605451
L6/01/2e.zst 0,0,1660022888,526349456,576892886,1531702066
L6/01/2f.zst 0,0,1660069858,526702467,577070426,1531124545
L6/01/30.zst 587653687,400109958,869458491,554821082,554688156,1328235922
L6/01/36.zst 0,0,1668463505,552910471,549342902,1524250418
L6/01/35.zst 0,0,1668454894,556252806,550287913,1519971683
L6/01/37.zst 0,0,1668437986,555608137,548950303,1521970870
L6/01/2c.zst 0,0,1660039004,526007864,576384234,1532536194
L6/01/33.zst 0,0,1668460732,557689471,550194490,1518622603
L6/01/39.zst 0,0,1668427395,554183045,549436993,1522919863
L6/01/3a.zst 0,0,1668458818,551033869,550582571,1524892038
L6/01/31.zst 0,0,1669357366,563011370,550377840,1512220720
L6/01/3b.zst 0,0,1668467135,550437111,548855365,1527207685
L6/01/34.zst 0,0,1668462483,557683697,549389064,1519432052
L6/01/3f.zst 0,0,1668455169,552895127,549538348,1524078652
L6/01/40.zst 0,0,1682011241,540899955,552909676,1519146424
L6/01/3d.zst 0,0,1668463065,553224423,549354815,1523924993
L6/01/42.zst 3091928,1520390,1676797796,530870441,553502997,1529183744
L6/01/45.zst 2972333,1531430,1677225947,524724907,553064897,1535447782
L6/01/46.zst 587669655,400110054,904646947,569923691,565015222,1267601727
L6/01/3c.zst 0,0,1668444435,550999169,550317147,1525206545
L6/01/48.zst 587669659,400110054,909902954,570981824,566385632,1259917173
L6/01/4a.zst 587669659,400110054,909891788,570844701,566365673,1260085421
L6/01/4b.zst 587669659,400110054,909897903,571034827,566470949,1259783904
L6/01/47.zst 587669659,400110054,904637147,570129167,565196547,1267224722
L6/01/41.zst 0,0,1681146254,539283885,552728685,1521808472
L6/01/4d.zst 587669659,400110054,909885405,571011037,566487442,1259803699
L6/01/44.zst 2777629,1553574,1677079016,525942682,553010624,1534603771
L6/01/4f.zst 587653691,400109958,909850073,571438995,566726929,1259187650
L6/01/50.zst 3903535,2086958,16312348,2310037755,545486950,1417139750
L6/01/53.zst 2844297,1696210,3739200,2581135461,515456000,1190096128
L6/01/51.zst 0,0,226119,2426644269,556034406,1312062502
L6/01/56.zst 585469059,400099236,863318206,527946921,544622691,1373511183
L6/01/57.zst 585469061,400099236,863366530,524412526,544201439,1377418504
L6/01/4c.zst 587669659,400110054,909894444,571006350,566444401,1259842388
L6/01/59.zst 585469061,400099236,372493923,316947930,286635682,2333321464
L6/01/5b.zst 585470238,400099437,369540668,321465632,287448136,2330943185
L6/01/5c.zst 585471984,400099462,369544958,321103941,287657091,2331089860
L6/01/52.zst 3169116,1545700,3692386,2613249374,507588608,1165722112
L6/01/55.zst 3019213,1597206,3707143,2580059414,506540032,1200044288
L6/01/5a.zst 585469776,400099274,369575068,321620952,287334979,2330867247
L6/01/60.zst 0,0,1665570466,500336618,538475306,1590584906
L6/01/5f.zst 585469901,400099300,369549973,333576167,290175593,2316096362
L6/01/61.zst 0,0,1664435210,459462003,530513457,1640556626
L6/01/66.zst 585469059,400099236,860311978,520101935,540684167,1388300921
L6/01/68.zst 585469061,400099236,871562747,535244240,548260059,1354331953
L6/01/67.zst 585469061,400099236,860354743,520964798,540926560,1387152898
L6/01/64.zst 2766570,1553542,1660890422,471180147,534704384,1623872231
L6/01/6a.zst 585469626,400099268,863348369,556809931,554693114,1334546988
L6/01/5e.zst 585469391,400099236,369540685,320219389,286727366,2332911229
L6/01/6b.zst 585469576,400099273,863303194,557800111,555395924,1332899218
L6/01/6c.zst 585469811,400099270,863344106,559246305,555273145,1331534659
L6/01/63.zst 2776610,1553190,1660804254,469311183,534146284,1626375775
L6/01/62.zst 3074516,1520358,1660693115,468974501,534848081,1625856725
L6/01/6f.zst 585470869,400099332,863331335,567035862,555659238,1323370660
L6/01/71.zst 4294967296,0,0,0,0,0
L6/01/72.zst 585485583,400099396,868569743,566210298,555495751,1319106525
L6/01/6d.zst 585469743,400099300,863345552,560154281,555189915,1330708505
L6/01/76.zst 4294967296,0,0,0,0,0
L6/01/78.zst 585485583,400099396,868576633,566525530,555498052,1318782102
L6/01/77.zst 4294967296,0,0,0,0,0
L6/01/7a.zst 876044720,371990084,1241047640,504946924,458803167,842134761
L6/01/79.zst 667740786,391590516,1026496141,570315291,525678469,1113146093
L6/01/7c.zst 4294967296,0,0,0,0,0
L6/01/7d.zst 4294967296,0,0,0,0,0
L6/01/70.zst 4294967296,0,0,0,0,0
L6/01/73.zst 667740786,391590516,1026498340,570042174,525660492,1113434988
L6/01/7e.zst 585485583,400099396,868565558,565770723,555460848,1319585188
L6/01/74.zst 876044720,371990084,1241050633,504742731,458802379,842336749
L6/01/82.zst 585485583,400099396,863341896,569210561,555296527,1321533333
L6/01/81.zst 4294967296,0,0,0,0,0
L6/01/7f.zst 667791702,391598900,1026559808,567609737,526321994,1115085155
L6/01/85.zst 1598440916,290340548,649636035,527544188,433285253,795720356
L6/01/88.zst 585485583,400099396,863343281,568745326,555264355,1322029355
L6/01/89.zst 667740786,391590516,843832000,584843509,554461173,1252499312
L6/01/8b.zst 1598440916,290340548,649636396,526916482,433256535,796376419
L6/01/8c.zst 4294967296,0,0,0,0,0
L6/01/8e.zst 585485591,400099396,863328411,558319582,552371030,1335363286
L6/01/83.zst 667740786,391590516,843840086,585412388,554431526,1251951994
L6/01/8a.zst 876044720,371990084,819424998,567850914,538775519,1120881061
L6/01/84.zst 876044720,371990084,819426271,568600571,538777475,1120128175
L6/01/8f.zst 667741993,391590516,843791745,569818735,551113282,1270911025
L6/01/90.zst 5304261,2068324,8981625,2358313565,555441390,1364858131
L6/01/86.zst 4294967296,0,0,0,0,0
L6/01/91.zst 3725038,2054590,7795752,2200306497,581643334,1499442085
L6/01/96.zst 0,0,1852316820,534229241,548094520,1360326715
L6/01/97.zst 0,0,1852313869,530867707,547319975,1364465745
L6/01/94.zst 4753952,2328824,8618105,2248465319,564567327,1466233769
L6/01/99.zst 0,0,0,0,0,4294967296
L6/01/9b.zst 0,0,0,0,0,4294967296
L6/01/9c.zst 0,0,0,0,0,4294967296
L6/01/9e.zst 0,0,0,0,0,4294967296
L6/01/93.zst 4626478,2282327,8225100,2235592313,570536537,1473704541
L6/01/a0.zst 4040567,2087102,8133767,2394612331,545557723,1340535806
L6/01/95.zst 4500358,2427175,9091237,2242074079,569922568,1466951879
L6/01/9d.zst 0,0,0,0,0,4294967296
L6/01/a1.zst 3721206,2054590,7796795,2377327785,542846945,1361219975
L6/01/98.zst 0,0,0,0,0,4294967296
L6/01/a2.zst 3813430,2061890,7956139,2101024046,531885072,1648226719
L6/01/a5.zst 4576645,2426649,9187567,2210897072,495597432,1572281931
L6/01/a8.zst 0,0,0,0,0,4294967296
L6/01/ab.zst 0,0,0,0,0,4294967296
L6/01/ac.zst 0,0,0,0,0,4294967296
L6/01/a7.zst 0,0,1846800886,501748666,536646399,1409771345
L6/01/ad.zst 0,0,0,0,0,4294967296
L6/01/b0.zst 587653697,400109958,869356393,530600984,547319645,1359926619
L6/01/af.zst 0,0,0,0,0,4294967296
L6/01/a4.zst 4826317,2302468,8638083,2217048770,500094924,1562056734
L6/01/a6.zst 0,0,1846771663,504472885,537206233,1406516515
L6/01/b2.zst 587669659,400110054,869224484,524380283,548906003,1364676813
L6/01/a9.zst 0,0,0,0,0,4294967296
L6/01/b4.zst 587669659,400110054,869213553,523180292,547840514,1366953224
L6/01/b1.zst 587669659,400110054,869225681,526203149,546754097,1365004656
L6/01/b5.zst 587669659,400110054,869263423,522096465,547603854,1368223841
L6/01/b8.zst 587669659,400110054,869353831,531847250,547496683,1358489819
L6/01/bb.zst 585480302,400099456,870725392,541030839,554929679,1342701628
L6/01/bd.zst 585486313,400099268,870756995,542552868,555173636,1340898216
L6/01/be.zst 585469227,400099236,870867795,543123446,554808206,1340599386
L6/01/bc.zst 585487013,400099268,870711597,543436477,554911287,1340321654
L6/01/bf.zst 585469381,400099236,870789887,547145082,555750691,1335713019
L6/01/c1.zst 0,0,1672657907,523452111,560468575,1538388703
L6/01/b6.zst 587669659,400110054,869353444,521878983,547959222,1367995934
L6/01/b7.zst 587669659,400110054,869265270,524753778,548429765,1364738770
L6/01/c2.zst 3074516,1520358,1668957290,523505893,554682341,1543226898
L6/01/c4.zst 2766570,1553542,1669894561,521588399,555588020,1543576204
L6/01/b9.zst 587653711,400109964,869210092,530066258,547998767,1359928504
L6/01/c6.zst 585469059,400099236,868189504,534903787,572926831,1333378879
L6/01/c9.zst 585469061,400099236,870898741,535492525,573928827,1329078906
L6/01/c3.zst 2776610,1553190,1669781502,522518841,554490868,1543846285
L6/01/ca.zst 585469061,400099236,870902360,535417981,574038604,1329040054
L6/01/cd.zst 585469061,400099236,870900491,535070392,574883982,1328544134
L6/01/ce.zst 585485021,400099332,870890291,534995413,575223864,1328273375
L6/01/d0.zst 0,0,0,0,2968442649,1326524647
L6/01/cf.zst 587637731,400109862,869452209,533348751,578203303,1326215440
L6/01/d2.zst 0,0,0,0,2968456633,1326510663
L6/01/c8.zst 585469061,400099236,870902823,535447767,573864024,1329184385
L6/01/c7.zst 585469061,400099236,868193444,535300829,573167209,1332737517
L6/01/d3.zst 0,0,0,0,2968506148,1326461148
L6/01/d4.zst 0,0,0,0,2967907407,1327059889
L6/01/cc.zst 585469061,400099236,870901153,535037020,574792920,1328667906
L6/01/d7.zst 0,0,0,0,2967965226,1327002070
L6/01/da.zst 0,0,0,0,2968438654,1326528642
L6/01/db.zst 0,0,0,0,2968526019,1326441277
L6/01/d6.zst 0,0,0,0,2967849784,1327117512
L6/01/df.zst 0,0,0,0,2972143475,1322823821
L6/01/de.zst 0,0,0,0,2968272263,1326695033
L6/01/e0.zst 117485522,2111930,22815462,2363868716,564941939,1223743727
L6/01/d8.zst 0,0,0,0,2968542636,1326424660
L6/01/e3.zst 203041019,16505572,133660494,1799566624,584746978,1557446609
L6/01/d9.zst 0,0,0,0,2968603037,1326364259
L6/01/e5.zst 167428399,18559755,155300667,1826918770,574717293,1552042412
L6/01/e4.zst 187265743,13643147,141542103,1827061228,576951611,1548503464
L6/01/e2.zst 157485339,39704466,136263052,1759030840,610084496,1592399103
L6/01/e8.zst 0,0,0,0,0,4294967296
L6/01/dd.zst 0,0,0,0,2968268783,1326698513
L6/01/ea.zst 0,0,0,0,0,4294967296
L6/01/eb.zst 0,0,0,0,0,4294967296
L6/01/f0.zst 0,4294967296,0,0,0,0
L6/01/ee.zst 0,0,0,0,0,4294967296
L6/01/f1.zst 0,4294967296,0,0,0,0
L6/01/ec.zst 0,0,0,0,0,4294967296
L6/01/f3.zst 0,4294967296,0,0,0,0
L6/01/f4.zst 0,4294967296,0,0,0,0
L6/01/e7.zst 0,0,1851586758,517305601,542764503,1383310434
L6/01/f6.zst 0,4294967296,0,0,0,0
L6/01/f7.zst 0,4294967296,0,0,0,0
L6/01/e9.zst 0,0,0,0,0,4294967296
L6/01/f9.zst 0,4294967296,0,0,0,0
L6/01/fa.zst 0,4294967296,0,0,0,0
L6/01/fc.zst 0,4294967296,0,0,0,0
L6/01/fd.zst 0,4294967296,0,0,0,0
L6/01/ef.zst 0,0,0,0,0,4294967296
L6/02/00.zst 610562346,408501540,846630239,560841905,556031976,1312399290
L6/02/01.zst 585469426,400099252,863662411,568412169,554889008,1322435030
L6/01/fb.zst 0,4294967296,0,0,0,0
L6/02/03.zst 585416105,400091076,863607428,567962806,554899069,1322990812
L6/02/06.zst 585416104,400091076,863634049,567697801,554931270,1323196996
L6/01/ff.zst 0,4294967296,0,0,0,0
L6/02/07.zst 585416104,400091076,863603732,567257763,554774763,1323823858
L6/02/04.zst 585416104,400091076,863667591,567902481,554908885,1322981159
L6/02/0a.zst 585416596,400091076,863705050,566682485,554642473,1324429616
L6/02/0b.zst 585416110,400091076,863657030,566654803,554642247,1324506030
L6/02/0d.zst 585416104,400091076,863603454,566703762,554677659,1324475241
L6/02/05.zst 585416110,400091076,863602621,567821732,554910247,1323125510
L6/02/11.zst 0,0,1660989518,538708374,545939731,1549329673
L6/02/10.zst 585416100,400091076,903939004,558128256,559688889,1287703971
L6/02/12.zst 0,0,1673345675,526995832,546021078,1548604711
L6/02/09.zst 585416104,400091076,863607052,566794726,554631991,1324426347
L6/02/0f.zst 585417648,400091076,863638050,566403065,554571751,1324845706
L6/02/15.zst 0,0,1660652415,537629851,545808237,1550876793
L6/02/17.zst 0,0,1660653538,537562383,546122070,1550629305
L6/02/16.zst 0,0,1660635026,537422199,545694104,1551215967
L6/02/0c.zst 585416104,400091076,863658784,566741520,554628078,1324431734
L6/02/1b.zst 0,0,1661529520,552222185,553182647,1528032944
L6/02/1c.zst 0,0,1661462182,554320297,553616871,1525567946
L6/02/1d.zst 0,0,1661430676,552327109,555195725,1526013786
L6/02/1a.zst 0,0,1661619076,554192192,553370885,1525785143
L6/02/20.zst 585419170,400091076,863340119,540737343,576784060,1328595528
L6/02/14.zst 0,0,1660883281,538044063,545805854,1550234098
L6/02/21.zst 0,0,1660279686,531975568,576411826,1526300216
L6/02/22.zst 0,0,1665927154,525646403,576860000,1526533739
L6/02/19.zst 0,0,1668918774,550645752,552484468,1522918302
L6/02/25.zst 0,0,1660051590,526490729,576276828,1532148149
L6/02/24.zst 0,0,1660256602,529371984,576678033,1528660677
L6/02/27.zst 0,0,1660045310,527965669,575895882,1531060435
L6/02/1f.zst 0,0,1660878866,558521080,553643179,1521924171
L6/02/29.zst 0,0,1660037250,525497397,575502865,1533929784
L6/02/2b.zst 0,0,1660048177,523817828,575604819,1535496472
L6/02/2d.zst 0,0,1660001916,522662165,576917197,1535386018
L6/02/30.zst 587600236,400101798,869464498,554465351,554664887,1328670526
L6/02/31.zst 0,0,1668502586,562823673,550207880,1513433157
L6/02/2c.zst 0,0,1660066311,525834579,576282470,1532783936
L6/02/32.zst 0,0,1669287500,558706228,550763510,1516210058
L6/02/26.zst 0,0,1660068742,526324303,577316212,1531258039
L6/02/2a.zst 0,0,1660037853,524248259,576387892,1534293292
L6/02/35.zst 0,0,1668453939,556049359,550266864,1520197134
L6/02/34.zst 0,0,1668463283,557701639,549418421,1519383953
L6/02/37.zst 0,0,1668431475,555264849,548888566,1522382406
L6/02/2f.zst 0,0,1660038095,526416279,576856466,1531656456
L6/02/36.zst 0,0,1668453954,552904839,549377036,1524231467
L6/02/3b.zst 0,0,1668458943,550208269,548848742,1527451342
L6/02/3c.zst 0,0,1668434868,550892387,550294866,1525345175
L6/02/3d.zst 0,0,1668461316,553056931,549367583,1524081466
L6/02/41.zst 0,0,1681114212,538860900,552677136,1522315048
L6/02/42.zst 3091645,1520374,1676781997,530611809,553464546,1529496925
L6/02/43.zst 2794451,1553206,1677055703,527881723,553112414,1532569799
L6/02/39.zst 0,0,1668423011,553960263,549422574,1523161448
L6/02/40.zst 0,0,1681871149,540602382,552860329,1519633436
L6/02/3a.zst 0,0,1668451244,550755404,550437842,1525322806
L6/02/45.zst 2972056,1531414,1677214025,524531406,553005801,1535712594
L6/02/46.zst 587616202,400101894,904611330,569818459,564996677,1267822734
L6/02/47.zst 587616206,400101894,904602220,570007946,565178134,1267460896
L6/02/4c.zst 587616206,400101894,909858158,570908789,566428525,1260053724
L6/02/3f.zst 0,0,1668437270,552595940,549518898,1524415188
L6/02/4e.zst 587616206,400101894,909849213,571059909,566492062,1259848012
L6/02/4d.zst 587616206,400101894,909848769,570911602,566471831,1260016994
L6/02/4a.zst 587616206,400101894,909855849,570747851,566348204,1260297292
L6/02/50.zst 20301,8224,15780469,2316531602,545486950,1417139750
L6/02/52.zst 3168826,1545684,3699673,2613709081,508219392,1164624640
L6/02/53.zst 2844009,1696194,3738509,2581080136,516132096,1189476352
L6/02/4b.zst 587616206,400101894,909861602,570933993,566455521,1259998080
L6/02/49.zst 587616206,400101894,909856410,570718443,566339745,1260334598
L6/02/56.zst 585416102,400091076,863321803,527513599,544564299,1374060417
L6/02/57.zst 585416104,400091076,863369297,524178552,544202011,1377710256
L6/02/54.zst 2832834,1653826,3750870,2573557798,515038720,1198133248
L6/02/58.zst 585416104,400091076,372473665,325687871,289859839,2321438741
L6/02/5c.zst 585419027,400091302,369527025,319646279,287371615,2332912048
L6/02/51.zst 0,0,226709,2426309321,556031976,1312399290
L6/02/5d.zst 585417466,400091110,369526474,319654763,287764723,2332512760
L6/02/5f.zst 585416448,400091140,369531788,331632035,289845370,2318450515
L6/02/61.zst 0,0,1664410198,459339006,530590302,1640627790
L6/02/5e.zst 585416432,400091076,369524161,318628967,286483432,2334823228
L6/02/63.zst 2776329,1553174,1660802537,469137083,534040902,1626657271
L6/02/65.zst 2962354,1531382,1660793183,472166462,535406104,1622107811
L6/02/5a.zst 585416819,400091114,369557054,320272599,287007912,2332621798
L6/02/66.zst 585416102,400091076,860316954,519815100,540654951,1388673113
L6/02/5b.zst 585417281,400091277,369522659,320068873,287146104,2332721102
L6/02/68.zst 585416104,400091076,871567348,535027663,548241117,1354623988
L6/02/6a.zst 585416669,400091108,863353538,556561543,554665731,1334878707
L6/02/6c.zst 585416854,400091110,863349049,558988313,555248009,1331873961
L6/02/67.zst 585416104,400091076,860359370,520698544,540899236,1387502966
L6/02/62.zst 3074235,1520342,1660698643,468970077,534487584,1626216415
L6/02/6e.zst 585416430,400091076,863302710,561248002,555143599,1329765479
L6/02/70.zst 4294967296,0,0,0,0,0
L6/02/71.zst 4294967296,0,0,0,0,0
L6/02/74.zst 875974486,371989988,1241116615,503591949,458806618,843487640
L6/02/72.zst 585432624,400091236,868581118,565946578,555469717,1319446023
L6/02/6b.zst 585416619,400091113,863307086,557550883,555368689,1333232906
L6/02/76.zst 4294967296,0,0,0,0,0
L6/02/6d.zst 585416786,400091140,863350077,559932231,555152131,1331024931
L6/02/77.zst 4294967296,0,0,0,0,0
L6/02/78.zst 585432624,400091236,868587088,566262657,555480332,1319113359
L6/02/7e.zst 585432624,400091236,868575857,565499720,555456009,1319911850
L6/02/7c.zst 4294967296,0,0,0,0,0
L6/02/73.zst 667671277,391586324,1026490249,569917495,525660976,1113640975
L6/02/7f.zst 667722193,391594708,1026551156,567529702,526333836,1115235701
L6/02/7a.zst 875974486,371989988,1241114199,503795878,458805744,843287001
L6/02/81.zst 4294967296,0,0,0,0,0
L6/02/82.zst 585432624,400091236,863347992,568975689,555260938,1321858817
L6/02/84.zst 875974486,371989988,819431335,564402119,539579923,1123589445
L6/02/88.zst 585432624,400091236,863347087,568504702,555268195,1322323452
L6/02/87.zst 4294967296,0,0,0,0,0
L6/02/7b.zst 1598437712,290340452,1229387270,412177437,300806620,463817805
L6/02/89.zst 667671277,391586324,843841771,584437392,554530429,1252900103
L6/02/7d.zst 4294967296,0,0,0,0,0
L6/02/85.zst 1598437706,290340452,649624313,527464359,433285899,795814567
L6/02/8c.zst 4294967296,0,0,0,0,0
L6/02/8b.zst 1598437706,290340452,649625106,526849046,433263305,796451681
L6/02/8e.zst 585432632,400091236,863333630,558093985,552368912,1335646901
L6/02/83.zst 667671277,391586324,843850046,585011074,554500371,1252348204
L6/02/92.zst 4106771,2075993,7925373,2199333171,581643334,1499882654
L6/02/93.zst 4625942,2282264,8225185,2235051429,570590630,1474191846
L6/02/90.zst 4021946,2054814,8232252,2353353682,555976904,1371327698
L6/02/94.zst 4753423,2328746,8618213,2247725333,564565052,1466976529
L6/02/97.zst 0,0,1852202714,530645417,547309767,1364809398
L6/02/98.zst 0,0,0,0,0,4294967296
L6/02/9a.zst 0,0,0,0,0,4294967296
L6/02/8f.zst 667672481,391586324,843801489,569388258,551167431,1271351313
L6/02/8d.zst 4294967296,0,0,0,0,0
L6/02/99.zst 0,0,0,0,0,4294967296
L6/02/9c.zst 0,0,0,0,0,4294967296
L6/02/9d.zst 0,0,0,0,0,4294967296
L6/02/9e.zst 0,0,0,0,0,4294967296
L6/02/95.zst 4499821,2427079,9091409,2241228255,569882499,1467838233
L6/02/a3.zst 4579435,2247503,8245770,2183079296,505830214,1590985078
L6/02/a5.zst 4576087,2426553,9187724,2209454000,495323971,1573998961
L6/02/a4.zst 4825604,2302356,8638216,2215856006,499859545,1563485569
L6/02/a1.zst 3720680,2054542,7796704,2372663388,542622544,1366109438
L6/02/a7.zst 0,0,1846739560,501336076,536626085,1410265575
L6/02/a0.zst 3985020,2054798,8209504,2376651054,542846945,1361219975
L6/02/a9.zst 0,0,0,0,0,4294967296
L6/02/aa.zst 0,0,0,0,0,4294967296
L6/02/9f.zst 0,0,0,0,0,4294967296
L6/02/ac.zst 0,0,0,0,0,4294967296
L6/02/af.zst 0,0,0,0,0,4294967296
L6/02/ab.zst 0,0,0,0,0,4294967296
L6/02/b0.zst 587600564,400101798,869361023,530286640,547181983,1360435288
L6/02/a6.zst 0,0,1846710078,503658937,537074300,1407523981
L6/02/b2.zst 587616206,400101894,869180654,523733289,549063002,1365272251
L6/02/b4.zst 587616206,400101894,869178534,522707894,547376314,1367986454
L6/02/b6.zst 587616206,400101894,869241367,521229730,547964599,1368813500
L6/02/b8.zst 587616206,400101894,869359093,531599886,547455014,1358835203
L6/02/ae.zst 0,0,0,0,0,4294967296
L6/02/b5.zst 587616206,400101894,869217745,521878915,547667147,1368485389
L6/02/ba.zst 585441740,400091688,870670464,541928266,555154258,1341680880
L6/02/bb.zst 585427344,400091296,870758236,540898858,555008660,1342782902
L6/02/b1.zst 587616206,400101894,869292535,525582515,546650028,1365724118
L6/02/bc.zst 585434054,400091108,870678504,543010954,554466661,1341286015
L6/02/c0.zst 0,0,1674919683,540237992,554521817,1525287804
L6/02/c1.zst 0,0,1672619435,523060500,560457793,1538829568
L6/02/c3.zst 2776329,1553174,1669773880,522053634,554503288,1544306991
L6/02/b7.zst 587616206,400101894,869258397,524712508,548447739,1364830552
L6/02/bf.zst 585416102,400091076,870815484,547228923,555728940,1335686771
L6/02/c5.zst 2962354,1531382,1669385536,521918018,556381501,1542788505
L6/02/c6.zst 585416102,400091076,868179832,534635353,572931849,1333713084
L6/02/c7.zst 585416104,400091076,868185702,535000841,573173705,1333099868
L6/02/be.zst 585416270,400091076,870753842,542451440,554753367,1341501301
L6/02/cb.zst 585416104,400091076,870912120,535121502,574854527,1328571967
L6/02/c9.zst 585416104,400091076,870902746,535186387,573915214,1329455769
L6/02/cc.zst 585416104,400091076,870908213,534725281,574801111,1329025511
L6/02/cd.zst 585416104,400091076,870904804,534785360,574882010,1328887942
L6/02/c2.zst 3074235,1520342,1668949346,523090979,554738859,1543593535
L6/02/d0.zst 0,0,0,0,2968067272,1326900024
L6/02/d3.zst 0,0,0,0,2968181671,1326785625
L6/02/d2.zst 0,0,0,0,2968094683,1326872613
L6/02/c8.zst 585416104,400091076,870907714,535147872,573855084,1329549446
L6/02/d6.zst 0,0,0,0,2967537126,1327430170
L6/02/d1.zst 0,0,0,0,2967954301,1327012995
L6/02/d7.zst 0,0,0,0,2967625124,1327342172
L6/02/d8.zst 0,0,0,0,2968198469,1326768827
L6/02/cf.zst 587584282,400101702,869458487,533119862,578127314,1326575649
L6/02/db.zst 0,0,0,0,2968229429,1326737867
L6/02/dd.zst 0,0,0,0,2967942087,1327025209
L6/02/d4.zst 0,0,0,0,2967590349,1327376947
L6/02/de.zst 0,0,0,0,2967962546,1327004750
L6/02/e1.zst 4584634,2054526,8942292,2291193365,551528990,1436663489
L6/02/dc.zst 0,0,0,0,2968258136,1326709160
L6/02/e2.zst 157481657,39700230,136250939,1757931276,609925490,1593677704
L6/02/e4.zst 187262562,13638905,141543103,1825964789,576725692,1549832245
L6/02/d9.zst 0,0,0,0,2968223988,1326743308
L6/02/e6.zst 0,0,1851521406,519096151,543382634,1380967105
L6/02/e0.zst 117468168,2103802,22832949,2363885540,564943380,1223733457
L6/02/e8.zst 0,0,0,0,0,4294967296
L6/02/ec.zst 0,0,0,0,0,4294967296
L6/02/e7.zst 0,0,1851526923,516878804,542758537,1383803032
L6/02/e9.zst 0,0,0,0,0,4294967296
L6/02/ee.zst 0,0,0,0,0,4294967296
L6/02/e3.zst 203038120,16501309,133657158,1798476573,584562391,1558731745
L6/02/f0.zst 0,4294967296,0,0,0,0
L6/02/f1.zst 0,4294967296,0,0,0,0
L6/02/f2.zst 0,4294967296,0,0,0,0
L6/02/f3.zst 0,4294967296,0,0,0,0
L6/02/f5.zst 0,4294967296,0,0,0,0
L6/02/f7.zst 0,4294967296,0,0,0,0
L6/02/f8.zst 0,4294967296,0,0,0,0
L6/02/eb.zst 0,0,0,0,0,4294967296
L6/02/ed.zst 0,0,0,0,0,4294967296
L6/02/f9.zst 0,4294967296,0,0,0,0
L6/02/fb.zst 0,4294967296,0,0,0,0
L6/02/f4.zst 0,4294967296,0,0,0,0
L6/02/fd.zst 0,4294967296,0,0,0,0
L6/02/fe.zst 0,4294967296,0,0,0,0
L6/03/01.zst 585469074,400099236,863597966,568327881,554899259,1322573880
L6/03/02.zst 585416115,400091076,863607447,568038515,554913192,1322900951
L6/03/07.zst 585415752,400091060,863551869,567159443,554789796,1323959376
L6/02/ff.zst 0,4294967296,0,0,0,0
L6/03/06.zst 585415752,400091060,863575965,567600351,554951175,1323332993
L6/03/08.zst 585415752,400091060,863692930,566653111,554646689,1324467754
L6/03/05.zst 585415758,400091060,863552594,567707581,554917922,1323282381
L6/03/00.zst 610561978,408501524,846571983,560767596,556050746,1312513469
L6/03/0a.zst 585416244,400091060,863649210,566582204,554656575,1324572003
L6/03/0d.zst 585415752,400091060,863551755,566608343,554690729,1324609657
L6/03/0c.zst 585415752,400091060,863609830,566652088,554643728,1324554838
L6/03/04.zst 585415752,400091060,863592533,567844523,554923427,1323100001
L6/03/11.zst 0,0,1660743776,538774880,545892605,1549556035
L6/03/12.zst 0,0,1660795780,538362652,545909487,1549899377
L6/03/13.zst 0,0,1673299987,526381061,545950587,1549335661
L6/03/0f.zst 585417296,400091060,863585520,566303267,554585149,1324985004
L6/03/16.zst 0,0,1660796414,537185170,545821532,1551164180
L6/03/17.zst 0,0,1660657205,537393134,546093286,1550823671
L6/03/0b.zst 585415758,400091060,863606207,566557171,554659297,1324637803
L6/03/18.zst 0,0,1669047911,551021206,552485874,1522412305
L6/03/10.zst 585415748,400091060,903934403,558059591,559686749,1287779745
L6/03/1b.zst 0,0,1661525162,552183679,553190197,1528068258
L6/03/1c.zst 0,0,1661630331,554093336,553618980,1525624649
L6/03/1a.zst 0,0,1661619001,554160485,553410003,1525777807
L6/03/1e.zst 0,0,1668443179,551693020,553052220,1521778877
L6/03/21.zst 0,0,1660226093,531989892,576022083,1526729228
L6/03/15.zst 0,0,1660654867,537460698,545775747,1551075984
L6/03/22.zst 0,0,1660275064,529901233,576626270,1528164729
L6/03/24.zst 0,0,1660232031,529466135,576715655,1528553475
L6/03/26.zst 0,0,1660116666,526423694,577634940,1530791996
L6/03/28.zst 0,0,1660083564,527010964,575895863,1531976905
L6/03/23.zst 0,0,1665790351,524748003,576321372,1528107570
L6/03/1d.zst 0,0,1661423386,552361797,555252643,1525929470
L6/03/2a.zst 0,0,1660034933,524188230,576434734,1534309399
L6/03/2b.zst 0,0,1660046369,523703166,575603243,1535614518
L6/03/20.zst 585418818,400091060,863282063,540707988,576828746,1328638621
L6/03/2c.zst 0,0,1660086802,526067117,576387498,1532425879
L6/03/30.zst 587599882,400101782,869419752,554363233,554692613,1328790034
L6/03/31.zst 0,0,1668501821,562670732,550189218,1513605525
L6/03/2d.zst 0,0,1660044934,522621770,576936183,1535364409
L6/03/33.zst 0,0,1669254459,557622595,550267610,1517822632
L6/03/27.zst 0,0,1660046725,527791759,575869417,1531259395
L6/03/35.zst 0,0,1668444831,556028896,550247637,1520245932
L6/03/36.zst 0,0,1668455711,552707386,549340597,1524463602
L6/03/38.zst 0,0,1668422276,555561292,548995246,1521988482
L6/03/2f.zst 0,0,1660044083,526287190,576986703,1531649320
L6/03/3c.zst 0,0,1668436332,550782454,550296263,1525452247
L6/03/37.zst 0,0,1668427099,555317034,548906029,1522317134
L6/03/3b.zst 0,0,1668456402,550164802,548822983,1527523109
L6/03/32.zst 0,0,1668480622,558531460,550690817,1517264397
L6/03/3d.zst 0,0,1668433946,552974706,549352025,1524206619
L6/03/40.zst 0,0,1681729475,540093060,552785318,1520359443
L6/03/42.zst 3091644,1520374,1676797467,530408813,553443477,1529705521
L6/03/44.zst 2777347,1553558,1677069339,525593464,552963259,1535010329
L6/03/39.zst 0,0,1668421376,553869494,549431552,1523244874
L6/03/41.zst 0,0,1681111954,538845273,552696079,1522313990
L6/03/46.zst 587615848,400101878,904612213,569737958,564994806,1267904593
L6/03/47.zst 587615852,400101878,904601521,569924339,565178749,1267544957
L6/03/48.zst 587615852,400101878,909865230,570787985,566364426,1260231925
L6/03/4c.zst 587615852,400101878,909857966,570828858,566427284,1260135458
L6/03/3f.zst 0,0,1668434956,552519011,549547415,1524465914
L6/03/43.zst 2794450,1553206,1677066923,527745219,553103199,1532704299
L6/03/4e.zst 587615852,400101878,909849176,570989176,566492000,1259919214
L6/03/4d.zst 587615852,400101878,909849203,570803873,566470317,1260126173
L6/03/4b.zst 587615852,400101878,909861737,570855213,566453787,1260078829
L6/03/50.zst 16,16,11618007,2320722557,545486950,1417139750
L6/03/53.zst 2844008,1696194,3744892,2581192794,515923712,1189565696
L6/03/54.zst 2832833,1653826,3752119,2573441094,514740736,1198546688
L6/03/49.zst 587615852,400101878,909856509,570634044,566338741,1260420272
L6/03/57.zst 585415752,400091060,863317519,524040585,544220130,1377882250
L6/03/55.zst 3018933,1597184,3705092,2578998599,507104256,1200543232
L6/03/58.zst 585415752,400091060,372471727,325556153,289858407,2321574197
L6/03/59.zst 585415752,400091060,372473039,315302763,286393427,2335291255
L6/03/5c.zst 585418675,400091286,369523654,319531952,287362592,2333039137
L6/03/52.zst 3168825,1545684,3691912,2611389035,507662848,1167508992
L6/03/51.zst 0,0,226165,2426176916,556050746,1312513469
L6/03/5e.zst 585416080,400091060,369520641,318456240,286468632,2335014643
L6/03/5f.zst 585416094,400091124,369526973,331288823,289812297,2318831985
L6/03/61.zst 0,0,1664408607,458845167,530656997,1641056525
L6/03/5d.zst 585417114,400091094,369524086,319549863,287756582,2332628557
L6/03/64.zst 2766289,1553526,1660880934,470848266,534665270,1624253011
L6/03/65.zst 2962353,1531382,1660791245,472202951,535390228,1622089137
L6/03/67.zst 585415752,400091060,860315241,520569317,540916585,1387659341
L6/03/5a.zst 585416467,400091098,369553652,320149127,287000578,2332756374
L6/03/69.zst 585415752,400091060,871512922,538715995,549520009,1349711558
L6/03/68.zst 585415752,400091060,871514727,534913777,548251765,1354780215
L6/03/6b.zst 585416267,400091097,863255181,557420130,555392015,1333392606
L6/03/6a.zst 585416317,400091092,863301230,556429754,554672577,1335056326
L6/03/62.zst 3074234,1520342,1660687454,468176659,534231150,1627277457
L6/03/63.zst 2776328,1553174,1660807181,469521011,534186550,1626123052
L6/03/6e.zst 585416078,400091060,863250578,561105322,555158340,1329945918
L6/03/72.zst 585432272,400091220,868528642,565862114,555490102,1319562946
L6/03/70.zst 4294967296,0,0,0,0,0
L6/03/75.zst 1598437712,290340452,1229382927,412174541,300805595,463826069
L6/03/6f.zst 585417064,400091124,863283476,566677784,555656851,1323840997
L6/03/76.zst 4294967296,0,0,0,0,0
L6/03/77.zst 4294967296,0,0,0,0,0
L6/03/6d.zst 585416434,400091124,863298083,559842089,555158333,1331161233
L6/03/79.zst 667671003,391586324,1026482358,570130805,525696368,1113400438
L6/03/7c.zst 4294967296,0,0,0,0,0
L6/03/7b.zst 1598437718,290340452,1229387862,412172891,300805370,463823003
L6/03/73.zst 667671003,391586324,1026483874,569848446,525678846,1113698803
L6/03/7a.zst 875974492,371989988,1241113460,503777782,458802896,843308678
L6/03/7f.zst 667721919,391594708,1026543565,567422884,526344087,1115340133
L6/03/74.zst 875974492,371989988,1241116409,503573712,458803821,843508874
L6/03/80.zst 4294967296,0,0,0,0,0
L6/03/81.zst 4294967296,0,0,0,0,0
L6/03/85.zst 1598437712,290340452,649592176,527455641,433286647,795854668
L6/03/84.zst 875974492,371989988,819394725,563850719,539474240,1124283132
L6/03/87.zst 4294967296,0,0,0,0,0
L6/03/88.zst 585432272,400091220,863294688,568415926,555281946,1322451244
L6/03/7e.zst 585432272,400091220,868523728,565418402,555468403,1320033271
L6/03/8a.zst 875974492,371989988,819393225,563096650,539473704,1125039237
L6/03/82.zst 585432272,400091220,863296039,568885443,555283071,1321979251
L6/03/8c.zst 4294967296,0,0,0,0,0
L6/03/8d.zst 4294967296,0,0,0,0,0
L6/03/90.zst 3985009,2054750,8159526,2346249661,556924095,1377594255
L6/03/8b.zst 1598437712,290340452,649592843,526840759,433265333,796490197
L6/03/86.zst 4294967296,0,0,0,0,0
L6/03/92.zst 4106769,2075993,7924694,2198760289,581644519,1500455032
L6/03/94.zst 4753421,2328746,8617588,2247063697,564597753,1467606091
L6/03/95.zst 4499819,2427079,9090732,2240137307,569730491,1469081868
L6/03/98.zst 0,0,0,0,0,4294967296
L6/03/9a.zst 0,0,0,0,0,4294967296
L6/03/9b.zst 0,0,0,0,0,4294967296
L6/03/8f.zst 667672207,391586324,843744595,569314281,551176602,1271473287
L6/03/96.zst 0,0,1852153794,533529443,547992320,1361291739
L6/03/9c.zst 0,0,0,0,0,4294967296
L6/03/91.zst 3724510,2054542,7795661,2199293032,581644519,1500455032
L6/03/9e.zst 0,0,0,0,0,4294967296
L6/03/9f.zst 0,0,0,0,0,4294967296
L6/03/a2.zst 3812901,2061842,7955947,2099184268,531570767,1650381571
L6/03/97.zst 0,0,1852152234,530516349,547318211,1364980502
L6/03/a6.zst 0,0,1846660245,502968414,536962641,1408375996
L6/03/a5.zst 4576085,2426553,9186944,2208342875,495094635,1575340204
L6/03/a1.zst 3720678,2054542,7796014,2369157797,542461913,1369776352
L6/03/a7.zst 0,0,1846689693,501004678,536590440,1410682485
L6/03/a0.zst 3985967,2054782,8180388,2372014177,542622544,1366109438
L6/03/aa.zst 0,0,0,0,0,4294967296
L6/03/ab.zst 0,0,0,0,0,4294967296
L6/03/ad.zst 0,0,0,0,0,4294967296
L6/03/a3.zst 4579433,2247503,8245407,2182416881,505743228,1591734844
L6/03/ac.zst 0,0,0,0,0,4294967296
L6/03/b0.zst 587599890,400101782,869309369,530101771,547181531,1360672953
L6/03/b1.zst 587615852,400101878,869197951,525425391,546713939,1365912285
L6/03/b2.zst 587615852,400101878,869182370,523536769,548687949,1365842478
L6/03/a9.zst 0,0,0,0,0,4294967296
L6/03/b6.zst 587615852,400101878,869245234,521381405,548127893,1368495034
L6/03/b7.zst 587615852,400101878,869270227,524024120,548457699,1365497520
L6/03/b8.zst 587615852,400101878,869306807,531492901,547479066,1358970792
L6/03/b4.zst 587615852,400101878,869182778,523097185,547613161,1367356442
L6/03/bb.zst 585426992,400091280,870678036,540234642,554900542,1343635804
L6/03/af.zst 0,0,0,0,0,4294967296
L6/03/bc.zst 585433702,400091092,870682990,543391056,554705648,1340662808
L6/03/bd.zst 585433002,400091092,870670137,542028709,555271010,1341473346
L6/03/b3.zst 587615852,400101878,869173282,520593156,547225298,1370257830
L6/03/c0.zst 0,0,1674984133,539760375,553944444,1526278344
L6/03/c2.zst 3074234,1520342,1668956931,522887573,554628253,1543899963
L6/03/be.zst 585415918,400091060,870757206,542563496,554901757,1341237859
L6/03/c3.zst 2776328,1553174,1669759907,521885853,554514238,1544477796
L6/03/c6.zst 585415750,400091060,868135117,534470371,572952345,1333902653
L6/03/ba.zst 585441388,400091672,870673554,541953678,554860065,1341946939
L6/03/c7.zst 585415752,400091060,868140960,534858215,573193232,1333268077
L6/03/c9.zst 585415752,400091060,870852181,535071188,573938192,1329598923
L6/03/cb.zst 585415752,400091060,870858987,535006921,574871802,1328722774
L6/03/c8.zst 585415752,400091060,870855241,534993529,573875081,1329736633
L6/03/c1.zst 0,0,1672631175,522973672,560557827,1538804622
L6/03/cd.zst 585415752,400091060,870854188,534329291,575259704,1329017301
L6/03/ce.zst 585431710,400091156,870845988,534308817,575526057,1328763568
L6/03/c4.zst 2766289,1553526,1669860162,521106687,555558367,1544122265
L6/03/d0.zst 0,0,0,0,2967838962,1327128334
L6/03/d4.zst 0,0,0,0,2967457127,1327510169
L6/03/d3.zst 0,0,0,0,2968060965,1326906331
L6/03/d1.zst 0,0,0,0,2967779481,1327187815
L6/03/d7.zst 0,0,0,0,2967490418,1327476878
L6/03/cc.zst 585415752,400091060,870856931,534631608,574814448,1329157497
L6/03/d8.zst 0,0,0,0,2968056760,1326910536
L6/03/d9.zst 0,0,0,0,2968090316,1326876980
L6/03/db.zst 0,0,0,0,2968089246,1326878050
L6/03/d2.zst 0,0,0,0,2967943576,1327023720
L6/03/de.zst 0,0,0,0,2967799151,1327168145
L6/03/df.zst 0,0,0,0,2971605318,1323361978
L6/03/da.zst 0,0,0,0,2967961312,1327005984
L6/03/d5.zst 0,0,0,0,2967390188,1327577108
L6/03/e0.zst 117470124,2103786,22780232,2363939325,564935218,1223738611
L6/03/e3.zst 203037462,16501293,133665238,1798220823,584530283,1559012197
L6/03/e4.zst 187262548,13638889,141556020,1825653041,576698707,1550158091
L6/03/e7.zst 0,0,1851474052,516686485,542738618,1384068141
L6/03/e9.zst 0,0,0,0,0,4294967296
L6/03/dd.zst 0,0,0,0,2967814910,1327152386
L6/03/e5.zst 167424252,18555483,155307697,1825342224,574386967,1553950673
L6/03/ea.zst 0,0,0,0,0,4294967296
L6/03/eb.zst 0,0,0,0,0,4294967296
L6/03/ed.zst 0,0,0,0,0,4294967296
L6/03/e2.zst 157480619,39700214,136264619,1757668215,609894076,1593959553
L6/03/f0.zst 0,4294967296,0,0,0,0
L6/03/f1.zst 0,4294967296,0,0,0,0
L6/03/e6.zst 0,0,1851469984,518946663,543373692,1381176957
L6/03/f3.zst 0,4294967296,0,0,0,0
L6/03/ef.zst 0,0,0,0,0,4294967296
L6/03/f6.zst 0,4294967296,0,0,0,0
L6/03/f5.zst 0,4294967296,0,0,0,0
L6/03/fa.zst 0,4294967296,0,0,0,0
L6/03/fc.zst 0,4294967296,0,0,0,0
L6/03/fb.zst 0,4294967296,0,0,0,0
L6/03/f8.zst 0,4294967296,0,0,0,0
L6/03/fd.zst 0,4294967296,0,0,0,0
L6/03/ee.zst 0,0,0,0,0,4294967296
L6/03/ff.zst 0,4294967296,0,0,0,0
L6/03/f4.zst 0,4294967296,0,0,0,0
L6/04/00.zst 610561965,408501524,846634226,560686057,556046893,1312536631
L6/04/04.zst 585415739,400091060,864185380,567260421,554922227,1323092469
L6/04/06.zst 585415739,400091060,863614693,567521926,554939628,1323384250
L6/04/02.zst 585416102,400091076,863672698,567939549,554907463,1322940408
L6/04/09.zst 585415739,400091060,863597262,566622009,554639922,1324601304
L6/04/0a.zst 585416231,400091060,863696137,566496864,554649410,1324617594
L6/04/0b.zst 585415745,400091060,863627604,566501348,554645577,1324685962
L6/04/0e.zst 585415747,400091060,863682188,566463893,554649605,1324664803
L6/04/03.zst 585415740,400091060,863595312,567795766,554910289,1323159129
L6/04/0f.zst 585417283,400091060,863628542,566223857,554578338,1325028216
L6/04/10.zst 585415735,400091060,903946333,558005671,559686587,1287821910
L6/04/05.zst 585415745,400091060,863599617,567635707,554916116,1323309051
L6/04/0d.zst 585415739,400091060,863593990,566505187,554685546,1324675774
L6/04/07.zst 585415739,400091060,863594114,567094823,554783258,1323988302
L6/04/12.zst 0,0,1660898951,538241971,545902934,1549923440
L6/04/15.zst 0,0,1660737309,537435176,545817756,1550977055
L6/04/14.zst 0,0,1673341312,526526282,545918744,1549180958
L6/04/1a.zst 0,0,1661620502,554038972,553367967,1525939855
L6/04/1b.zst 0,0,1661527996,552136169,553192982,1528110149
L6/04/17.zst 0,0,1660657547,537416510,546127322,1550765917
L6/04/1c.zst 0,0,1661471658,554080447,553597015,1525818176
L6/04/1d.zst 0,0,1661427194,552241583,555218065,1526080454
L6/04/13.zst 0,0,1660763297,537732845,545840764,1550630390
L6/04/1f.zst 0,0,1660880438,558394512,553626358,1522065988
L6/04/21.zst 0,0,1660308425,531895865,576037327,1526725679
L6/04/16.zst 0,0,1660632572,537223654,545673755,1551437315
L6/04/22.zst 0,0,1660889747,529388600,576687304,1528001645
L6/04/18.zst 0,0,1669140937,550905176,552486439,1522434744
L6/04/20.zst 585418805,400091060,863332143,540628508,576794864,1328701916
L6/04/25.zst 0,0,1660111357,526243016,576250055,1532362868
L6/04/26.zst 0,0,1660096137,526205039,577415062,1531251058
L6/04/28.zst 0,0,1660174859,527119415,575945843,1531727179
L6/04/2c.zst 0,0,1660083327,525789172,576398507,1532696290
L6/04/2d.zst 0,0,1660035919,522437121,576866448,1535627808
L6/04/2e.zst 0,0,1660066777,525826387,576874919,1532199213
L6/04/2b.zst 0,0,1660074848,523545157,575596121,1535751170
L6/04/24.zst 0,0,1666250093,524307045,576766141,1527644017
L6/04/30.zst 587599869,400101782,869454876,554268829,554715845,1328826095
L6/04/32.zst 0,0,1668505307,558433404,550680248,1517348337
L6/04/31.zst 0,0,1668533866,562563232,550174218,1513695980
L6/04/27.zst 0,0,1660080194,527767137,575944075,1531175890
L6/04/2a.zst 0,0,1660067524,524091645,576388462,1534419665
L6/04/36.zst 0,0,1668490497,552644457,549354433,1524477909
L6/04/34.zst 0,0,1669286233,557597628,549488069,1518595366
L6/04/37.zst 0,0,1668464226,555152654,548927074,1522423342
L6/04/38.zst 0,0,1668461314,555499622,548991718,1522014642
L6/04/3c.zst 0,0,1668639321,550588301,550291818,1525447856
L6/04/3e.zst 0,0,1668433866,550822643,548899060,1526811727
L6/04/40.zst 0,0,1681955858,539917956,552770642,1520322840
L6/04/35.zst 0,0,1668496349,556030762,550263697,1520176488
L6/04/41.zst 0,0,1681121632,538731823,552638027,1522475814
L6/04/3d.zst 0,0,1668469546,552938317,549344353,1524215080
L6/04/42.zst 3091644,1520374,1676789705,530391560,553441238,1529732775
L6/04/39.zst 0,0,1668449628,553827576,549416943,1523273149
L6/04/44.zst 2777347,1553558,1677078886,525493204,552915013,1535149288
L6/04/3b.zst 0,0,1668488537,550056215,548807817,1527614727
L6/04/46.zst 587615835,400101878,904613629,569697428,564993919,1267944607
L6/04/48.zst 587615839,400101878,909866000,570738901,566362424,1260282254
L6/04/4b.zst 587615839,400101878,909862867,570806900,566452512,1260127300
L6/04/4d.zst 587615839,400101878,909851192,570760468,566469999,1260167920
L6/04/47.zst 587615839,400101878,904603675,569881192,565174906,1267589806
L6/04/4e.zst 587615839,400101878,909850315,570945013,566490864,1259963387
L6/04/45.zst 2972055,1531414,1677217345,524295123,552962646,1535988713
L6/04/50.zst 18,0,12461946,2319878632,545486950,1417139750
L6/04/51.zst 0,0,226060,2426157712,556046893,1312536631
L6/04/53.zst 2844008,1696194,3738237,2580420697,516080896,1190187264
L6/04/52.zst 3168825,1545684,3693268,2611673375,507729920,1167156224
L6/04/4a.zst 587615839,400101878,909856624,570616639,566345393,1260430923
L6/04/57.zst 585415739,400091060,863359851,523993308,544225221,1377882117
L6/04/56.zst 585415737,400091060,863313376,527334859,544563383,1374248881
L6/04/4c.zst 587615839,400101878,909859569,570750255,566425933,1260213822
L6/04/58.zst 585415739,400091060,372470172,325500678,289853063,2321636584
L6/04/5c.zst 585418662,400091286,369524975,319498658,287365894,2333067821
L6/04/5d.zst 585417101,400091094,369524053,319499615,287755233,2332680200
L6/04/55.zst 3018933,1597184,3708110,2579776893,506789376,1200076800
L6/04/5f.zst 585416081,400091124,369526932,331188788,289814097,2318930274
L6/04/5a.zst 585416454,400091098,369553588,320108411,286994211,2332803534
L6/04/61.zst 0,0,1664416896,458670014,530661857,1641218529
L6/04/62.zst 3074234,1520342,1660719540,468329944,534435834,1626887402
L6/04/64.zst 2766289,1553526,1660902238,470980383,534735928,1624028932
L6/04/67.zst 585415739,400091060,860351610,520512095,540917111,1387679681
L6/04/5b.zst 585416916,400091261,369519247,319918714,287142333,2332878825
L6/04/5e.zst 585416067,400091060,369519232,318381484,286466554,2335092899
L6/04/68.zst 585415739,400091060,871557645,534845656,548224464,1354832732
L6/04/65.zst 2962353,1531382,1660813119,472411692,535341007,1621907743
L6/04/69.zst 585415739,400091060,871556301,538627107,549505577,1349771512
L6/04/6b.zst 585416254,400091097,863298234,557339147,555391503,1333431061
L6/04/6e.zst 585416065,400091060,863293162,561027067,555146091,1329993851
L6/04/63.zst 2776328,1553174,1660829907,468659138,534228876,1626919873
L6/04/70.zst 4294967296,0,0,0,0,0
L6/04/72.zst 585432259,400091220,868569736,565814325,555483255,1319576501
L6/04/6f.zst 585417039,400091124,863325213,566602577,555655083,1323876260
L6/04/73.zst 667671003,391586324,1026607173,569713783,525672243,1113716770
L6/04/75.zst 1598437700,290340452,1229384748,412171604,300805703,463827089
L6/04/76.zst 4294967296,0,0,0,0,0
L6/04/6c.zst 585416489,400091094,863340568,558828604,555216141,1332074400
L6/04/6d.zst 585416421,400091124,863341569,559757887,555142323,1331217972
L6/04/79.zst 667671003,391586324,1026604167,569996123,525690601,1113419078
L6/04/7a.zst 875974480,371989988,1241051052,503835230,458804546,843312000
L6/04/7b.zst 1598437706,290340452,1229389034,412170495,300805505,463824104
L6/04/78.zst 585432259,400091220,868577315,566129902,555507813,1319228787
L6/04/7f.zst 667721919,391594708,1026666719,567289309,526337210,1115357431
L6/04/74.zst 875974480,371989988,1241054131,503630653,458805451,843512593
L6/04/80.zst 4294967296,0,0,0,0,0
L6/04/81.zst 4294967296,0,0,0,0,0
L6/04/84.zst 875974480,371989988,819410594,563761354,539492882,1124337998
L6/04/82.zst 585432259,400091220,863358975,568787890,555277370,1322019582
L6/04/86.zst 4294967296,0,0,0,0,0
L6/04/87.zst 4294967296,0,0,0,0,0
L6/04/7e.zst 585432259,400091220,868567515,565386180,555475079,1320015043
L6/04/89.zst 667671003,391586324,843797455,584342455,554546811,1253023248
L6/04/7d.zst 4294967296,0,0,0,0,0
L6/04/8c.zst 4294967296,0,0,0,0,0
L6/04/8b.zst 1598437700,290340452,649598893,526829483,433262692,796498076
L6/04/8a.zst 875974480,371989988,819407747,563009824,539490629,1125094628
L6/04/8f.zst 667672207,391586324,843757786,569260949,551182269,1271507761
L6/04/91.zst 3724510,2054542,7795422,2198995259,581723668,1500673895
L6/04/92.zst 4106769,2075993,7925182,2198461789,581723668,1500673895
L6/04/85.zst 1598437700,290340452,649598109,527437576,433284138,795869321
L6/04/95.zst 4499819,2427079,9091263,2239922277,569766694,1469260164
L6/04/96.zst 0,0,1852195183,533381795,547971092,1361419226
L6/04/97.zst 0,0,1852192458,530398256,547305086,1365071496
L6/04/94.zst 4753421,2328746,8618121,2246371119,564467010,1468428879
L6/04/8e.zst 585432267,400091220,863324228,557903815,552382686,1335833080
L6/04/9a.zst 0,0,0,0,0,4294967296
L6/04/90.zst 3984655,2054750,8173203,2345934978,556955430,1377864280
L6/04/9b.zst 0,0,0,0,0,4294967296
L6/04/9c.zst 0,0,0,0,0,4294967296
L6/04/a0.zst 3985019,2054782,8163336,2368525894,542461913,1369776352
L6/04/9d.zst 0,0,0,0,0,4294967296
L6/04/a2.zst 3812901,2061842,7956622,2098913198,531495806,1650726927
L6/04/a3.zst 4579433,2247503,8245745,2181871119,505564532,1592458964
L6/04/98.zst 0,0,0,0,0,4294967296
L6/04/a5.zst 4576085,2426553,9187513,2208024096,495046255,1575706794
L6/04/a7.zst 0,0,1846729521,500785642,536553292,1410898841
L6/04/a8.zst 0,0,0,0,0,4294967296
L6/04/9e.zst 0,0,0,0,0,4294967296
L6/04/a1.zst 3720678,2054542,7796578,2366070453,542297159,1373027886
L6/04/ab.zst 0,0,0,0,0,4294967296
L6/04/a6.zst 0,0,1846700654,502786912,536926778,1408552952
L6/04/ac.zst 0,0,0,0,0,4294967296
L6/04/ad.zst 0,0,0,0,0,4294967296
L6/04/b1.zst 587615839,400101878,869365234,525210831,546645662,1366027852
L6/04/b3.zst 587615839,400101878,869195114,520308993,547302823,1370442649
L6/04/b4.zst 587615839,400101878,869276598,522998380,547583186,1367391415
L6/04/a9.zst 0,0,0,0,0,4294967296
L6/04/b2.zst 587615839,400101878,869302911,523357525,548797361,1365791782
L6/04/b6.zst 587615839,400101878,869203897,521228967,548099398,1368717317
L6/04/b7.zst 587615839,400101878,869298258,524243960,548486931,1365220430
L6/04/b8.zst 587615839,400101878,869350553,531404499,547467443,1359027084
L6/04/ae.zst 0,0,0,0,0,4294967296
L6/04/b0.zst 587599879,400101782,869352177,530143318,547218859,1360551281
L6/04/bc.zst 585433689,400091092,870775560,543317692,554681077,1340668186
L6/04/bd.zst 585432989,400091092,870677978,541851315,555348924,1341564998
L6/04/be.zst 585415905,400091060,870717799,542458431,554862845,1341421256
L6/04/bb.zst 585426979,400091280,870701126,540253069,555129010,1343365832
L6/04/c2.zst 3074234,1520342,1668935858,522800144,554699722,1543936996
L6/04/c3.zst 2776328,1553174,1669761781,521765419,554491479,1544619115
L6/04/c4.zst 2766289,1553526,1669877303,521092071,555499990,1544178117
L6/04/b9.zst 587599893,400101788,869352726,529440137,547967991,1360504761
L6/04/c8.zst 585415739,400091060,870899156,534934834,573874091,1329752416
L6/04/c7.zst 585415739,400091060,868178039,534816201,573176494,1333289763
L6/04/c9.zst 585415739,400091060,870895088,534974411,573936006,1329654992
L6/04/c5.zst 2962353,1531382,1669409056,521600938,556284496,1543179071
L6/04/bf.zst 585415735,400091060,870820044,546825521,555879575,1335935361
L6/04/c1.zst 0,0,1672636189,522552646,560514048,1539264413
L6/04/cc.zst 585415739,400091060,870898898,534221286,575158375,1329181938
L6/04/ce.zst 585431697,400091156,870885109,534229641,575524245,1328805448
L6/04/cd.zst 585415739,400091060,870896386,534251199,575246487,1329066425
L6/04/cf.zst 587583915,400101686,869447685,532947037,578134587,1326752386
L6/04/d3.zst 0,0,0,0,2968000469,1326966827
L6/04/d4.zst 0,0,0,0,2967449674,1327517622
L6/04/d5.zst 0,0,0,0,2967361243,1327606053
L6/04/ca.zst 585415739,400091060,870897776,534925619,574051129,1329585973
L6/04/d8.zst 0,0,0,0,2968022613,1326944683
L6/04/d9.zst 0,0,0,0,2968038153,1326929143
L6/04/da.zst 0,0,0,0,2967918295,1327049001
L6/04/d7.zst 0,0,0,0,2967469838,1327497458
L6/04/d1.zst 0,0,0,0,2967740481,1327226815
L6/04/dd.zst 0,0,0,0,2967762134,1327205162
L6/04/d2.zst 0,0,0,0,2967898807,1327068489
L6/04/de.zst 0,0,0,0,2967731556,1327235740
L6/04/df.zst 0,0,0,0,2971573366,1323393930
L6/04/e3.zst 203037466,16501293,133666523,1798075350,584525604,1559161060
L6/04/e5.zst 167424240,18555483,155318361,1825146440,574356181,1554166591
L6/04/e0.zst 117468198,2103786,22789970,2363915100,564939781,1223750461
L6/04/db.zst 0,0,0,0,2968050662,1326916634
L6/04/e6.zst 0,0,1851512698,518848737,543361543,1381244318
L6/04/e8.zst 0,0,0,0,0,4294967296
L6/04/e9.zst 0,0,0,0,0,4294967296
L6/04/ec.zst 0,0,0,0,0,4294967296
L6/04/e1.zst 4584632,2054526,8942209,2291013779,551506954,1436865196
L6/04/ea.zst 0,0,0,0,0,4294967296
L6/04/ee.zst 0,0,0,0,0,4294967296
L6/04/e4.zst 187262548,13638889,141548348,1825469255,576662386,1550385870
L6/04/ef.zst 0,0,0,0,0,4294967296
L6/04/f0.zst 0,4294967296,0,0,0,0
L6/04/f4.zst 0,4294967296,0,0,0,0
L6/04/f6.zst 0,4294967296,0,0,0,0
L6/04/f3.zst 0,4294967296,0,0,0,0
L6/04/f8.zst 0,4294967296,0,0,0,0
L6/04/eb.zst 0,0,0,0,0,4294967296
L6/04/f9.zst 0,4294967296,0,0,0,0
L6/04/fa.zst 0,4294967296,0,0,0,0
L6/04/fc.zst 0,4294967296,0,0,0,0
L6/04/fd.zst 0,4294967296,0,0,0,0
L6/05/00.zst 610561971,408501524,846568083,560589146,556071785,1312674787
L6/04/f5.zst 0,4294967296,0,0,0,0
L6/04/f2.zst 0,4294967296,0,0,0,0
L6/05/01.zst 585469067,400099236,863598870,568142678,554924170,1322733275
L6/04/fe.zst 0,4294967296,0,0,0,0
L6/05/04.zst 585415745,400091060,863596177,567648526,554942539,1323273249
L6/05/05.zst 585415751,400091060,864100767,567023025,554950107,1323386586
L6/05/08.zst 585415745,400091060,863701468,566452821,554668587,1324637615
L6/05/02.zst 585416108,400091076,863601810,567855727,554930376,1323072199
L6/05/0c.zst 585415745,400091060,863604404,566425684,554661728,1324768675
L6/05/0b.zst 585415751,400091060,863584435,566373895,554678776,1324823379
L6/05/0d.zst 585415745,400091060,863550225,566382161,554713835,1324814270
L6/05/10.zst 585415741,400091060,903932764,557962410,559692812,1287872509
L6/05/11.zst 0,0,1660741712,538637101,545880062,1549708421
L6/05/0e.zst 585415753,400091060,863633807,566323923,554683619,1324819134
L6/05/12.zst 0,0,1660715631,538357509,545916330,1549977826
L6/05/06.zst 585415745,400091060,863572377,567411337,554976246,1323500531
L6/05/14.zst 0,0,1660785810,537948020,545808700,1550424766
L6/05/07.zst 585415745,400091060,863554815,566969089,554819211,1324117376
L6/05/0a.zst 585416237,400091060,863654291,566388136,554682896,1324734676
L6/05/15.zst 0,0,1673286168,525803199,545896360,1549981569
L6/05/17.zst 0,0,1660659615,537303369,546094005,1550910307
L6/05/16.zst 0,0,1660706300,537028793,545717151,1551515052
L6/05/1a.zst 0,0,1661785940,553890136,553409436,1525881784
L6/05/1d.zst 0,0,1661421870,552266578,555257405,1526021443
L6/05/1e.zst 0,0,1668442871,551569383,553039407,1521915635
L6/05/21.zst 0,0,1660221232,531615258,575969730,1527161076
L6/05/23.zst 0,0,1660263495,529054071,576373653,1529276077
L6/05/22.zst 0,0,1660212117,530225642,576711157,1527818380
L6/05/18.zst 0,0,1668958964,550910619,552467292,1522630421
L6/05/20.zst 585418811,400091060,863280087,540517726,576822400,1328837212
L6/05/25.zst 0,0,1665808583,521259101,576172740,1531726872
L6/05/1c.zst 0,0,1661457889,553999401,553630966,1525879040
L6/05/1b.zst 0,0,1661516557,552105643,553197950,1528147146
L6/05/26.zst 0,0,1660084398,526270826,577794980,1530817092
L6/05/27.zst 0,0,1660047248,527694142,575917765,1531308141
L6/05/2b.zst 0,0,1660054744,523395798,575562997,1535953757
L6/05/2e.zst 0,0,1660007059,525756572,576864294,1532339371
L6/05/2f.zst 0,0,1660047332,526105552,577077979,1531736433
L6/05/2a.zst 0,0,1660082160,524085188,576447849,1534352099
L6/05/31.zst 0,0,1668499019,562538657,550184647,1513744973
L6/05/32.zst 0,0,1668478496,558432544,550709512,1517346744
L6/05/33.zst 0,0,1668453027,557393176,550173640,1518947453
L6/05/28.zst 0,0,1660089070,526926537,575901941,1532049748
L6/05/36.zst 0,0,1668466431,552691367,549371249,1524438249
L6/05/2c.zst 0,0,1660024981,525496843,576386444,1533059028
L6/05/37.zst 0,0,1668423726,555240973,548904829,1522397768
L6/05/34.zst 0,0,1668446581,557430362,549379094,1519711259
L6/05/2d.zst 0,0,1660003070,522327336,576924810,1535712080
L6/05/38.zst 0,0,1668420352,555471701,549013806,1522061437
L6/05/3b.zst 0,0,1668432704,550078287,548818610,1527637695
L6/05/3d.zst 0,0,1668426056,552922760,549189813,1524428667
L6/05/41.zst 0,0,1681297037,538627662,552696613,1522345984
L6/05/42.zst 3091644,1520374,1676783899,530271750,553476810,1529822819
L6/05/3e.zst 0,0,1668423602,550805797,548997548,1526740349
L6/05/43.zst 2794450,1553206,1677124343,527415485,553104977,1532974835
L6/05/39.zst 0,0,1668414310,553829784,549408230,1523314972
L6/05/45.zst 2972055,1531414,1677252746,524159681,552996632,1536054768
L6/05/46.zst 587615841,400101878,904612238,569634718,565003487,1267999134
L6/05/3c.zst 0,0,1668405104,550708061,550210460,1525643671
L6/05/48.zst 587615845,400101878,909863886,570673883,566367305,1260344499
L6/05/3f.zst 0,0,1668432276,552461884,549532043,1524541093
L6/05/4c.zst 587615845,400101878,909857183,570688196,566427741,1260276453
L6/05/47.zst 587615845,400101878,904604565,569807128,565190654,1267647226
L6/05/4b.zst 587615845,400101878,909861373,570696696,566463132,1260228372
L6/05/4e.zst 587615845,400101878,909848142,570874158,566492179,1260035094
L6/05/51.zst 0,0,226507,2425994217,556071785,1312674787
L6/05/53.zst 2844008,1696194,3731344,2578116678,516158464,1192420608
L6/05/54.zst 2832833,1653826,3745504,2572326685,514759168,1199649280
L6/05/49.zst 587615845,400101878,909855881,570506526,566336780,1260550386
L6/05/52.zst 3168825,1545684,3685136,2609140707,507885312,1169541632
L6/05/56.zst 585415743,400091060,863269331,527178585,544599491,1374413086
L6/05/4d.zst 587615845,400101878,909848096,570692772,566470640,1260238065
L6/05/57.zst 585415745,400091060,863315238,523840771,544249994,1378054488
L6/05/58.zst 585415745,400091060,372458521,324778723,289726921,2322496326
L6/05/4f.zst 587599879,400101782,909813848,571152733,566719838,1259579216
L6/05/5c.zst 585418668,400091286,369511932,318824656,287261816,2333858938
L6/05/5e.zst 585416073,400091060,369506197,317716444,286362713,2335874809
L6/05/5f.zst 585416087,400091124,369513939,330487023,289702529,2319756594
L6/05/5b.zst 585416922,400091261,369507579,319259951,287044856,2333646727
L6/05/62.zst 3074234,1520342,1660686810,468122249,534476105,1627087556
L6/05/63.zst 2776328,1553174,1660824520,468506943,534266981,1627039350
L6/05/64.zst 2766289,1553526,1660892513,470260639,534862723,1624631606
L6/05/67.zst 585415745,400091060,860314356,520366664,540953136,1387826335
L6/05/5a.zst 585416460,400091098,369540647,319430920,286894223,2333593948
L6/05/5d.zst 585417107,400091094,369509642,318839700,287654663,2333455090
L6/05/69.zst 585415745,400091060,871514136,538470918,549558085,1349917352
L6/05/65.zst 2962353,1531382,1660797179,472116876,535487251,1622072255
L6/05/68.zst 585415745,400091060,871516691,534711289,548253171,1354979340
L6/05/60.zst 0,0,1665442700,496044736,538719409,1594760451
L6/05/6b.zst 585416260,400091097,863252990,557187478,555421178,1333598293
L6/05/6e.zst 585416071,400091060,863248714,560883543,555167771,1330160137
L6/05/70.zst 4294967296,0,0,0,0,0
L6/05/73.zst 667671003,391586324,1026485451,569070391,525554532,1114599595
L6/05/6f.zst 585417045,400091124,863280547,566456907,555688821,1324032852
L6/05/74.zst 875974480,371989988,1241050416,503624278,458806745,843521389
L6/05/75.zst 1598437700,290340452,1229383075,412167366,300807780,463830923
L6/05/77.zst 4294967296,0,0,0,0,0
L6/05/6c.zst 585416495,400091094,863294926,558689577,555242693,1332232511
L6/05/6d.zst 585416427,400091124,863296352,559595842,555175642,1331391909
L6/05/79.zst 667671003,391586324,1026483307,569345747,525568953,1114311962
L6/05/7a.zst 875974480,371989988,1241047447,503828274,458805869,843321238
L6/05/78.zst 585432265,400091220,868533514,566014115,555534309,1319361873
L6/05/7b.zst 1598437706,290340452,1229387260,412166129,300807627,463828122
L6/05/7f.zst 667721919,391594708,1026546840,566642295,526219365,1116242169
L6/05/71.zst 4294967296,0,0,0,0,0
L6/05/80.zst 4294967296,0,0,0,0,0
L6/05/82.zst 585432265,400091220,863299530,568690393,555306114,1322147774
L6/05/84.zst 875974480,371989988,819393220,563651235,539488300,1124470073
L6/05/81.zst 4294967296,0,0,0,0,0
L6/05/86.zst 4294967296,0,0,0,0,0
L6/05/87.zst 4294967296,0,0,0,0,0
L6/05/7e.zst 585432265,400091220,868520825,565250808,555494880,1320177298
L6/05/89.zst 667671003,391586324,843785449,582646305,554625451,1254652764
L6/05/7d.zst 4294967296,0,0,0,0,0
L6/05/8b.zst 1598437700,290340452,649592490,526728387,433254357,796613910
L6/05/8c.zst 4294967296,0,0,0,0,0
L6/05/8f.zst 667672207,391586324,843745460,567555988,551255304,1273152013
L6/05/8a.zst 875974480,371989988,819393055,562893470,539483755,1125232548
L6/05/85.zst 1598437700,290340452,649592672,527338138,433282769,795975565
L6/05/92.zst 4106769,2075993,7924602,2198023317,581780814,1501055801
L6/05/91.zst 3724510,2054542,7794816,2198556813,581780814,1501055801
L6/05/94.zst 4753421,2328746,8617410,2246056599,564542243,1468668877
L6/05/97.zst 0,0,1852151115,530189386,547308346,1365318449
L6/05/98.zst 0,0,0,0,0,4294967296
L6/05/8e.zst 585432273,400091220,863278941,557771759,552420721,1335972382
L6/05/9a.zst 0,0,0,0,0,4294967296
L6/05/95.zst 4499819,2427079,9090560,2239571559,569852110,1469526169
L6/05/90.zst 3984644,2054750,8197469,2341690488,556442028,1382597917
L6/05/9b.zst 0,0,0,0,0,4294967296
L6/05/9c.zst 0,0,0,0,0,4294967296
L6/05/9f.zst 0,0,0,0,0,4294967296
L6/05/a2.zst 3812901,2061842,7955944,2098550427,531454285,1651131897
L6/05/a0.zst 3985001,2054782,8162408,2365440060,542297159,1373027886
L6/05/a3.zst 4579433,2247503,8245257,2181349320,505505543,1593040240
L6/05/96.zst 0,0,1852153048,533253042,547994377,1361566829
L6/05/a4.zst 4825598,2302356,8637539,2214100810,499528326,1565572667
L6/05/a6.zst 0,0,1846659747,502575155,536933345,1408799049
L6/05/a8.zst 0,0,0,0,0,4294967296
L6/05/9d.zst 0,0,0,0,0,4294967296
L6/05/aa.zst 0,0,0,0,0,4294967296
L6/05/a1.zst 3720678,2054542,7795982,2364019840,542440736,1374935518
L6/05/a7.zst 0,0,1846689543,500526333,536550128,1411201292
L6/05/ac.zst 0,0,0,0,0,4294967296
L6/05/ad.zst 0,0,0,0,0,4294967296
L6/05/af.zst 0,0,0,0,0,4294967296
L6/05/b3.zst 587615845,400101878,869162720,519653233,547538845,1370894775
L6/05/b4.zst 587615845,400101878,869237045,522114598,547501865,1368396065
L6/05/a9.zst 0,0,0,0,0,4294967296
L6/05/b5.zst 587615845,400101878,869162106,521308679,547695850,1369082938
L6/05/b2.zst 587615845,400101878,869177764,523327853,548775950,1365968006
L6/05/b7.zst 587615845,400101878,869250486,523616691,548437038,1365945358
L6/05/b8.zst 587615845,400101878,869305194,531230888,547502804,1359210687
L6/05/ae.zst 0,0,0,0,0,4294967296
L6/05/ba.zst 585441381,400091672,870668883,541803201,555006495,1341955664
L6/05/b1.zst 587615845,400101878,869196448,525058098,546641431,1366353596
L6/05/bd.zst 585432995,400091092,870660087,541773084,555315078,1341694960
L6/05/be.zst 585415911,400091060,870697826,541684850,554672097,1342405552
L6/05/c0.zst 0,0,1674766748,539469184,554280247,1526451117
L6/05/bc.zst 585433695,400091092,870743860,542646208,554645967,1341406474
L6/05/c3.zst 2776328,1553174,1669774887,521541960,554404696,1544916251
L6/05/b9.zst 587599899,400101788,869183003,529274962,547954256,1360853388
L6/05/c4.zst 2766289,1553526,1669887144,520834936,555485416,1544439985
L6/05/c5.zst 2962353,1531382,1669370737,521626364,556311537,1543164923
L6/05/c8.zst 585415745,400091060,870854574,534825483,573891148,1329889286
L6/05/c6.zst 585415743,400091060,868134209,534276078,572965076,1334085130
L6/05/bf.zst 585415741,400091060,870772206,546184763,555771087,1336732439
L6/05/cb.zst 585415745,400091060,870855743,534464611,575241091,1328899046
L6/05/ca.zst 585415745,400091060,870854450,534790109,574069896,1329746036
L6/05/c2.zst 3074234,1520342,1668925928,522722827,554600627,1544123338
L6/05/cd.zst 585415745,400091060,870850808,534126056,575284692,1329198935
L6/05/d0.zst 0,0,0,0,2967709736,1327257560
L6/05/d1.zst 0,0,0,0,2967574895,1327392401
L6/05/d4.zst 0,0,0,0,2967300236,1327667060
L6/05/ce.zst 585431703,400091156,870841573,534094757,575566785,1328941322
L6/05/c9.zst 585415745,400091060,870849458,534853099,573956810,1329801124
L6/05/d5.zst 0,0,0,0,2967199596,1327767700
L6/05/d6.zst 0,0,0,0,2967204217,1327763079
L6/05/d8.zst 0,0,0,0,2967877120,1327090176
L6/05/cf.zst 587583921,400101686,869402961,532827692,578145212,1326905824
L6/05/db.zst 0,0,0,0,2967906308,1327060988
L6/05/dd.zst 0,0,0,0,2967564152,1327403144
L6/05/d9.zst 0,0,0,0,2967877232,1327090064
L6/05/de.zst 0,0,0,0,2967582929,1327384367
L6/05/d3.zst 0,0,0,0,2967852981,1327114315
L6/05/e0.zst 117468648,2103786,22784923,2363911558,564938144,1223760237
L6/05/e2.zst 157480619,39700214,136258239,1757337193,609841920,1594349111
L6/05/e4.zst 187262548,13638889,141547807,1825245302,576631672,1550641078
L6/05/e6.zst 0,0,1851470415,518696013,543389223,1381411645
L6/05/da.zst 0,0,0,0,2967766668,1327200628
L6/05/e3.zst 203037462,16501293,133662333,1797910864,584496503,1559358841
L6/05/e8.zst 0,0,0,0,0,4294967296
L6/05/e9.zst 0,0,0,0,0,4294967296
L6/05/ea.zst 0,0,0,0,0,4294967296
L6/05/df.zst 0,0,0,0,2971411491,1323555805
L6/05/ee.zst 0,0,0,0,0,4294967296
L6/05/ef.zst 0,0,0,0,0,4294967296
L6/05/f0.zst 0,4294967296,0,0,0,0
L6/05/e5.zst 167424240,18555483,155297324,1825051633,574344772,1554293844
L6/05/ec.zst 0,0,0,0,0,4294967296
L6/05/f4.zst 0,4294967296,0,0,0,0
L6/05/f3.zst 0,4294967296,0,0,0,0
L6/05/f5.zst 0,4294967296,0,0,0,0
L6/05/f1.zst 0,4294967296,0,0,0,0
L6/05/f8.zst 0,4294967296,0,0,0,0
L6/05/f9.zst 0,4294967296,0,0,0,0
L6/05/fc.zst 0,4294967296,0,0,0,0
L6/05/eb.zst 0,0,0,0,0,4294967296
L6/05/fa.zst 0,4294967296,0,0,0,0
L6/05/ff.zst 0,4294967296,0,0,0,0
L6/06/00.zst 610561977,408501524,846590794,560535854,556103668,1312673479
L6/05/f6.zst 0,4294967296,0,0,0,0
L6/06/01.zst 585469073,400099236,863612965,568104296,554945965,1322735761
L6/06/03.zst 585415752,400091060,863573489,567633863,554964502,1323288630
L6/05/fd.zst 0,4294967296,0,0,0,0
L6/06/06.zst 585415751,400091060,864141351,566891845,554995830,1323431459
L6/06/08.zst 585415751,400091060,863705989,566433076,554696536,1324624884
L6/06/0a.zst 585416243,400091060,863675015,566359693,554694036,1324731249
L6/06/05.zst 585415757,400091060,863571281,567485931,554962055,1323441212
L6/06/0c.zst 585415751,400091060,863648845,566374487,554678037,1324759116
L6/06/0d.zst 585415751,400091060,863567986,566342646,554733556,1324816297
L6/06/02.zst 585416114,400091076,863630273,567788285,554960622,1323080926
L6/06/0f.zst 585417295,400091060,863603029,566040162,554639392,1325176358
L6/06/11.zst 0,0,1660763449,538635750,545904634,1549663463
L6/06/12.zst 0,0,1660740003,538263138,545882667,1550081488
L6/06/07.zst 585415751,400091060,863572011,566930948,554841337,1324116189
L6/06/10.zst 585415747,400091060,903953816,557950355,559698805,1287857513
L6/06/15.zst 0,0,1660759883,537347326,545817111,1551042976
L6/06/0b.zst 585415757,400091060,863604152,566321247,554695609,1324839471
L6/06/16.zst 0,0,1673264891,525657822,545828089,1550216494
L6/06/17.zst 0,0,1660735103,537298846,546168572,1550764775
L6/06/1b.zst 0,0,1661518467,552077335,553208688,1528162806
L6/06/1d.zst 0,0,1661424274,552173329,555250602,1526119091
L6/06/1e.zst 0,0,1668448801,551599869,553040462,1521878164
L6/06/13.zst 0,0,1660869435,537511005,545925857,1550660999
L6/06/1a.zst 0,0,1661618517,554037194,553398376,1525913209
L6/06/21.zst 0,0,1660234783,531675125,576026073,1527031315
L6/06/20.zst 585418817,400091060,863299684,540479908,576866749,1328811078
L6/06/22.zst 0,0,1660985611,529179744,576846012,1527955929
L6/06/18.zst 0,0,1668967303,551033729,552487758,1522478506
L6/06/1c.zst 0,0,1661626214,553766137,553691058,1525883887
L6/06/26.zst 0,0,1665967990,521203389,577926268,1529869649
L6/06/27.zst 0,0,1660082310,527725787,575936115,1531223084
L6/06/24.zst 0,0,1660365990,528990039,576732942,1528878325
L6/06/28.zst 0,0,1660098278,527294512,576003265,1531571241
L6/06/2c.zst 0,0,1660085653,525538456,576317321,1533025866
L6/06/2d.zst 0,0,1660004649,522251471,576929891,1535781285
L6/06/2f.zst 0,0,1660045392,525953304,577058170,1531910430
L6/06/23.zst 0,0,1660272278,528840381,576293843,1529560794
L6/06/31.zst 0,0,1668507161,562594303,550202056,1513663776
L6/06/2e.zst 0,0,1660017706,525761683,576852785,1532335122
L6/06/32.zst 0,0,1668479941,558407759,550690396,1517389200
L6/06/33.zst 0,0,1668457014,557419494,550173779,1518917009
L6/06/2a.zst 0,0,1660056952,524061681,576425615,1534423048
L6/06/2b.zst 0,0,1660046173,523598294,575612813,1535710016
L6/06/36.zst 0,0,1669264931,552892768,549521564,1523288033
L6/06/38.zst 0,0,1668434919,555450068,549166933,1521915376
L6/06/39.zst 0,0,1668418894,553886726,549456019,1523205657
L6/06/37.zst 0,0,1668451590,555275903,548886554,1522353249
L6/06/3d.zst 0,0,1668432709,552958861,549353673,1524222053
L6/06/3f.zst 0,0,1668440628,552444251,549485171,1524597246
L6/06/3e.zst 0,0,1668426231,550762264,548887783,1526891018
L6/06/34.zst 0,0,1668459748,557434598,549508504,1519564446
L6/06/42.zst 3091644,1520374,1676789648,530309421,553527818,1529728391
L6/06/43.zst 2794450,1553206,1677055667,527462063,553075800,1533026110
L6/06/44.zst 2777347,1553558,1677090320,525314559,552920880,1535310632
L6/06/41.zst 0,0,1681115406,538697721,552689654,1522464515
L6/06/3b.zst 0,0,1668443103,550158365,548836821,1527529007
L6/06/47.zst 587615851,400101878,904600761,569823633,565187602,1267637571
L6/06/3c.zst 0,0,1668414703,550714358,550338487,1525499748
L6/06/48.zst 587615851,400101878,909863663,570665856,566378495,1260341553
L6/06/49.zst 587615851,400101878,909854763,570501463,566348853,1260544488
L6/06/4d.zst 587615851,400101878,909846980,570708737,566485743,1260208107
L6/06/4f.zst 587599885,400101782,909813727,571178456,566727609,1259545837
L6/06/4a.zst 587615851,400101878,909854003,570501665,566360165,1260533734
L6/06/50.zst 0,0,12288470,2320052126,545486950,1417139750
L6/06/46.zst 587615847,400101878,904610700,569650520,565005493,1267982858
L6/06/52.zst 3168825,1545684,3696297,2610655562,508068864,1167832064
L6/06/53.zst 2844008,1696194,3740011,2578859371,515947008,1191880704
L6/06/55.zst 3018933,1597184,3713041,2578870330,507281920,1200485888
L6/06/58.zst 585415751,400091060,372460102,324771805,289728054,2322500524
L6/06/4e.zst 587615851,400101878,909848816,570891152,566507275,1260002324
L6/06/4c.zst 587615851,400101878,909856438,570702959,566441917,1260248253
L6/06/54.zst 2832833,1653826,3753072,2572132237,514649088,1199946240
L6/06/59.zst 585415751,400091060,372461516,314561554,286292389,2336145026
L6/06/5a.zst 585416466,400091098,369544441,319404106,286895567,2333615618
L6/06/5c.zst 585418674,400091286,369512063,318790414,287270982,2333883877
L6/06/60.zst 0,0,1665511153,495819415,538806279,1594830449
L6/06/61.zst 0,0,1664415053,458386163,530585572,1641580508
L6/06/63.zst 2776328,1553174,1660815420,469111845,534024921,1626685608
L6/06/57.zst 585415751,400091060,863341454,523788966,544265566,1378064499
L6/06/5f.zst 585416093,400091124,369517484,330447894,289712159,2319782542
L6/06/64.zst 2766289,1553526,1660901671,470719229,534618813,1624407768
L6/06/67.zst 585415751,400091060,860327963,520305573,540957758,1387869191
L6/06/65.zst 2962353,1531382,1660811307,472410375,535493650,1621758229
L6/06/5d.zst 585417113,400091094,369511155,318810301,287663550,2333474083
L6/06/5e.zst 585416079,400091060,369507694,317682603,286370527,2335899333
L6/06/6a.zst 585416316,400091092,863319060,556199218,554702934,1335238676
L6/06/6b.zst 585416266,400091097,863273126,557166257,555414630,1333605920
L6/06/69.zst 585415751,400091060,871530836,538687054,549616544,1349626051
L6/06/6d.zst 585416433,400091124,863315517,559576653,555192438,1331375131
L6/06/70.zst 4294967296,0,0,0,0,0
L6/06/71.zst 4294967296,0,0,0,0,0
L6/06/74.zst 875974480,371989988,1241051350,503629187,458811047,843511244
L6/06/68.zst 585415751,400091060,871532110,534729787,548308130,1354890458
L6/06/75.zst 1598437700,290340452,1229383069,412171564,300809628,463824883
L6/06/73.zst 667671003,391586324,1026590321,568692564,525489043,1114938041
L6/06/77.zst 4294967296,0,0,0,0,0
L6/06/6e.zst 585416077,400091060,863269133,560859354,555186270,1330145402
L6/06/78.zst 585432271,400091220,868555184,565960855,555561939,1319365827
L6/06/6f.zst 585417051,400091124,863299811,566429968,555689089,1324040253
L6/06/7a.zst 875974480,371989988,1241047777,503833879,458810150,843311022
L6/06/7c.zst 4294967296,0,0,0,0,0
L6/06/7f.zst 667721919,391594708,1026653506,566265071,526161806,1116570286
L6/06/7b.zst 1598437706,290340452,1229387553,412170165,300809458,463821962
L6/06/81.zst 4294967296,0,0,0,0,0
L6/06/82.zst 585432271,400091220,863311993,568637259,555326276,1322168277
L6/06/83.zst 667671003,391586324,843809652,582773858,554471204,1254655255
L6/06/79.zst 667671003,391586324,1026589425,568971375,525507444,1114641725
L6/06/86.zst 4294967296,0,0,0,0,0
L6/06/87.zst 4294967296,0,0,0,0,0
L6/06/7e.zst 585432271,400091220,868543265,565211376,555517367,1320171797
L6/06/88.zst 585432271,400091220,863312224,568200338,555325160,1322606083
L6/06/85.zst 1598437700,290340452,649592371,527369308,433289362,795938103
L6/06/80.zst 4294967296,0,0,0,0,0
L6/06/8b.zst 1598437700,290340452,649591998,526754164,433267920,796575062
L6/06/8c.zst 4294967296,0,0,0,0,0
L6/06/8e.zst 585432279,400091220,863298859,557727172,552438917,1335978849
L6/06/92.zst 4106769,2075993,7924546,2197111816,581582814,1502165358
L6/06/93.zst 4625940,2282264,8224621,2233508014,570630419,1475696038
L6/06/90.zst 3984644,2054750,8170230,2338941811,555719030,1386096831
L6/06/94.zst 4753421,2328746,8617577,2245851744,564511109,1468904699
L6/06/8a.zst 875974480,371989988,819400485,562929397,539502826,1125170120
L6/06/96.zst 0,0,1852185743,533202293,548005871,1361573389
L6/06/97.zst 0,0,1852184787,530088401,547329096,1365365012
L6/06/9a.zst 0,0,0,0,0,4294967296
L6/06/8d.zst 4294967296,0,0,0,0,0
L6/06/91.zst 3724510,2054542,7794984,2197645088,581582814,1502165358
L6/06/9c.zst 0,0,0,0,0,4294967296
L6/06/9d.zst 0,0,0,0,0,4294967296
L6/06/99.zst 0,0,0,0,0,4294967296
L6/06/9f.zst 0,0,0,0,0,4294967296
L6/06/a2.zst 3812901,2061842,7956088,2098355477,531483199,1651297789
L6/06/a3.zst 4579433,2247503,8245517,2181164902,505570528,1593159413
L6/06/a6.zst 0,0,1846671439,502492886,536950982,1408851989
L6/06/a7.zst 0,0,1846703783,500460926,536571890,1411230697
L6/06/a4.zst 4825598,2302356,8637772,2213774057,499511421,1565916092
L6/06/9b.zst 0,0,0,0,0,4294967296
L6/06/a8.zst 0,0,0,0,0,4294967296
L6/06/aa.zst 0,0,0,0,0,4294967296
L6/06/a0.zst 3985955,2054782,8164885,2363385420,542440736,1374935518
L6/06/ab.zst 0,0,0,0,0,4294967296
L6/06/ae.zst 0,0,0,0,0,4294967296
L6/06/a1.zst 3720678,2054542,7796133,2362327154,542605142,1376463647
L6/06/b0.zst 587599889,400101782,869326088,529722148,547181421,1361035968
L6/06/ac.zst 0,0,0,0,0,4294967296
L6/06/b2.zst 587615851,400101878,869174277,522918899,548801090,1366355301
L6/06/b3.zst 587615851,400101878,869171594,520095041,547323858,1370659074
L6/06/b6.zst 587615851,400101878,869172392,521500223,548136836,1368440116
L6/06/b8.zst 587615851,400101878,869324407,531247101,547521875,1359156184
L6/06/b9.zst 587599905,400101788,869288953,529156068,547974480,1360846102
L6/06/ad.zst 0,0,0,0,0,4294967296
L6/06/b7.zst 587615851,400101878,869255230,524116902,548510062,1365367373
L6/06/b1.zst 587615851,400101878,869303592,524902282,546648538,1366395155
L6/06/bb.zst 585426991,400091280,870678379,540066104,554937955,1343766587
L6/06/bc.zst 585433701,400091092,870671346,542619759,554872897,1341278501
L6/06/bd.zst 585433001,400091092,870695142,541646390,555524092,1341577579
L6/06/b4.zst 587615851,400101878,869171183,521991812,547716629,1368369943
L6/06/c2.zst 3074234,1520342,1668921754,522811176,554709871,1543929919
L6/06/c3.zst 2776328,1553174,1669751101,521697063,554470922,1544718708
L6/06/c4.zst 2766289,1553526,1669866647,520943534,555528230,1544309070
L6/06/c0.zst 0,0,1674993051,538814730,554900599,1526258916
L6/06/c7.zst 585415751,400091060,868159360,534639842,573236259,1333425024
L6/06/c8.zst 585415751,400091060,870873166,534792957,573922047,1329872315
L6/06/c9.zst 585415751,400091060,870869429,534820612,573982614,1329787830
L6/06/be.zst 585415917,400091060,870684974,542664409,554892248,1341218688
L6/06/c1.zst 0,0,1672610668,522701958,560974925,1538679745
L6/06/cd.zst 585415751,400091060,870870989,534075695,575314394,1329199407
L6/06/ce.zst 585431709,400091156,870860928,534066435,575557848,1328959220
L6/06/cc.zst 585415751,400091060,870871968,534049123,575209429,1329329965
L6/06/ca.zst 585415751,400091060,870872799,534407246,574449823,1329730617
L6/06/c5.zst 2962353,1531382,1669376923,521633735,556349578,1543113325
L6/06/d3.zst 0,0,0,0,2967859216,1327108080
L6/06/d2.zst 0,0,0,0,2967714392,1327252904
L6/06/d4.zst 0,0,0,0,2967274569,1327692727
L6/06/d8.zst 0,0,0,0,2967894282,1327073014
L6/06/d5.zst 0,0,0,0,2967202628,1327764668
L6/06/d9.zst 0,0,0,0,2967908873,1327058423
L6/06/da.zst 0,0,0,0,2967771871,1327195425
L6/06/d0.zst 0,0,0,0,2967681708,1327285588
L6/06/d1.zst 0,0,0,0,2967568968,1327398328
L6/06/dc.zst 0,0,0,0,2967901846,1327065450
L6/06/de.zst 0,0,0,0,2967599992,1327367304
L6/06/df.zst 0,0,0,0,2971438363,1323528933
L6/06/d6.zst 0,0,0,0,2967221504,1327745792
L6/06/dd.zst 0,0,0,0,2967577338,1327389958
L6/06/e3.zst 203037462,16501293,133670026,1797806064,584492073,1559460378
L6/06/e4.zst 187262548,13638889,141559633,1825187024,576652640,1550666562
L6/06/e5.zst 167424240,18555483,155316148,1824971857,574372473,1554327095
L6/06/e9.zst 0,0,0,0,0,4294967296
L6/06/ea.zst 0,0,0,0,0,4294967296
L6/06/eb.zst 0,0,0,0,0,4294967296
L6/06/e8.zst 0,0,0,0,0,4294967296
L6/06/e2.zst 157480619,39700214,136271028,1757313500,609846708,1594355227
L6/06/e1.zst 4584632,2054526,8942258,2290980866,551520585,1436884429
L6/06/ed.zst 0,0,0,0,0,4294967296
L6/06/ee.zst 0,0,0,0,0,4294967296
L6/06/ef.zst 0,0,0,0,0,4294967296
L6/06/f1.zst 0,4294967296,0,0,0,0
L6/06/f4.zst 0,4294967296,0,0,0,0
L6/06/f6.zst 0,4294967296,0,0,0,0
L6/06/e7.zst 0,0,1851492586,516401191,542744980,1384328539
L6/06/f7.zst 0,4294967296,0,0,0,0
L6/06/fa.zst 0,4294967296,0,0,0,0
L6/06/f9.zst 0,4294967296,0,0,0,0
L6/06/fb.zst 0,4294967296,0,0,0,0
L6/06/f2.zst 0,4294967296,0,0,0,0
L6/06/fe.zst 0,4294967296,0,0,0,0
L6/06/ff.zst 0,4294967296,0,0,0,0
L6/06/f3.zst 0,4294967296,0,0,0,0
L6/07/02.zst 585416102,400091076,863599928,567391902,554771605,1323696683
L6/07/05.zst 585415745,400091060,863553227,567063269,554784510,1324059485
L6/06/fc.zst 0,4294967296,0,0,0,0
L6/07/04.zst 585415739,400091060,863587049,567171055,554781480,1323920913
L6/07/00.zst 610561965,408501524,846574595,560083807,555911384,1313334021
L6/07/08.zst 585415739,400091060,863684602,565983597,554505934,1325286364
L6/07/09.zst 585415739,400091060,863554016,566034937,554507325,1325364219
L6/07/0b.zst 585415745,400091060,863585250,565865914,554511210,1325498117
L6/07/0e.zst 585415747,400091060,863642051,565826338,554513994,1325478106
L6/07/03.zst 585415740,400091060,863547440,567218387,554788066,1323906603
L6/07/0c.zst 585415739,400091060,863601703,565945242,554505111,1325408441
L6/07/0f.zst 585417283,400091060,863586906,565596023,554452791,1325823233
L6/07/10.zst 585415735,400091060,903930884,557943560,559691875,1287894182
L6/07/12.zst 0,0,1660718614,538380219,545926655,1549941808
L6/07/06.zst 585415739,400091060,863570943,566971543,554824793,1324093218
L6/07/15.zst 0,0,1660659651,537431447,545816389,1551059809
L6/07/0a.zst 585416231,400091060,863646895,565884283,554514511,1325414316
L6/07/16.zst 0,0,1660713152,537025660,546057208,1551171276
L6/07/18.zst 0,0,1669036589,550870173,552469769,1522590765
L6/07/14.zst 0,0,1660710169,537882779,545863520,1550510828
L6/07/1a.zst 0,0,1661609646,554015626,553508800,1525833224
L6/07/1e.zst 0,0,1668618168,551408993,553040359,1521899776
L6/07/1c.zst 0,0,1661458593,554038520,553698181,1525772002
L6/07/13.zst 0,0,1660683117,537421799,545963874,1550898506
L6/07/20.zst 585418805,400091060,863280010,540070988,576659487,1329446946
L6/07/22.zst 0,0,1660230918,530079017,576679360,1527978001
L6/07/23.zst 0,0,1660343449,529091000,576355175,1529177672
L6/07/1f.zst 0,0,1660882928,558446345,553677886,1521960137
L6/07/19.zst 0,0,1668914372,550476996,552493364,1523082564
L6/07/25.zst 0,0,1660968346,525319984,576320297,1532358669
L6/07/1b.zst 0,0,1661519793,552064898,553200188,1528182417
L6/07/26.zst 0,0,1660244806,525826457,578268202,1530627831
L6/07/28.zst 0,0,1660120777,527120753,575989315,1531736451
L6/07/2b.zst 0,0,1660051177,523500006,575589828,1535826285
L6/07/29.zst 0,0,1660057632,525281040,575750073,1533878551
L6/07/2d.zst 0,0,1660008908,522128713,576817776,1536011899
L6/07/2f.zst 0,0,1660049201,526232196,577069444,1531616455
L6/07/24.zst 0,0,1660375109,529020107,576726430,1528845650
L6/07/30.zst 587599869,400101782,869411549,553775567,554582196,1329496333
L6/07/32.zst 0,0,1668475782,558310370,550686040,1517495104
L6/07/2a.zst 0,0,1660035474,524036337,576530737,1534364748
L6/07/34.zst 0,0,1668457830,557482150,549423154,1519604162
L6/07/36.zst 0,0,1668453387,552649375,549378556,1524485978
L6/07/31.zst 0,0,1668508217,562539604,550176739,1513742736
L6/07/37.zst 0,0,1669230234,555325653,549004569,1521406840
L6/07/2c.zst 0,0,1660036250,525705084,576357311,1532868651
L6/07/3a.zst 0,0,1668427314,550693662,550587876,1525258444
L6/07/3b.zst 0,0,1668427970,550101522,548817050,1527620754
L6/07/3d.zst 0,0,1668432309,552907693,549255428,1524371866
L6/07/35.zst 0,0,1668448909,555945870,550290427,1520282090
L6/07/3c.zst 0,0,1668403312,550800165,550303627,1525460192
L6/07/41.zst 0,0,1681112198,538808951,552699310,1522346837
L6/07/40.zst 0,0,1681562211,539296217,552992639,1521116229
L6/07/42.zst 3091644,1520374,1676775295,530388680,553486943,1529704360
L6/07/39.zst 0,0,1668399791,553861169,549433667,1523272669
L6/07/46.zst 587615835,400101878,904603656,569634510,565005416,1268006001
L6/07/47.zst 587615839,400101878,904592924,569813877,565193216,1267649562
L6/07/48.zst 587615839,400101878,909856566,570654603,566375576,1260362834
L6/07/3f.zst 0,0,1668428126,552449613,549504185,1524585372
L6/07/45.zst 2972055,1531414,1677228319,524122341,553018113,1536095054
L6/07/4b.zst 587615839,400101878,909853297,570680027,566461690,1260254565
L6/07/4c.zst 587615839,400101878,909851335,570662560,566430382,1260305302
L6/07/4d.zst 587615839,400101878,909842223,570690236,566474951,1260242169
L6/07/44.zst 2777347,1553558,1677082615,525291900,552940704,1535321172
L6/07/51.zst 0,0,226027,2425495864,555911384,1313334021
L6/07/52.zst 3168825,1545684,3695709,2610248086,507835904,1168473088
L6/07/53.zst 2844008,1696194,3741497,2579087517,516261632,1191336448
L6/07/50.zst 1044,0,11096306,2321243246,545486950,1417139750
L6/07/4a.zst 587615839,400101878,909847153,570491115,566349295,1260562016
L6/07/56.zst 585415737,400091060,863271425,526692593,544435820,1375060661
L6/07/58.zst 585415739,400091060,372453462,320336009,287562368,2329108658
L6/07/57.zst 585415739,400091060,863320233,523346963,544084542,1378708759
L6/07/4e.zst 587615839,400101878,909842229,570871749,566496046,1260039555
L6/07/5c.zst 585418662,400091286,369501486,314417158,285137989,2340400715
L6/07/5a.zst 585416454,400091098,369532990,314990974,284769936,2340165844
L6/07/55.zst 3018933,1597184,3713125,2578806758,506894336,1200936960
L6/07/5d.zst 585417101,400091094,369500618,314426478,285536500,2339995505
L6/07/5e.zst 585416067,400091060,369497154,313333349,284257300,2342372366
L6/07/61.zst 0,0,1664411637,457998837,530598532,1641958290
L6/07/64.zst 2766289,1553526,1660892593,470714343,534544389,1624496156
L6/07/65.zst 2962353,1531382,1660804515,472276500,535306965,1622085581
L6/07/5b.zst 585416916,400091261,369497737,314837298,284915772,2340208312
L6/07/67.zst 585415739,400091060,860316887,519898215,540788402,1388456993
L6/07/62.zst 3074234,1520342,1660689577,468642877,534299789,1626740477
L6/07/68.zst 585415739,400091060,871512498,534180926,548123802,1355643271
L6/07/60.zst 0,0,1665430830,494304048,537202961,1598029457
L6/07/69.zst 585415739,400091060,871512394,537992181,549368097,1350587825
L6/07/6c.zst 585416489,400091094,863295556,558171141,555075700,1332917316
L6/07/63.zst 2776328,1553174,1660804476,469102188,533982592,1626748538
L6/07/6e.zst 585416065,400091060,863248514,560414481,555002317,1330794859
L6/07/71.zst 4294967296,0,0,0,0,0
L6/07/72.zst 585432259,400091220,868523945,565227310,555347499,1320345063
L6/07/6d.zst 585416421,400091124,863295935,559157121,555005895,1332000800
L6/07/74.zst 875974492,371989988,1241115119,503500414,458805820,843581463
L6/07/76.zst 4294967296,0,0,0,0,0
L6/07/6b.zst 585416254,400091097,863253168,556711521,555236606,1334258650
L6/07/77.zst 4294967296,0,0,0,0,0
L6/07/79.zst 667671003,391586324,1026499213,568959031,525493504,1114758221
L6/07/78.zst 585432259,400091220,868532861,565527860,555373684,1320009412
L6/07/6f.zst 585417039,400091124,863280523,565991261,555502137,1324685212
L6/07/7a.zst 875974492,371989988,1241112183,503704324,458804806,843381503
L6/07/7d.zst 4294967296,0,0,0,0,0
L6/07/7e.zst 585432259,400091220,868520540,564763692,555341820,1320817765
L6/07/73.zst 667671003,391586324,1026504197,568673911,525483203,1115048658
L6/07/82.zst 585432259,400091220,863292384,568206188,555159099,1322786146
L6/07/81.zst 4294967296,0,0,0,0,0
L6/07/84.zst 875974492,371989988,819395617,563655253,539491590,1124460356
L6/07/7f.zst 667721919,391594708,1026563052,566249240,526139997,1116698380
L6/07/86.zst 4294967296,0,0,0,0,0
L6/07/88.zst 585432259,400091220,863293034,567776368,555137189,1323237226
L6/07/7c.zst 4294967296,0,0,0,0,0
L6/07/89.zst 667671003,391586324,843784604,582169116,554490963,1255265286
L6/07/8b.zst 1598437712,290340452,649592559,526730733,433253253,796612587
L6/07/8c.zst 4294967296,0,0,0,0,0
L6/07/80.zst 4294967296,0,0,0,0,0
L6/07/8a.zst 875974492,371989988,819396370,562897270,539508475,1125200701
L6/07/8f.zst 667672207,391586324,843743954,567029413,551107000,1273828398
L6/07/85.zst 1598437712,290340452,649592354,527355109,433277608,795964061
L6/07/90.zst 3984656,2054750,8174792,2323751647,547241244,1409760207
L6/07/91.zst 3724510,2054542,7794743,2197455569,581597559,1502340373
L6/07/95.zst 4499819,2427079,9090605,2239171205,569669633,1470108955
L6/07/97.zst 0,0,1852148932,529763975,547169493,1365884896
L6/07/93.zst 4625940,2282264,8224448,2233193456,570575336,1476065852
L6/07/98.zst 0,0,0,0,0,4294967296
L6/07/8e.zst 585432267,400091220,863278630,557297224,552259413,1336608542
L6/07/9a.zst 0,0,0,0,0,4294967296
L6/07/9b.zst 0,0,0,0,0,4294967296
L6/07/9d.zst 0,0,0,0,0,4294967296
L6/07/92.zst 4106769,2075993,7924743,2196921859,581597559,1502340373
L6/07/9f.zst 0,0,0,0,0,4294967296
L6/07/9c.zst 0,0,0,0,0,4294967296
L6/07/a1.zst 3720678,2054542,7795847,2360766599,542783890,1377845740
L6/07/96.zst 0,0,1852152212,532789935,547853395,1362171754
L6/07/a2.zst 3812901,2061842,7955650,2098072523,531368588,1651695792
L6/07/a5.zst 4576085,2426553,9186826,2207013913,494770136,1576993783
L6/07/a7.zst 0,0,1846685235,500013004,536398801,1411870256
L6/07/a9.zst 0,0,0,0,0,4294967296
L6/07/9e.zst 0,0,0,0,0,4294967296
L6/07/ab.zst 0,0,0,0,0,4294967296
L6/07/a6.zst 0,0,1846658775,502147453,536788261,1409372807
L6/07/ac.zst 0,0,0,0,0,4294967296
L6/07/ad.zst 0,0,0,0,0,4294967296
L6/07/a3.zst 4579433,2247503,8245157,2180949686,505400836,1593544681
L6/07/b0.zst 587599877,400101782,869307054,529496940,547073905,1361387738
L6/07/b2.zst 587615839,400101878,869172187,522565305,548751804,1366760283
L6/07/a8.zst 0,0,0,0,0,4294967296
L6/07/b3.zst 587615839,400101878,869161599,518920121,547021199,1372146660
L6/07/b6.zst 587615839,400101878,869167535,520119693,548394146,1369568205
L6/07/b1.zst 587615839,400101878,869196277,524631059,546559195,1366863048
L6/07/b7.zst 587615839,400101878,869276709,523177862,548168103,1366626905
L6/07/ba.zst 585441375,400091672,870663604,541023051,554951335,1342796259
L6/07/ae.zst 0,0,0,0,0,4294967296
L6/07/b9.zst 587599893,400101788,869183145,528866226,547865568,1361350676
L6/07/bd.zst 585432989,400091092,870663183,541525875,555270596,1341983561
L6/07/bb.zst 585426979,400091280,870668099,538944105,554661532,1345175301
L6/07/be.zst 585415905,400091060,870681511,541525814,555135954,1342117052
L6/07/b4.zst 587615839,400101878,869166192,521756620,547654211,1368672556
L6/07/c1.zst 0,0,1672655364,522772542,560809367,1538730023
L6/07/c2.zst 3074234,1520342,1668913181,522823837,554682586,1543953116
L6/07/b8.zst 587615839,400101878,869305439,530779762,547324075,1359840303
L6/07/c4.zst 2766289,1553526,1669855060,520906926,555558897,1544326598
L6/07/c7.zst 585415739,400091060,868143991,534200922,573034508,1334081076
L6/07/c8.zst 585415739,400091060,870856893,534370862,573712338,1330520404
L6/07/c3.zst 2776328,1553174,1669741986,521657963,554426697,1544811148
L6/07/ca.zst 585415739,400091060,870853861,533988599,574259292,1330358745
L6/07/c0.zst 0,0,1674912516,539131044,554662703,1526261033
L6/07/cc.zst 585415739,400091060,870854834,533600142,575020107,1329985414
L6/07/cd.zst 585415739,400091060,870850479,533641863,575109225,1329858930
L6/07/cf.zst 587583915,400101686,869402858,532347204,577970562,1327561071
L6/07/c6.zst 585415737,400091060,868137222,533858888,572813491,1334650898
L6/07/ce.zst 585431697,400091156,870841457,533626671,575363916,1329612399
L6/07/d2.zst 0,0,0,0,2967071234,1327896062
L6/07/d3.zst 0,0,0,0,2967222234,1327745062
L6/07/c9.zst 585415739,400091060,870849511,534032661,574146566,1330431759
L6/07/d4.zst 0,0,0,0,2966648127,1328319169
L6/07/d9.zst 0,0,0,0,2967280795,1327686501
L6/07/d8.zst 0,0,0,0,2967206856,1327760440
L6/07/db.zst 0,0,0,0,2967193755,1327773541
L6/07/d7.zst 0,0,0,0,2966683899,1328283397
L6/07/d1.zst 0,0,0,0,2966941551,1328025745
L6/07/dd.zst 0,0,0,0,2966940550,1328026746
L6/07/de.zst 0,0,0,0,2966955440,1328011856
L6/07/df.zst 0,0,0,0,2970811223,1324156073
L6/07/e3.zst 203037462,16501293,133663618,1797647013,584406347,1559711563
L6/07/d6.zst 0,0,0,0,2966544515,1328422781
L6/07/e4.zst 187262548,13638889,141545474,1825051826,576595454,1550873105
L6/07/da.zst 0,0,0,0,2967115802,1327851494
L6/07/e1.zst 4584632,2054526,8941783,2290950687,551516635,1436919033
L6/07/e6.zst 0,0,1851470122,518299672,543211180,1381986322
L6/07/e7.zst 0,0,1851472884,515980357,542562651,1384951404
L6/07/e9.zst 0,0,0,0,0,4294967296
L6/07/ed.zst 0,0,0,0,0,4294967296
L6/07/e2.zst 157480619,39700214,136257791,1757168810,609767292,1594592570
L6/07/ee.zst 0,0,0,0,0,4294967296
L6/07/ef.zst 0,0,0,0,0,4294967296
L6/07/ec.zst 0,0,0,0,0,4294967296
L6/07/f1.zst 0,4294967296,0,0,0,0
L6/07/f3.zst 0,4294967296,0,0,0,0
L6/07/f7.zst 0,4294967296,0,0,0,0
L6/07/f5.zst 0,4294967296,0,0,0,0
L6/07/e8.zst 0,0,0,0,0,4294967296
L6/07/f6.zst 0,4294967296,0,0,0,0
L6/07/ea.zst 0,0,0,0,0,4294967296
L6/07/f9.zst 0,4294967296,0,0,0,0
L6/07/fb.zst 0,4294967296,0,0,0,0
L6/07/fc.zst 0,4294967296,0,0,0,0
L6/07/f2.zst 0,4294967296,0,0,0,0
L6/07/fe.zst 0,4294967296,0,0,0,0
L6/08/00.zst 610561965,408501524,846718783,559500350,555758385,1313926289
L6/07/ff.zst 0,4294967296,0,0,0,0
L6/08/02.zst 585416102,400091076,863748316,566815169,554622239,1324274394
L6/08/03.zst 585415740,400091060,863689790,566668513,554629810,1324472383
L6/08/06.zst 585415739,400091060,863706827,566395747,554666153,1324691770
L6/07/fd.zst 0,4294967296,0,0,0,0
L6/08/09.zst 585415739,400091060,863692593,565530600,554361062,1325876242
L6/08/05.zst 585415745,400091060,863701267,566488258,554637203,1324633763
L6/08/0b.zst 585415745,400091060,863721338,565377676,554368545,1325992932
L6/08/0a.zst 585416231,400091060,863786153,565402340,554365817,1325905695
L6/08/0e.zst 585415747,400091060,863770823,565353160,554372407,1325964099
L6/08/04.zst 585415739,400091060,863753936,566595536,554636453,1324474572
L6/08/10.zst 585415735,400091060,903958700,557838805,559672265,1287990731
L6/08/11.zst 0,0,1660934078,538494136,545917413,1549621669
L6/08/08.zst 585415739,400091060,864425139,564958043,554368475,1325708840
L6/08/0f.zst 585417283,400091060,863717837,565119473,554299190,1326322453
L6/08/13.zst 0,0,1660704063,537658738,545821103,1550783392
L6/08/15.zst 0,0,1660680186,537268891,545795883,1551222336
L6/08/16.zst 0,0,1660658295,537158794,545742979,1551407228
L6/08/0d.zst 585415739,400091060,863682956,565406464,554403188,1325967889
L6/08/1a.zst 0,0,1661618685,553837871,553378311,1526132429
L6/08/1b.zst 0,0,1661528009,552051737,553195714,1528191836
L6/08/1c.zst 0,0,1661463396,553839367,553598049,1526066484
L6/08/19.zst 0,0,1669000827,550343973,552480505,1523141991
L6/08/1f.zst 0,0,1660884598,558274456,553676484,1522131758
L6/08/14.zst 0,0,1660908500,537785446,545803334,1550470016
L6/08/20.zst 585418805,400091060,863418520,539486824,576568386,1329983701
L6/08/22.zst 0,0,1660362095,529805452,576725402,1528074347
L6/08/18.zst 0,0,1681663806,539312143,552579963,1521411384
L6/08/24.zst 0,0,1661034462,528472718,576752549,1528707567
L6/08/26.zst 0,0,1660378116,525995246,577917628,1530676306
L6/08/23.zst 0,0,1660274845,529181780,576303644,1529207027
L6/08/28.zst 0,0,1666886232,520885159,575910998,1531284907
L6/08/2a.zst 0,0,1660075734,523873163,576413352,1534605047
L6/08/1e.zst 0,0,1668452992,551419628,553000858,1522093818
L6/08/2b.zst 0,0,1660082642,523391857,575506070,1535986727
L6/08/2e.zst 0,0,1660047603,525642186,576877006,1532400501
L6/08/2f.zst 0,0,1660081851,525867727,576949728,1532067990
L6/08/2c.zst 0,0,1660075899,525500733,576245167,1533145497
L6/08/31.zst 0,0,1668544499,562332109,550129064,1513961624
L6/08/25.zst 0,0,1660264378,525867164,576304130,1532531624
L6/08/29.zst 0,0,1660105115,525138039,575571369,1534152773
L6/08/34.zst 0,0,1668497176,557280490,549373288,1519816342
L6/08/33.zst 0,0,1668492643,557202609,550150535,1519121509
L6/08/36.zst 0,0,1668492834,552429471,549343135,1524701856
L6/08/3a.zst 0,0,1668456504,550535326,550522583,1525452883
L6/08/3b.zst 0,0,1668462491,549953228,548784377,1527767200
L6/08/35.zst 0,0,1668487455,555742401,550247997,1520489443
L6/08/30.zst 587599869,400101782,869543137,552975934,554328313,1330418261
L6/08/3c.zst 0,0,1668419213,550628353,550242631,1525677099
L6/08/3e.zst 0,0,1668431426,550508768,548910477,1527116625
L6/08/3f.zst 0,0,1668443019,552211036,549393325,1524919916
L6/08/42.zst 3091644,1520374,1676785849,530133033,553429439,1530006957
L6/08/37.zst 0,0,1668472365,555012953,548932537,1522549441
L6/08/44.zst 2777347,1553558,1677068207,524930725,552819391,1535818068
L6/08/39.zst 0,0,1668447221,553782384,549381056,1523356635
L6/08/40.zst 0,0,1681879060,538611031,552517243,1521959962
L6/08/45.zst 2972055,1531414,1677215411,523800906,552896670,1536550840
L6/08/46.zst 587615835,400101878,904610378,569541904,564982004,1268115297
L6/08/49.zst 587615839,400101878,909853038,570363124,566315417,1260718000
L6/08/4d.zst 587615839,400101878,909847232,570571995,566451413,1260378939
L6/08/4c.zst 587615839,400101878,909855196,570565658,566407071,1260421654
L6/08/41.zst 0,0,1681115887,538644489,552688244,1522518676
L6/08/4b.zst 587615839,400101878,909857626,570592058,566433367,1260366528
L6/08/4f.zst 587599873,400101782,909811151,571077359,566698654,1259678477
L6/08/50.zst 2904,0,18202668,2314135024,545486950,1417139750
L6/08/51.zst 0,0,225920,2425056702,555758385,1313926289
L6/08/47.zst 587615839,400101878,904600003,569700227,565158935,1267790414
L6/08/55.zst 3018933,1597184,3707509,2575586774,505604864,1205452032
L6/08/4a.zst 587615839,400101878,909852289,570398765,566326401,1260672124
L6/08/56.zst 585415737,400091060,863400255,525983997,544227692,1375848555
L6/08/53.zst 2844008,1696194,3738630,2575813072,514553600,1196321792
L6/08/57.zst 585415739,400091060,863448050,522752111,543911562,1379348774
L6/08/5a.zst 585416454,400091098,369535705,314945556,284754414,2340224069
L6/08/5c.zst 585418662,400091286,369504547,314361966,285126435,2340464400
L6/08/52.zst 3168825,1545684,3688874,2605836361,506635264,1174092288
L6/08/5e.zst 585416067,400091060,369500253,313282391,284241476,2342436049
L6/08/60.zst 0,0,1665481626,496351030,538714049,1594420591
L6/08/61.zst 0,0,1664416819,458272308,530384970,1641893199
L6/08/5d.zst 585417101,400091094,369503442,314379196,285517430,2340059033
L6/08/63.zst 2776328,1553174,1660841042,467272460,533623172,1628901120
L6/08/64.zst 2766289,1553526,1660915505,469015509,534159546,1626556921
L6/08/58.zst 585415739,400091060,372452667,320243040,287528615,2329236175
L6/08/5b.zst 585416916,400091261,369499979,314775885,284907348,2340275907
L6/08/66.zst 585415737,400091060,860387776,518241704,540322677,1390508342
L6/08/69.zst 585415739,400091060,871645824,537473632,549219034,1351122007
L6/08/68.zst 585415739,400091060,871655024,533708395,547955343,1356141735
L6/08/67.zst 585415739,400091060,860429177,519205636,540591612,1389234072
L6/08/6d.zst 585416421,400091124,863429029,558623522,554862329,1332544871
L6/08/62.zst 3074234,1520342,1660725889,466675147,533880850,1629090834
L6/08/6e.zst 585416065,400091060,863381662,559931061,554854289,1331293159
L6/08/70.zst 4294967296,0,0,0,0,0
L6/08/72.zst 585432259,400091220,868659621,564722262,555198966,1320862968
L6/08/74.zst 875974480,371989988,1241116792,503522277,458805812,843557947
L6/08/6b.zst 585416254,400091097,863386537,556221144,555083587,1334768677
L6/08/6c.zst 585416489,400091094,863427900,557687222,554959274,1333385317
L6/08/76.zst 4294967296,0,0,0,0,0
L6/08/71.zst 4294967296,0,0,0,0,0
L6/08/77.zst 4294967296,0,0,0,0,0
L6/08/78.zst 585432259,400091220,868671247,565001593,555229727,1320541250
L6/08/7c.zst 4294967296,0,0,0,0,0
L6/08/7e.zst 585432259,400091220,868655444,564275808,555193359,1321319206
L6/08/7f.zst 667721919,391594708,1026763840,566099405,526136505,1116650919
L6/08/73.zst 667671003,391586324,1026702114,568525907,525471594,1115010354
L6/08/7d.zst 4294967296,0,0,0,0,0
L6/08/82.zst 585432259,400091220,863428469,567696768,554996089,1323322491
L6/08/81.zst 4294967296,0,0,0,0,0
L6/08/83.zst 667671003,391586324,843882077,582504930,554430044,1254892918
L6/08/79.zst 667671003,391586324,1026700838,568804301,525487985,1114716845
L6/08/86.zst 4294967296,0,0,0,0,0
L6/08/7a.zst 875974480,371989988,1241113818,503726280,458804901,843357829
L6/08/87.zst 4294967296,0,0,0,0,0
L6/08/89.zst 667671003,391586324,843876408,581961756,554459915,1255411890
L6/08/85.zst 1598437700,290340452,649613818,527228692,433253685,796092949
L6/08/8c.zst 4294967296,0,0,0,0,0
L6/08/8e.zst 585432267,400091220,863412465,556770981,552102333,1337158030
L6/08/8f.zst 667672207,391586324,843835300,566784497,551085134,1274003834
L6/08/91.zst 3724510,2054542,7796385,2196564548,581314948,1503512363
L6/08/84.zst 875974480,371989988,819442983,563489857,539460786,1124609202
L6/08/93.zst 4625940,2282264,8226117,2232331994,570291234,1477209747
L6/08/94.zst 4753421,2328746,8619162,2244835838,564217235,1470212894
L6/08/90.zst 3984644,2054750,8271588,2315246694,540841895,1424567725
L6/08/95.zst 4499819,2427079,9092198,2238375724,569487140,1471085336
L6/08/8a.zst 875974480,371989988,819439388,562747150,539462658,1125353632
L6/08/98.zst 0,0,0,0,0,4294967296
L6/08/99.zst 0,0,0,0,0,4294967296
L6/08/8d.zst 4294967296,0,0,0,0,0
L6/08/9b.zst 0,0,0,0,0,4294967296
L6/08/9e.zst 0,0,0,0,0,4294967296
L6/08/9a.zst 0,0,0,0,0,4294967296
L6/08/9f.zst 0,0,0,0,0,4294967296
L6/08/a1.zst 3720678,2054542,7797524,2359282224,542909347,1379202981
L6/08/96.zst 0,0,1852283201,532260128,547698007,1362725960
L6/08/a3.zst 4579433,2247503,8246935,2180462102,505203110,1594228213
L6/08/a5.zst 4576085,2426553,9188501,2206581276,494637744,1577557137
L6/08/a6.zst 0,0,1846782055,501505756,536603220,1410076265
L6/08/a4.zst 4825598,2302356,8639146,2213046420,499219837,1566933939
L6/08/a9.zst 0,0,0,0,0,4294967296
L6/08/9d.zst 0,0,0,0,0,4294967296
L6/08/a0.zst 3985007,2054782,8254210,2360043667,542783890,1377845740
L6/08/aa.zst 0,0,0,0,0,4294967296
L6/08/ab.zst 0,0,0,0,0,4294967296
L6/08/ae.zst 0,0,0,0,0,4294967296
L6/08/b1.zst 587615839,400101878,869351792,524280756,546373561,1367243470
L6/08/ac.zst 0,0,0,0,0,4294967296
L6/08/b2.zst 587615839,400101878,869256944,522034049,548532694,1367425892
L6/08/b4.zst 587615839,400101878,869180372,521696137,547234481,1369138589
L6/08/a7.zst 0,0,1846814916,499421765,536208407,1412522208
L6/08/b5.zst 587615839,400101878,869248601,520123706,547499720,1370377552
L6/08/b7.zst 587615839,400101878,869205837,522960655,548170373,1366912714
L6/08/b9.zst 587599893,400101788,869340301,528329338,547641732,1361954244
L6/08/af.zst 0,0,0,0,0,4294967296
L6/08/b0.zst 587599877,400101782,869441693,529054872,546933135,1361835937
L6/08/bb.zst 585426979,400091280,870809221,539150960,554580925,1344907931
L6/08/b6.zst 587615839,400101878,869183352,519918772,547611717,1370535738
L6/08/bc.zst 585433689,400091092,870681341,542223005,554348578,1342189591
L6/08/be.zst 585415905,400091060,870697674,541329324,554423530,1343009803
L6/08/c1.zst 0,0,1672620514,522600367,560614477,1539131938
L6/08/c3.zst 2776328,1553174,1669772033,521042610,554274115,1545549036
L6/08/c2.zst 3074234,1520342,1668940436,522214658,554524957,1544692669
L6/08/c6.zst 585415737,400091060,868250289,533352103,572645592,1335212515
L6/08/ba.zst 585441375,400091672,870745829,540395193,554664598,1343628629
L6/08/c5.zst 2962353,1531382,1669398683,521231623,556225680,1543617575
L6/08/c7.zst 585415739,400091060,868257723,533693539,572873460,1334635775
L6/08/c0.zst 0,0,1674839376,538171579,553433404,1528522937
L6/08/ca.zst 585415739,400091060,870987679,533485415,574090608,1330896795
L6/08/cc.zst 585415739,400091060,870987381,533092722,574857203,1330523191
L6/08/bf.zst 585415735,400091060,870728178,545738648,555570838,1337422837
L6/08/cd.zst 585415739,400091060,870983873,533142502,574942873,1330391249
L6/08/c8.zst 585415739,400091060,870994782,533474551,573909292,1331081872
L6/08/d0.zst 0,0,0,0,2966447529,1328519767
L6/08/d1.zst 0,0,0,0,2966389719,1328577577
L6/08/d3.zst 0,0,0,0,2966656624,1328310672
L6/08/d6.zst 0,0,0,0,2966003488,1328963808
L6/08/cb.zst 585415739,400091060,870989093,533492971,574914580,1330063853
L6/08/d7.zst 0,0,0,0,2965769157,1329198139
L6/08/d8.zst 0,0,0,0,2966752070,1328215226
L6/08/d4.zst 0,0,0,0,2966082766,1328884530
L6/08/cf.zst 587583915,400101686,869536854,531829288,577811646,1328103907
L6/08/da.zst 0,0,0,0,2966559925,1328407371
L6/08/dd.zst 0,0,0,0,2966420864,1328546432
L6/08/dc.zst 0,0,0,0,2966743243,1328224053
L6/08/d2.zst 0,0,0,0,2966507817,1328459479
L6/08/e1.zst 4584632,2054526,8943318,2290867779,551500684,1437016357
L6/08/e2.zst 157480619,39700214,136272973,1756935233,609692645,1594885612
L6/08/de.zst 0,0,0,0,2966454226,1328513070
L6/08/e3.zst 203037462,16501293,133669502,1797403064,584325759,1560030216
L6/08/e6.zst 0,0,1851595483,517730655,543066383,1382574775
L6/08/e7.zst 0,0,1851621101,515412257,542412574,1385521364
L6/08/db.zst 0,0,0,0,2966669462,1328297834
L6/08/e9.zst 0,0,0,0,0,4294967296
L6/08/eb.zst 0,0,0,0,0,4294967296
L6/08/e8.zst 0,0,0,0,0,4294967296
L6/08/df.zst 0,0,0,0,2970264001,1324703295
L6/08/ec.zst 0,0,0,0,0,4294967296
L6/08/ee.zst 0,0,0,0,0,4294967296
L6/08/e4.zst 187262548,13638889,141545996,1824859731,576539846,1551120286
L6/08/f0.zst 0,4294967296,0,0,0,0
L6/08/f3.zst 0,4294967296,0,0,0,0
L6/08/f1.zst 0,4294967296,0,0,0,0
L6/08/f4.zst 0,4294967296,0,0,0,0
L6/08/f7.zst 0,4294967296,0,0,0,0
L6/08/f8.zst 0,4294967296,0,0,0,0
L6/08/f9.zst 0,4294967296,0,0,0,0
L6/08/f2.zst 0,4294967296,0,0,0,0
L6/08/fc.zst 0,4294967296,0,0,0,0
L6/08/fb.zst 0,4294967296,0,0,0,0
L6/08/fd.zst 0,4294967296,0,0,0,0
L6/08/ed.zst 0,0,0,0,0,4294967296
L6/08/ff.zst 0,4294967296,0,0,0,0
L6/08/f5.zst 0,4294967296,0,0,0,0
L6/09/02.zst 585416102,400091076,863605511,566844859,554626335,1324383413
L6/09/04.zst 585415739,400091060,863591875,566630064,554651275,1324587283
L6/09/03.zst 585415740,400091060,863550388,566695761,554640777,1324573570
L6/09/09.zst 585415739,400091060,864108246,565045443,554371973,1325934835
L6/09/0a.zst 585416231,400091060,863673493,565395812,554372614,1326018086
L6/09/0b.zst 585415745,400091060,863590832,565400049,554371575,1326098035
L6/09/06.zst 585415739,400091060,863575813,566421838,554670938,1324791908
L6/09/00.zst 610561965,408501524,846577169,559531208,555768044,1314027386
L6/09/0d.zst 585415739,400091060,863553330,565432420,554409535,1326065212
L6/09/0e.zst 585415747,400091060,863640133,565375239,554378734,1326066383
L6/09/0f.zst 585417283,400091060,863607067,565126145,554310285,1326415456
L6/09/05.zst 585415745,400091060,863551994,566535862,554644057,1324728578
L6/09/07.zst 585415739,400091060,863556884,565961255,554511616,1325430742
L6/09/13.zst 0,0,1660675315,537430672,545872736,1550988573
L6/09/14.zst 0,0,1660703622,537726217,545770910,1550766547
L6/09/10.zst 585415735,400091060,903923970,557829240,559672016,1288035275
L6/09/15.zst 0,0,1660653563,537322173,545798329,1551193231
L6/09/18.zst 0,0,1669033264,550766614,552459965,1522707453
L6/09/1a.zst 0,0,1661689708,553854689,553369888,1526053011
L6/09/1c.zst 0,0,1661455845,553639640,553596335,1526275476
L6/09/11.zst 0,0,1660735038,538406178,545853024,1549973056
L6/09/1d.zst 0,0,1661425108,552183814,555240558,1526117816
L6/09/1e.zst 0,0,1668443946,551481802,553019249,1522022299
L6/09/1b.zst 0,0,1661518962,552032349,553190546,1528225439
L6/09/16.zst 0,0,1660626248,537003779,545745181,1551592088
L6/09/20.zst 585418805,400091060,863284632,539543839,576511197,1330117763
L6/09/17.zst 0,0,1660646069,537172371,546083935,1551064921
L6/09/22.zst 0,0,1660213887,529581763,576600076,1528571570
L6/09/23.zst 0,0,1660267007,528893722,576368270,1529438297
L6/09/27.zst 0,0,1660266418,527343508,575881572,1531475798
L6/09/25.zst 0,0,1660234806,525882179,576294969,1532555342
L6/09/2a.zst 0,0,1660060866,523925539,576377208,1534603683
L6/09/29.zst 0,0,1665894492,520033252,575611208,1533428344
L6/09/21.zst 0,0,1660264981,531440470,575993515,1527268330
L6/09/2c.zst 0,0,1660089072,524804473,576173466,1533900285
L6/09/2e.zst 0,0,1660011736,525556198,576825915,1532573447
L6/09/2f.zst 0,0,1660049228,526093687,577137979,1531686402
L6/09/2d.zst 0,0,1660010973,522308386,576928871,1535719066
L6/09/26.zst 0,0,1660227251,526077707,577914227,1530748111
L6/09/32.zst 0,0,1668484566,558138341,550682620,1517661769
L6/09/33.zst 0,0,1668457167,557154201,550127413,1519228515
L6/09/34.zst 0,0,1668451780,557174663,549341196,1519999657
L6/09/28.zst 0,0,1660283535,526563506,575867431,1532252824
L6/09/38.zst 0,0,1668403520,555341999,549019552,1522202225
L6/09/39.zst 0,0,1669203129,553777752,549500106,1522486309
L6/09/3a.zst 0,0,1668443844,550618548,550522361,1525382543
L6/09/36.zst 0,0,1668454732,552593218,549373097,1524546249
L6/09/31.zst 0,0,1668510833,562306977,550123349,1514026137
L6/09/3e.zst 0,0,1668423131,550579079,548909404,1527055682
L6/09/3f.zst 0,0,1668431548,552238996,549417388,1524879364
L6/09/3d.zst 0,0,1668424955,552729387,549116681,1524696273
L6/09/37.zst 0,0,1668409737,555020022,548892952,1522644585
L6/09/43.zst 2794450,1553206,1677043660,526982411,553012394,1533581175
L6/09/44.zst 2777347,1553558,1677063144,524885784,552821895,1535865568
L6/09/45.zst 2972055,1531414,1677213311,523791598,552898095,1536560823
L6/09/41.zst 0,0,1681117705,538595499,552729151,1522524941
L6/09/3c.zst 0,0,1668407423,550562184,550232476,1525765213
L6/09/48.zst 587615839,400101878,909862031,570479102,566338890,1260569556
L6/09/49.zst 587615839,400101878,909848123,570337302,566315079,1260749075
L6/09/4a.zst 587615839,400101878,909845826,570358756,566326254,1260718743
L6/09/42.zst 3091644,1520374,1676778767,530166793,553431074,1529978644
L6/09/4b.zst 587615839,400101878,909854643,570538183,566431967,1260424786
L6/09/4e.zst 587615839,400101878,909840602,570716209,566473170,1260219598
L6/09/4f.zst 587599873,400101782,909804811,571019195,566696027,1259745608
L6/09/50.zst 84,0,11008218,2321332294,545486950,1417139750
L6/09/47.zst 587615839,400101878,904615813,569619480,565159192,1267855094
L6/09/55.zst 3018933,1597184,3703454,2574696109,506159616,1205792000
L6/09/54.zst 2832833,1653826,3746933,2568026504,513460992,1205246208
L6/09/56.zst 585415737,400091060,863270664,525962866,544234060,1375992909
L6/09/4d.zst 587615839,400101878,909838331,570526920,566449032,1260435296
L6/09/53.zst 2844008,1696194,3732914,2574230052,514606592,1197857536
L6/09/59.zst 585415739,400091060,372440631,309934867,284110927,2342974072
L6/09/5a.zst 585416454,400091098,369521697,314875636,284740614,2340321797
L6/09/5b.zst 585416916,400091261,369486762,314707752,284890752,2340373853
L6/09/52.zst 3168825,1545684,3687901,2604931606,507068160,1174565120
L6/09/60.zst 0,0,1665430003,494423757,537886990,1597226546
L6/09/5f.zst 585416081,400091124,369494797,325934558,287549452,2326481284
L6/09/5e.zst 585416067,400091060,369487160,313215452,284222620,2342534937
L6/09/62.zst 3074234,1520342,1660678247,466673010,533917630,1629103833
L6/09/64.zst 2766289,1553526,1660880571,468848304,534133499,1626785107
L6/09/65.zst 2962353,1531382,1660793595,470473970,534972735,1624233261
L6/09/58.zst 585415739,400091060,372440918,320167322,287522090,2329330167
L6/09/5d.zst 585417101,400091094,369490434,314310759,285498515,2340159393
L6/09/68.zst 585415739,400091060,871516360,533474975,547915343,1356553819
L6/09/69.zst 585415739,400091060,871521788,537505865,549228065,1351204779
L6/09/6a.zst 585416304,400091092,863302832,555261819,554380088,1336515161
L6/09/67.zst 585415739,400091060,860318598,519142768,540575695,1389423436
L6/09/6e.zst 585416065,400091060,863253432,559904952,554869259,1331432528
L6/09/63.zst 2776328,1553174,1660796013,467142350,533605344,1629094087
L6/09/6f.zst 585417039,400091124,863284760,565504722,555373513,1325296138
L6/09/70.zst 4294967296,0,0,0,0,0
L6/09/73.zst 667671003,391586324,1026484641,568681565,525482939,1115060824
L6/09/75.zst 1598437700,290340452,1229382765,412133658,300810246,463862475
L6/09/6b.zst 585416254,400091097,863257020,556231517,555095784,1334875624
L6/09/76.zst 4294967296,0,0,0,0,0
L6/09/71.zst 4294967296,0,0,0,0,0
L6/09/6d.zst 585416421,400091124,863300333,558622966,554869421,1332667031
L6/09/78.zst 585432259,400091220,868538241,565026419,555232554,1320646603
L6/09/79.zst 667671003,391586324,1026483008,568958778,525497040,1114771143
L6/09/7b.zst 1598437706,290340452,1229387309,412132228,300810045,463859556
L6/09/7f.zst 667721919,391594708,1026544886,566258085,526146856,1116700842
L6/09/74.zst 875974480,371989988,1241049495,503576148,458806029,843571156
L6/09/80.zst 4294967296,0,0,0,0,0
L6/09/7c.zst 4294967296,0,0,0,0,0
L6/09/81.zst 4294967296,0,0,0,0,0
L6/09/83.zst 667671003,391586324,843786054,582469570,554430990,1255023355
L6/09/85.zst 1598437700,290340452,649591862,527178973,433256162,796162147
L6/09/7a.zst 875974480,371989988,1241046658,503779972,458805124,843371074
L6/09/87.zst 4294967296,0,0,0,0,0
L6/09/7e.zst 585432259,400091220,868525866,564283974,555197866,1321436111
L6/09/89.zst 667671003,391586324,843778520,581921916,554462647,1255546886
L6/09/86.zst 4294967296,0,0,0,0,0
L6/09/8a.zst 875974480,371989988,819392138,562640916,539481364,1125488410
L6/09/8c.zst 4294967296,0,0,0,0,0
L6/09/8f.zst 667672207,391586324,843737639,566699263,551081080,1274190783
L6/09/91.zst 3724510,2054542,7794966,2196323094,581249644,1503820540
L6/09/84.zst 875974480,371989988,819398007,563391878,539478299,1124734644
L6/09/92.zst 4106769,2075993,7924481,2195789869,581249644,1503820540
L6/09/90.zst 3985118,2054750,8200519,2314883608,540283790,1425559511
L6/09/95.zst 4499819,2427079,9090617,2238122356,569467918,1471359507
L6/09/94.zst 4753421,2328746,8617513,2244572315,564197861,1470497440
L6/09/97.zst 0,0,1852156985,529232004,547012417,1366565890
L6/09/8b.zst 1598437700,290340452,649592748,526562413,433237763,796796220
L6/09/8e.zst 585432267,400091220,863283038,556773379,552112956,1337274436
L6/09/9a.zst 0,0,0,0,0,4294967296
L6/09/9b.zst 0,0,0,0,0,4294967296
L6/09/98.zst 0,0,0,0,0,4294967296
L6/09/9c.zst 0,0,0,0,0,4294967296
L6/09/a0.zst 3984995,2054782,8215440,2358599751,542909347,1379202981
L6/09/a1.zst 3720678,2054542,7796052,2358538667,542994410,1379862947
L6/09/96.zst 0,0,1852159118,532243664,547693876,1362870638
L6/09/a3.zst 4579433,2247503,8245313,2180118868,505148541,1594627638
L6/09/a5.zst 4576085,2426553,9186844,2206320502,494593569,1577863743
L6/09/a6.zst 0,0,1846659322,501502096,536607941,1410197937
L6/09/a2.zst 3812901,2061842,7955814,2097337124,531106357,1652693258
L6/09/a8.zst 0,0,0,0,0,4294967296
L6/09/a9.zst 0,0,0,0,0,4294967296
L6/09/9d.zst 0,0,0,0,0,4294967296
L6/09/9f.zst 0,0,0,0,0,4294967296
L6/09/ab.zst 0,0,0,0,0,4294967296
L6/09/ad.zst 0,0,0,0,0,4294967296
L6/09/ae.zst 0,0,0,0,0,4294967296
L6/09/ac.zst 0,0,0,0,0,4294967296
L6/09/a7.zst 0,0,1846688440,499477516,536224971,1412576369
L6/09/b2.zst 587615839,400101878,869177052,521841046,548637258,1367594223
L6/09/b3.zst 587615839,400101878,869171876,519070693,546929004,1372078006
L6/09/b4.zst 587615839,400101878,869167915,520769241,547070051,1370242372
L6/09/b8.zst 587615839,400101878,869310122,529951019,547123589,1360864849
L6/09/b9.zst 587599893,400101788,869176863,528095816,547619101,1362373835
L6/09/b5.zst 587615839,400101878,869193867,519971145,547211103,1370873464
L6/09/ba.zst 585441375,400091672,870668214,540131127,554774082,1343860826
L6/09/af.zst 0,0,0,0,0,4294967296
L6/09/b1.zst 587615839,400101878,869189105,524051501,546362513,1367646460
L6/09/bc.zst 585433689,400091092,870667065,541292223,554174654,1343308573
L6/09/bd.zst 585432989,400091092,870690497,540769404,554836250,1343147064
L6/09/bf.zst 585415735,400091060,870732572,545325516,555667109,1337735304
L6/09/b7.zst 587615839,400101878,869209457,522482749,548284369,1367273004
L6/09/c3.zst 2776328,1553174,1669738649,520929283,554277295,1545692567
L6/09/be.zst 585415905,400091060,870695116,541625188,554597049,1342542978
L6/09/c4.zst 2766289,1553526,1669847932,520380958,555385739,1545032852
L6/09/c5.zst 2962353,1531382,1669364204,521144469,556230301,1543734587
L6/09/c8.zst 585415739,400091060,870866451,533479438,573929315,1331185293
L6/09/ca.zst 585415739,400091060,870858739,533486345,574103706,1331011707
L6/09/cb.zst 585415739,400091060,870860372,533508784,574913665,1330177676
L6/09/c9.zst 585415739,400091060,870861383,533510802,573975959,1331112353
L6/09/c2.zst 3074234,1520342,1668911230,522106490,554493805,1544861195
L6/09/c1.zst 0,0,1672606908,522351154,560589778,1539419456
L6/09/ce.zst 585431697,400091156,870845187,533139223,575222405,1330237628
L6/09/cd.zst 585415739,400091060,870854801,533150658,574949122,1330505916
L6/09/cf.zst 587583915,400101686,869406560,531856694,577842290,1328176151
L6/09/c7.zst 585415739,400091060,868141638,533337394,573232236,1334749229
L6/09/d4.zst 0,0,0,0,2965976746,1328990550
L6/09/d5.zst 0,0,0,0,2965885277,1329082019
L6/09/d6.zst 0,0,0,0,2965891662,1329075634
L6/09/d1.zst 0,0,0,0,2966282018,1328685278
L6/09/d9.zst 0,0,0,0,2966595278,1328372018
L6/09/da.zst 0,0,0,0,2966462755,1328504541
L6/09/db.zst 0,0,0,0,2966567305,1328399991
L6/09/d2.zst 0,0,0,0,2966421210,1328546086
L6/09/d3.zst 0,0,0,0,2966543843,1328423453
L6/09/de.zst 0,0,0,0,2966348614,1328618682
L6/09/df.zst 0,0,0,0,2970108706,1324858590
L6/09/dc.zst 0,0,0,0,2966630432,1328336864
L6/09/e0.zst 117468606,2103786,22781578,2363890590,564940447,1223782289
L6/09/d8.zst 0,0,0,0,2966265470,1328701826
L6/09/e4.zst 187262548,13638889,141551172,1824698604,576493785,1551322298
L6/09/e7.zst 0,0,1851475547,515529080,542425869,1385536800
L6/09/e5.zst 167424252,18555483,155301977,1824454666,574226906,1555004012
L6/09/ea.zst 0,0,0,0,0,4294967296
L6/09/e6.zst 0,0,1851493970,517720819,543066659,1382685848
L6/09/eb.zst 0,0,0,0,0,4294967296
L6/09/ec.zst 0,0,0,0,0,4294967296
L6/09/e2.zst 157480619,39700214,136269605,1756842291,609701238,1594973329
L6/09/e3.zst 203037462,16501293,133665936,1797304743,584322309,1560135553
L6/09/ee.zst 0,0,0,0,0,4294967296
L6/09/f0.zst 0,4294967296,0,0,0,0
L6/09/f1.zst 0,4294967296,0,0,0,0
L6/09/ef.zst 0,0,0,0,0,4294967296
L6/09/f5.zst 0,4294967296,0,0,0,0
L6/09/f6.zst 0,4294967296,0,0,0,0
L6/09/e9.zst 0,0,0,0,0,4294967296
L6/09/f8.zst 0,4294967296,0,0,0,0
L6/09/fb.zst 0,4294967296,0,0,0,0
L6/09/fc.zst 0,4294967296,0,0,0,0
L6/09/fa.zst 0,4294967296,0,0,0,0
L6/09/fe.zst 0,4294967296,0,0,0,0
L6/09/f4.zst 0,4294967296,0,0,0,0
L6/09/f3.zst 0,4294967296,0,0,0,0
L6/0a/01.zst 585469553,400099236,863734811,566957164,554615137,1324091395
L6/0a/00.zst 610562481,408501524,846674185,559397319,555758504,1314073283
L6/09/fd.zst 0,4294967296,0,0,0,0
L6/0a/04.zst 585416231,400091060,863692490,566493493,554638039,1324635983
L6/0a/07.zst 585416231,400091060,863650990,565802355,554497705,1325508955
L6/0a/08.zst 585416231,400091060,863789667,565356255,554355461,1325958622
L6/0a/03.zst 585416232,400091060,863650599,566550194,554634076,1324625135
L6/0a/0b.zst 585416237,400091060,863687636,565238310,554370581,1326163472
L6/0a/0c.zst 585416231,400091060,863710608,565321830,554350253,1326077314
L6/0a/0d.zst 585416231,400091060,863649492,565268159,554406155,1326136199
L6/0a/10.zst 585416227,400091060,903931656,557812544,559667083,1288048726
L6/0a/0e.zst 585416239,400091060,863746504,565220672,554370473,1326122348
L6/0a/05.zst 585416237,400091060,863656508,566386886,554634111,1324782494
L6/0a/11.zst 0,0,1660737303,538537694,545880224,1549812075
L6/0a/12.zst 0,0,1660718984,538164872,545867287,1550216153
L6/0a/06.zst 585416231,400091060,863678103,566249362,554656276,1324876264
L6/0a/0a.zst 585416723,400091060,864305714,564777450,554372562,1326003787
L6/0a/14.zst 0,0,1660708928,537847327,545767931,1550643110
L6/0a/17.zst 0,0,1660649144,537094166,546169475,1551054511
L6/0a/18.zst 0,0,1668961791,550898778,552469938,1522636789
L6/0a/15.zst 0,0,1660824681,537078708,545771491,1551292416
L6/0a/1d.zst 0,0,1661425920,551944067,555239196,1526358113
L6/0a/1c.zst 0,0,1661460904,553764162,553613196,1526129034
L6/0a/1e.zst 0,0,1668450401,551415392,553088842,1522012661
L6/0a/21.zst 0,0,1660869425,530833389,575994581,1527269901
L6/0a/22.zst 0,0,1660426910,529705429,576678314,1528156643
L6/0a/16.zst 0,0,1660633308,536932013,545590758,1551811217
L6/0a/23.zst 0,0,1660225592,528831505,576526476,1529383723
L6/0a/19.zst 0,0,1668998384,550284012,552468739,1523216161
L6/0a/20.zst 585419297,400091060,863381197,539412856,576489083,1330173803
L6/0a/1b.zst 0,0,1661601863,551926098,553197759,1528241576
L6/0a/25.zst 0,0,1660328822,525774827,576299900,1532563747
L6/0a/26.zst 0,0,1660367149,525697209,577403553,1531499385
L6/0a/28.zst 0,0,1660298035,526363091,575792357,1532513813
L6/0a/2d.zst 0,0,1660066496,521945970,576910102,1536044728
L6/0a/2f.zst 0,0,1660104819,525862415,576923949,1532076113
L6/0a/2e.zst 0,0,1660074138,525515708,576845460,1532531990
L6/0a/2b.zst 0,0,1660132288,522945949,575405081,1536483978
L6/0a/31.zst 0,0,1668565004,562217091,550114862,1514070339
L6/0a/32.zst 0,0,1668530478,558060179,550628025,1517748614
L6/0a/29.zst 0,0,1660883187,524217831,575393713,1534472565
L6/0a/27.zst 0,0,1660271028,527229948,575947209,1531519111
L6/0a/2c.zst 0,0,1660097205,525384107,576321985,1533163999
L6/0a/34.zst 0,0,1668513555,557123399,549339492,1519990850
L6/0a/36.zst 0,0,1668491739,552456218,549321756,1524697583
L6/0a/37.zst 0,0,1668438693,554885162,548862561,1522780880
L6/0a/35.zst 0,0,1668508718,555637410,550227129,1520594039
L6/0a/3c.zst 0,0,1668439644,550552505,550174183,1525800964
L6/0a/3d.zst 0,0,1668457937,552608291,549149128,1524751940
L6/0a/3e.zst 0,0,1668457908,550470321,548862291,1527176776
L6/0a/41.zst 0,0,1681285905,538312978,552704836,1522663577
L6/0a/42.zst 3091644,1520374,1676779374,530061894,553432325,1530081685
L6/0a/3f.zst 0,0,1668441944,552083486,549361738,1525080128
L6/0a/43.zst 2794450,1553206,1677121138,526877725,552976477,1533644300
L6/0a/39.zst 0,0,1668424040,553622814,549401376,1523519066
L6/0a/3b.zst 0,0,1668484755,549963883,548761680,1527756978
L6/0a/3a.zst 0,0,1669267185,550539243,550592228,1524568640
L6/0a/45.zst 2972055,1531414,1677250424,523699819,552888658,1536624926
L6/0a/46.zst 587616327,400101878,904712656,569381008,564983579,1268171848
L6/0a/48.zst 587616331,400101878,909860846,570461115,566334804,1260592322
L6/0a/47.zst 587616331,400101878,904702405,569514681,565151987,1267880014
L6/0a/4d.zst 587616331,400101878,909845799,570491884,566443696,1260467708
L6/0a/4e.zst 587616331,400101878,909844366,570676413,566464554,1260263754
L6/0a/4f.zst 587600365,400101782,909809496,570969907,566685650,1259800096
L6/0a/53.zst 2844008,1696194,3731498,2573927084,514320640,1198447872
L6/0a/52.zst 3168825,1545684,3684474,2604413049,506117120,1176038144
L6/0a/54.zst 2832839,1653826,3744305,2567615430,513505280,1205615616
L6/0a/4b.zst 587616331,400101878,909860547,570512089,566426158,1260450293
L6/0a/49.zst 587616331,400101878,909852496,570291944,566305515,1260799132
L6/0a/4c.zst 587616331,400101878,909854955,570487321,566399469,1260507342
L6/0a/51.zst 0,0,225980,2424909529,555758504,1314073283
L6/0a/56.zst 585416229,400091060,863367554,525864281,544235405,1375992767
L6/0a/57.zst 585416231,400091060,863412739,522504772,543881670,1379660824
L6/0a/58.zst 585416231,400091060,372438468,320026959,287470298,2329524280
L6/0a/5e.zst 585416559,400091060,369486465,313134584,284202009,2342636619
L6/0a/5f.zst 585416573,400091124,369494002,325780911,287502830,2326681856
L6/0a/60.zst 0,0,1665428213,493654630,538391610,1597492843
L6/0a/5d.zst 585417593,400091094,369489899,314250282,285485616,2340232812
L6/0a/62.zst 3074234,1520342,1660725521,466232359,533554982,1629859858
L6/0a/63.zst 2776328,1553174,1660881543,466905075,533310362,1629540814
L6/0a/64.zst 2766295,1553526,1660919420,468593966,533789114,1627344975
L6/0a/59.zst 585416231,400091060,372439794,309890806,284100926,2343028479
L6/0a/5b.zst 585417408,400091261,369487167,314649971,284875511,2340445978
L6/0a/5c.zst 585419154,400091286,369490762,314228293,285093718,2340644083
L6/0a/67.zst 585416231,400091060,860415359,518967276,540557231,1389520139
L6/0a/65.zst 2962353,1531382,1660822496,470352185,534667576,1624631304
L6/0a/69.zst 585416231,400091060,871610248,537125005,549167248,1351557504
L6/0a/68.zst 585416231,400091060,871614109,533262538,547886296,1356697062
L6/0a/6e.zst 585416557,400091060,863349277,559749854,554859580,1331500968
L6/0a/70.zst 4294967296,0,0,0,0,0
L6/0a/71.zst 4294967296,0,0,0,0,0
L6/0a/73.zst 667671027,391586324,1026507072,568635363,525483848,1115083662
L6/0a/6f.zst 585417531,400091124,863380019,565205791,555378151,1325494680
L6/0a/6a.zst 585416796,400091092,863406282,555119342,554358623,1336575161
L6/0a/74.zst 875974480,371989988,1241116181,503507447,458805629,843573571
L6/0a/6c.zst 585416981,400091094,863395436,557569809,554926948,1333567028
L6/0a/6d.zst 585416913,400091124,863394887,558463446,554860804,1332740122
L6/0a/76.zst 4294967296,0,0,0,0,0
L6/0a/77.zst 4294967296,0,0,0,0,0
L6/0a/7a.zst 875974480,371989988,1241113121,503711586,458804733,843373388
L6/0a/78.zst 585432751,400091220,868636285,564891775,555220128,1320695137
L6/0a/7d.zst 4294967296,0,0,0,0,0
L6/0a/7f.zst 667721943,391594708,1026567119,566201314,526146587,1116735625
L6/0a/80.zst 4294967296,0,0,0,0,0
L6/0a/83.zst 667671027,391586324,843854079,582366928,554426833,1255062105
L6/0a/84.zst 875974480,371989988,819434450,563252702,539478350,1124837326
L6/0a/79.zst 667671027,391586324,1026505241,568904656,525499303,1114800745
L6/0a/81.zst 4294967296,0,0,0,0,0
L6/0a/85.zst 1598437700,290340452,649619271,527099056,433251939,796218878
L6/0a/87.zst 4294967296,0,0,0,0,0
L6/0a/7b.zst 1598437706,290340452,1229387472,412129719,300808326,463863621
L6/0a/88.zst 585432751,400091220,863394293,567122136,554990734,1323936162
L6/0a/7c.zst 4294967296,0,0,0,0,0
L6/0a/8b.zst 1598437700,290340452,649617529,526487275,433234036,796850304
L6/0a/8c.zst 4294967296,0,0,0,0,0
L6/0a/8f.zst 667672231,391586324,843806616,566597429,551074965,1274229731
L6/0a/8a.zst 875974480,371989988,819434480,562497044,539479352,1125591952
L6/0a/91.zst 3724510,2054542,7796094,2196132209,581229631,1504030310
L6/0a/93.zst 4625940,2282264,8225726,2231968869,570216433,1477648064
L6/0a/92.zst 4106769,2075993,7925894,2195598699,581229631,1504030310
L6/0a/89.zst 667671027,391586324,843845725,581796454,554459648,1255608118
L6/0a/96.zst 0,0,1852380146,532008580,547702888,1362875682
L6/0a/97.zst 0,0,1852375439,528969866,547000111,1366621880
L6/0a/98.zst 0,0,0,0,0,4294967296
L6/0a/90.zst 3984650,2054750,8207976,2314684325,539759513,1426276082
L6/0a/8e.zst 585432759,400091220,863381081,556563448,552103283,1337395505
L6/0a/95.zst 4499819,2427079,9091867,2238026257,569339111,1471583163
L6/0a/9b.zst 0,0,0,0,0,4294967296
L6/0a/9c.zst 0,0,0,0,0,4294967296
L6/0a/9d.zst 0,0,0,0,0,4294967296
L6/0a/a2.zst 3812901,2061842,7957282,2097177529,531087814,1652869928
L6/0a/a3.zst 4579433,2247503,8246400,2179954433,505115000,1594824527
L6/0a/a1.zst 3720678,2054542,7797726,2358363512,542976322,1380054516
L6/0a/a4.zst 4825604,2302356,8638705,2212697697,499170595,1567332339
L6/0a/9a.zst 0,0,0,0,0,4294967296
L6/0a/a6.zst 0,0,1846749659,501395133,536609394,1410213110
L6/0a/a7.zst 0,0,1846778646,499342095,536212315,1412634240
L6/0a/aa.zst 0,0,0,0,0,4294967296
L6/0a/9f.zst 0,0,0,0,0,4294967296
L6/0a/a0.zst 3985475,2054782,8202924,2357866758,542994410,1379862947
L6/0a/ac.zst 0,0,0,0,0,4294967296
L6/0a/a8.zst 0,0,0,0,0,4294967296
L6/0a/ad.zst 0,0,0,0,0,4294967296
L6/0a/af.zst 0,0,0,0,0,4294967296
L6/0a/b2.zst 587616331,400101878,869178583,521598139,548302553,1368169812
L6/0a/b4.zst 587616331,400101878,869171066,520794156,547126954,1370156911
L6/0a/b6.zst 587616331,400101878,869173884,519971872,547648147,1370455184
L6/0a/ab.zst 0,0,0,0,0,4294967296
L6/0a/b3.zst 587616331,400101878,869167748,518629915,546789348,1372662076
L6/0a/b7.zst 587616331,400101878,869193958,522450231,548226951,1367377947
L6/0a/b8.zst 587616331,400101878,869404194,529682634,547078926,1361083333
L6/0a/ba.zst 585441867,400091672,870671382,539973973,554406738,1344381664
L6/0a/b1.zst 587616331,400101878,869266060,524004738,546383815,1367594474
L6/0a/b0.zst 587600369,400101782,869405306,528586992,546823169,1362449678
L6/0a/bd.zst 585433481,400091092,870795312,540659360,554983660,1343004391
L6/0a/be.zst 585416397,400091060,870688016,541398343,554483217,1342890263
L6/0a/bc.zst 585434181,400091092,870676147,541324120,554229683,1343212073
L6/0a/c0.zst 0,0,1674777632,535229227,552846088,1532114349
L6/0a/c3.zst 2776328,1553174,1669797563,520869533,554216345,1545754353
L6/0a/c4.zst 2766295,1553526,1669875752,520228260,555314699,1545228764
L6/0a/bb.zst 585427471,400091280,870674233,538452211,554420713,1345901388
L6/0a/c7.zst 585416231,400091060,868236480,533209910,573218269,1334795346
L6/0a/c8.zst 585416231,400091060,870955801,533375519,573905400,1331223285
L6/0a/c9.zst 585416231,400091060,870951373,533402742,573973195,1331132695
L6/0a/c6.zst 585416229,400091060,868231570,532839692,573005252,1335383493
L6/0a/c1.zst 0,0,1672612756,522123836,560648809,1539581895
L6/0a/cc.zst 585416231,400091060,870953299,532949849,574853886,1330702971
L6/0a/ce.zst 585432189,400091156,870941341,532970872,575215597,1330316141
L6/0a/cd.zst 585416231,400091060,870952244,533009882,574943294,1330554585
L6/0a/c2.zst 3074234,1520342,1668928418,522048071,554497405,1544898826
L6/0a/d2.zst 0,0,0,0,2966343731,1328623565
L6/0a/cf.zst 587584407,400101686,869502190,531694825,577821391,1328262797
L6/0a/d3.zst 0,0,0,0,2966492728,1328474568
L6/0a/d4.zst 0,0,0,0,2965905604,1329061692
L6/0a/cb.zst 585416231,400091060,870961513,533316186,574906839,1330275467
L6/0a/d7.zst 0,0,0,0,2965579708,1329387588
L6/0a/d9.zst 0,0,0,0,2966131956,1328835340
L6/0a/da.zst 0,0,0,0,2966395294,1328572002
L6/0a/d8.zst 0,0,0,0,2966102025,1328865271
L6/0a/d1.zst 0,0,0,0,2966200546,1328766750
L6/0a/de.zst 0,0,0,0,2966212149,1328755147
L6/0a/df.zst 0,0,0,0,2970021816,1324945480
L6/0a/dd.zst 0,0,0,0,2966256871,1328710425
L6/0a/d5.zst 0,0,0,0,2965795669,1329171627
L6/0a/e3.zst 203037462,16501293,133671331,1797260862,584296345,1560200003
L6/0a/e4.zst 187262560,13638889,141558532,1824641069,576470779,1551395467
L6/0a/e5.zst 167424240,18555483,155325689,1824334395,574227318,1555100171
L6/0a/e1.zst 4584632,2054526,8943494,2290829248,551501547,1437053849
L6/0a/db.zst 0,0,0,0,2966512259,1328455037
L6/0a/e8.zst 0,0,0,0,0,4294967296
L6/0a/e9.zst 0,0,0,0,0,4294967296
L6/0a/ea.zst 0,0,0,0,0,4294967296
L6/0a/e2.zst 157480619,39700214,136267579,1756644302,609713105,1595161477
L6/0a/ee.zst 0,0,0,0,0,4294967296
L6/0a/ef.zst 0,0,0,0,0,4294967296
L6/0a/f0.zst 0,4294967296,0,0,0,0
L6/0a/ec.zst 0,0,0,0,0,4294967296
L6/0a/e6.zst 0,0,1851562280,517666360,543079043,1382659613
L6/0a/f3.zst 0,4294967296,0,0,0,0
L6/0a/f5.zst 0,4294967296,0,0,0,0
L6/0a/f6.zst 0,4294967296,0,0,0,0
L6/0a/f7.zst 0,4294967296,0,0,0,0
L6/0a/fa.zst 0,4294967296,0,0,0,0
L6/0a/ed.zst 0,0,0,0,0,4294967296
L6/0a/fb.zst 0,4294967296,0,0,0,0
L6/0a/f2.zst 0,4294967296,0,0,0,0
L6/0a/fd.zst 0,4294967296,0,0,0,0
L6/0a/ff.zst 0,4294967296,0,0,0,0
L6/0a/fe.zst 0,4294967296,0,0,0,0
L6/0b/02.zst 585416108,400091076,863655157,566680736,554617963,1324506256
L6/0a/f8.zst 0,4294967296,0,0,0,0
L6/0b/05.zst 585415751,400091060,863583773,566367087,554612482,1324897143
L6/0b/04.zst 585415745,400091060,863621109,566488519,554620962,1324729901
L6/0b/08.zst 585415745,400091060,863720384,565335239,554339048,1326065820
L6/0b/06.zst 585415745,400091060,863604243,566237129,554644651,1324974468
L6/0b/0a.zst 585416237,400091060,863685078,565259700,554347535,1326167686
L6/0b/00.zst 610561971,408501524,846612151,559392856,555740849,1314157945
L6/0b/0b.zst 585415751,400091060,864173778,564727488,554358202,1326201017
L6/0b/0d.zst 585415745,400091060,863586379,565281577,554380233,1326212302
L6/0b/03.zst 585415746,400091060,863603476,566524592,554603180,1324729242
L6/0b/0f.zst 585417289,400091060,863624746,564993440,554282218,1326558543
L6/0b/11.zst 0,0,1660732899,538310019,545843232,1550081146
L6/0b/13.zst 0,0,1660673123,537201936,545657806,1551434431
L6/0b/0e.zst 585415753,400091060,863688242,565199310,554348737,1326224194
L6/0b/09.zst 585415745,400091060,863590357,565390275,554337962,1326141897
L6/0b/15.zst 0,0,1660642273,537203510,545757064,1551364449
L6/0b/17.zst 0,0,1660647174,537121160,546077347,1551121615
L6/0b/18.zst 0,0,1668989952,550446807,552342332,1523188205
L6/0b/1b.zst 0,0,1674154667,540337431,553284101,1527191097
L6/0b/10.zst 585415741,400091060,903921483,557789721,559664524,1288084767
L6/0b/1e.zst 0,0,1668442976,551484062,553026365,1522013893
L6/0b/19.zst 0,0,1668917187,550264976,552540106,1523245027
L6/0b/1d.zst 0,0,1661424959,552085520,555215518,1526241299
L6/0b/14.zst 0,0,1660701167,537590123,545726879,1550949127
L6/0b/1f.zst 0,0,1660879917,558295298,553696534,1522095547
L6/0b/22.zst 0,0,1660190232,529589040,576681468,1528506556
L6/0b/24.zst 0,0,1660294663,528780642,576661352,1529230639
L6/0b/1a.zst 0,0,1661687752,553834685,553388823,1526056036
L6/0b/26.zst 0,0,1660294964,525570816,577623143,1531478373
L6/0b/23.zst 0,0,1660197935,528836357,576250233,1529682771
L6/0b/28.zst 0,0,1660250671,526006786,575663814,1533046025
L6/0b/29.zst 0,0,1660344228,524567230,575502427,1534553411
L6/0b/2b.zst 0,0,1665839600,518339367,575737141,1535051188
L6/0b/20.zst 585418811,400091060,863314846,539337216,576465231,1330340132
L6/0b/2e.zst 0,0,1660018245,525723886,576817830,1532407335
L6/0b/2f.zst 0,0,1660055581,525942053,577041693,1531927969
L6/0b/30.zst 587599875,400101782,869443815,552824809,554299467,1330697548
L6/0b/25.zst 0,0,1660170461,525902949,576062397,1532831489
L6/0b/2c.zst 0,0,1660064428,525487465,576308707,1533106696
L6/0b/33.zst 0,0,1668459249,557146758,550138050,1519223239
L6/0b/35.zst 0,0,1668431268,555693065,550219006,1520623957
L6/0b/2a.zst 0,0,1660224529,523560518,576327807,1534854442
L6/0b/34.zst 0,0,1668460591,557143984,549326906,1520035815
L6/0b/38.zst 0,0,1668404130,555209488,548960373,1522393305
L6/0b/37.zst 0,0,1668410038,554950957,548864291,1522742010
L6/0b/3a.zst 0,0,1668429044,550497449,550518392,1525522411
L6/0b/3c.zst 0,0,1668427611,550600837,550215857,1525722991
L6/0b/31.zst 0,0,1668510446,562256917,550117122,1514082811
L6/0b/3d.zst 0,0,1668430861,552721227,549118946,1524696262
L6/0b/40.zst 0,0,1681607695,535845907,552083705,1525429989
L6/0b/36.zst 0,0,1668441955,552379658,549485864,1524659819
L6/0b/41.zst 0,0,1681102383,538587122,552665777,1522612014
L6/0b/43.zst 2794450,1553206,1677040654,527032215,552982522,1533564249
L6/0b/3f.zst 0,0,1668424450,552227267,549396222,1524919357
L6/0b/45.zst 2972055,1531414,1677211545,523792013,552895485,1536564784
L6/0b/3b.zst 0,0,1669234262,550008725,548853079,1526871230
L6/0b/47.zst 587615845,400101878,904593743,569596646,565142740,1267916444
L6/0b/48.zst 587615845,400101878,909852366,570450991,566330357,1260615859
L6/0b/4b.zst 587615845,400101878,909850420,570507593,566425475,1260466085
L6/0b/4d.zst 587615845,400101878,909837383,570456711,566439425,1260516054
L6/0b/4a.zst 587615845,400101878,909845033,570294743,566316291,1260793506
L6/0b/42.zst 3091644,1520374,1676770618,530081573,553406832,1530096255
L6/0b/4e.zst 587615845,400101878,909836143,570651240,566464925,1260297265
L6/0b/50.zst 540,0,12802330,2319537726,545486950,1417139750
L6/0b/46.zst 587615841,400101878,904603668,569460451,564971720,1268213738
L6/0b/51.zst 0,0,225925,2424842577,555740849,1314157945
L6/0b/54.zst 2832833,1653826,3743941,2566565432,513371904,1206799360
L6/0b/56.zst 585415743,400091060,863302064,525839795,544212160,1376106474
L6/0b/4c.zst 587615845,400101878,909846407,570461940,566399584,1260541642
L6/0b/52.zst 3168825,1545684,3687457,2604739538,506944512,1174881280
L6/0b/58.zst 585415745,400091060,372438741,319971387,287469358,2329581005
L6/0b/5a.zst 585416460,400091098,369513632,314736460,284724023,2340485623
L6/0b/5b.zst 585416922,400091261,369479033,314560911,284866589,2340552580
L6/0b/5e.zst 585416073,400091060,369478725,312842634,284121140,2343017664
L6/0b/60.zst 0,0,1665412944,489919975,536623131,1603011246
L6/0b/53.zst 2844008,1696194,3732954,2573609980,514545152,1198539008
L6/0b/61.zst 0,0,1664467632,457785082,530554907,1642159675
L6/0b/5d.zst 585417107,400091094,369482331,314146679,285468544,2340361541
L6/0b/63.zst 2776328,1553174,1660803663,467072632,533452364,1629309135
L6/0b/62.zst 3074234,1520342,1660687089,466434285,533711599,1629539747
L6/0b/57.zst 585415745,400091060,863348701,522533330,543868143,1379710317
L6/0b/66.zst 585415743,400091060,860302583,518110665,540289534,1390757711
L6/0b/5c.zst 585418668,400091286,369483782,314145788,285083611,2340744161
L6/0b/68.zst 585415745,400091060,871547601,533264095,547863248,1356785547
L6/0b/6a.zst 585416310,400091092,863334486,555066301,554348178,1336710929
L6/0b/6c.zst 585416495,400091094,863330984,557546088,554922110,1333660525
L6/0b/67.zst 585415745,400091060,860344250,519000004,540534629,1389581608
L6/0b/65.zst 2962353,1531382,1660813621,470335485,534777848,1624546607
L6/0b/6e.zst 585416071,400091060,863283542,559751395,554831772,1331593456
L6/0b/70.zst 4294967296,0,0,0,0,0
L6/0b/71.zst 4294967296,0,0,0,0,0
L6/0b/72.zst 585432265,400091220,868562229,564584741,555197939,1321098902
L6/0b/74.zst 875974480,371989988,1241049374,503500078,458806190,843647186
L6/0b/6b.zst 585416260,400091097,863294008,556072993,555057215,1335035723
L6/0b/76.zst 4294967296,0,0,0,0,0
L6/0b/77.zst 4294967296,0,0,0,0,0
L6/0b/6d.zst 585416427,400091124,863331441,558489788,554840220,1332798296
L6/0b/79.zst 667671003,391586324,1026558030,568749784,525482358,1114919797
L6/0b/7c.zst 4294967296,0,0,0,0,0
L6/0b/7d.zst 4294967296,0,0,0,0,0
L6/0b/78.zst 585432265,400091220,868568788,564891534,555207112,1320776377
L6/0b/7f.zst 667721919,391594708,1026621320,566047407,526128783,1116853159
L6/0b/73.zst 667671003,391586324,1026559490,568470257,525465464,1115214758
L6/0b/82.zst 585432265,400091220,863327148,567565737,554960823,1323590103
L6/0b/81.zst 4294967296,0,0,0,0,0
L6/0b/84.zst 875974480,371989988,819427001,563201673,539463378,1124910776
L6/0b/86.zst 4294967296,0,0,0,0,0
L6/0b/88.zst 585432265,400091220,863327149,567125587,554978821,1324012254
L6/0b/7a.zst 875974480,371989988,1241046156,503704289,458805270,843447113
L6/0b/83.zst 667671003,391586324,843820486,582268772,554420916,1255199795
L6/0b/89.zst 667671003,391586324,843811974,581714632,554456067,1255727296
L6/0b/7e.zst 585432265,400091220,868556453,564139637,555171433,1321576288
L6/0b/8a.zst 875974480,371989988,819426046,562452536,539475129,1125649117
L6/0b/8b.zst 1598437700,290340452,649612599,526461186,433227964,796887395
L6/0b/8f.zst 667672207,391586324,843772403,566514669,551067215,1274354478
L6/0b/91.zst 3724510,2054542,7795335,2196081164,581100490,1504211255
L6/0b/8d.zst 4294967296,0,0,0,0,0
L6/0b/85.zst 1598437700,290340452,649615940,527072981,433250318,796249905
L6/0b/93.zst 4625940,2282264,8224794,2231898832,570105145,1477830321
L6/0b/94.zst 4753421,2328746,8617946,2244457462,563943010,1470866711
L6/0b/95.zst 4499819,2427079,9090922,2238454319,569388566,1471106591
L6/0b/99.zst 0,0,0,0,0,4294967296
L6/0b/8c.zst 4294967296,0,0,0,0,0
L6/0b/9a.zst 0,0,0,0,0,4294967296
L6/0b/96.zst 0,0,1852246734,532083370,547682409,1362954783
L6/0b/90.zst 3984650,2054750,8251698,2314314534,539233948,1427127716
L6/0b/9b.zst 0,0,0,0,0,4294967296
L6/0b/9d.zst 0,0,0,0,0,4294967296
L6/0b/9f.zst 0,0,0,0,0,4294967296
L6/0b/a2.zst 3812901,2061842,7956189,2097057572,531079020,1652999772
L6/0b/97.zst 0,0,1852243988,529038216,546983688,1366701404
L6/0b/a4.zst 4825598,2302356,8637931,2212591077,499192121,1567418213
L6/0b/a0.zst 3985001,2054782,8221768,2357674907,542976322,1380054516
L6/0b/a5.zst 4576085,2426553,9187230,2206134076,494598539,1578044813
L6/0b/a6.zst 0,0,1846688869,501415143,536596386,1410266898
L6/0b/a9.zst 0,0,0,0,0,4294967296
L6/0b/ab.zst 0,0,0,0,0,4294967296
L6/0b/9e.zst 0,0,0,0,0,4294967296
L6/0b/ac.zst 0,0,0,0,0,4294967296
L6/0b/a1.zst 3720678,2054542,7796917,2358175711,542950611,1380268837
L6/0b/aa.zst 0,0,0,0,0,4294967296
L6/0b/ae.zst 0,0,0,0,0,4294967296
L6/0b/af.zst 0,0,0,0,0,4294967296
L6/0b/b1.zst 587615845,400101878,869216402,524072867,546388780,1367571524
L6/0b/a7.zst 0,0,1846718817,499349926,536203184,1412695369
L6/0b/b5.zst 587615845,400101878,869162419,519859779,547325521,1370901854
L6/0b/b6.zst 587615845,400101878,869164213,519871256,547775399,1370438705
L6/0b/b7.zst 587615845,400101878,869180749,522471597,548103332,1367493895
L6/0b/b3.zst 587615845,400101878,869158185,517740605,546524649,1373826134
L6/0b/ba.zst 585441381,400091672,870663207,540174272,554616370,1343980394
L6/0b/b0.zst 587599883,400101782,869347830,528764232,546875232,1362278337
L6/0b/bb.zst 585426985,400091280,870665581,537599474,554153481,1347030495
L6/0b/bc.zst 585433695,400091092,870664451,541418894,554619297,1342739867
L6/0b/b2.zst 587615845,400101878,869175211,521747404,548497115,1367829843
L6/0b/bf.zst 585415741,400091060,870702566,545229153,555525384,1338003392
L6/0b/bd.zst 585432995,400091092,870661260,540552400,554947010,1343282539
L6/0b/c1.zst 0,0,1672604816,521883631,560974415,1539504434
L6/0b/c2.zst 3074234,1520342,1668934215,521932378,554474616,1545031511
L6/0b/b8.zst 587615845,400101878,869340207,529704557,547065440,1361139369
L6/0b/c5.zst 2962353,1531382,1669361464,521040393,556227387,1543844317
L6/0b/c8.zst 585415745,400091060,870890610,533374652,573877766,1331317463
L6/0b/c7.zst 585415745,400091060,868186080,533173393,573196121,1334904897
L6/0b/c6.zst 585415743,400091060,868184203,532827401,572977217,1335471672
L6/0b/cb.zst 585415745,400091060,870898068,533319278,574887656,1330355489
L6/0b/cc.zst 585415745,400091060,870890022,532965190,574832506,1330772773
L6/0b/cd.zst 585415745,400091060,870885054,533026960,574934267,1330614210
L6/0b/c0.zst 0,0,1674789011,535340032,553625682,1531212571
L6/0b/c3.zst 2776328,1553174,1669747115,520883273,554248893,1545758513
L6/0b/d0.zst 0,0,0,0,2966111024,1328856272
L6/0b/d1.zst 0,0,0,0,2966144736,1328822560
L6/0b/d2.zst 0,0,0,0,2966263665,1328703631
L6/0b/c9.zst 585415745,400091060,870885408,533410272,573929973,1331234838
L6/0b/cf.zst 587583921,400101686,869438582,531684644,577799965,1328358498
L6/0b/d7.zst 0,0,0,0,2965481214,1329486082
L6/0b/d6.zst 0,0,0,0,2965747268,1329220028
L6/0b/d8.zst 0,0,0,0,2966041021,1328926275
L6/0b/dc.zst 0,0,0,0,2966521338,1328445958
L6/0b/de.zst 0,0,0,0,2966135352,1328831944
L6/0b/dd.zst 0,0,0,0,2966114854,1328852442
L6/0b/d3.zst 0,0,0,0,2966406215,1328561081
L6/0b/da.zst 0,0,0,0,2965978772,1328988524
L6/0b/d4.zst 0,0,0,0,2965819222,1329148074
L6/0b/e0.zst 117468174,2103786,22812936,2363859211,564936953,1223786236
L6/0b/e1.zst 4584632,2054526,8942077,2290813057,551499705,1437073299
L6/0b/d9.zst 0,0,0,0,2966090208,1328877088
L6/0b/e2.zst 157480619,39700214,136263351,1756506565,609711645,1595304902
L6/0b/e7.zst 0,0,1851506186,515385147,542399320,1385676643
L6/0b/e8.zst 0,0,0,0,0,4294967296
L6/0b/e4.zst 187262548,13638889,141555744,1824585693,576469490,1551454932
L6/0b/ea.zst 0,0,0,0,0,4294967296
L6/0b/ec.zst 0,0,0,0,0,4294967296
L6/0b/ed.zst 0,0,0,0,0,4294967296
L6/0b/e3.zst 203037462,16501293,133661107,1797195694,584296583,1560275157
L6/0b/ef.zst 0,0,0,0,0,4294967296
L6/0b/f1.zst 0,4294967296,0,0,0,0
L6/0b/e5.zst 167424240,18555483,155295012,1824324411,574242568,1555125582
L6/0b/ee.zst 0,0,0,0,0,4294967296
L6/0b/f2.zst 0,4294967296,0,0,0,0
L6/0b/f5.zst 0,4294967296,0,0,0,0
L6/0b/e9.zst 0,0,0,0,0,4294967296
L6/0b/f6.zst 0,4294967296,0,0,0,0
L6/0b/fa.zst 0,4294967296,0,0,0,0
L6/0b/f9.zst 0,4294967296,0,0,0,0
L6/0b/fd.zst 0,4294967296,0,0,0,0
L6/0b/fb.zst 0,4294967296,0,0,0,0
L6/0b/ff.zst 0,4294967296,0,0,0,0
L6/0b/fc.zst 0,4294967296,0,0,0,0
L6/0b/f7.zst 0,4294967296,0,0,0,0
L6/0b/f4.zst 0,4294967296,0,0,0,0
L6/0c/02.zst 585416102,400091076,863654342,566811056,554604451,1324390269
L6/0c/03.zst 585415740,400091060,863604850,566647140,554609498,1324599008
L6/0c/04.zst 585415739,400091060,863651390,566587112,554614232,1324607763
L6/0c/01.zst 585469061,400099236,863650108,567099711,554591121,1324058059
L6/0c/09.zst 585415739,400091060,863605004,565479209,554338853,1326037431
L6/0c/0a.zst 585416231,400091060,863704233,565356974,554346898,1326051900
L6/0c/0b.zst 585415745,400091060,863637829,565343955,554342601,1326136106
L6/0c/0e.zst 585415747,400091060,863691738,565320007,554354284,1326094460
L6/0c/0f.zst 585417283,400091060,863635822,565093349,554283440,1326446342
L6/0c/10.zst 585415735,400091060,903928471,557841250,559661037,1288029743
L6/0c/0c.zst 585415739,400091060,864211164,564923793,554339633,1325985907
L6/0c/06.zst 585415739,400091060,863649947,566319268,554633944,1324857338
L6/0c/07.zst 585415739,400091060,863601949,565885373,554477283,1325495892
L6/0c/08.zst 585415739,400091060,863756081,565427173,554338437,1325938806
L6/0c/12.zst 0,0,1660714345,538188711,545859161,1550205079
L6/0c/14.zst 0,0,1660701498,537904322,545805732,1550555744
L6/0c/13.zst 0,0,1660842964,537434970,545824553,1550864809
L6/0c/1a.zst 0,0,1661617238,553883130,553347274,1526119654
L6/0c/15.zst 0,0,1660647351,537295500,545795898,1551228547
L6/0c/1b.zst 0,0,1661604273,551892351,553157185,1528313487
L6/0c/1c.zst 0,0,1674098582,542477090,553742693,1524648931
L6/0c/1e.zst 0,0,1668448478,551541377,553048293,1521929148
L6/0c/20.zst 585418805,400091060,863331533,539214696,576379704,1330531498
L6/0c/21.zst 0,0,1660347512,531469457,576056036,1527094291
L6/0c/17.zst 0,0,1660647313,537196141,546109159,1551014683
L6/0c/18.zst 0,0,1668965220,550729818,552429743,1522842515
L6/0c/23.zst 0,0,1660270111,529127148,576335737,1529234300
L6/0c/19.zst 0,0,1668917639,550352605,552460014,1523237038
L6/0c/1f.zst 0,0,1660883590,558291313,553684957,1522107436
L6/0c/24.zst 0,0,1661088451,528205895,576816310,1528856640
L6/0c/25.zst 0,0,1660270179,525805342,576312520,1532579255
L6/0c/29.zst 0,0,1660306904,524645955,575587831,1534426606
L6/0c/2c.zst 0,0,1666227842,520336925,576565254,1531837275
L6/0c/2d.zst 0,0,1660076112,522072530,576878960,1535939694
L6/0c/2b.zst 0,0,1660299647,522959503,575571598,1536136548
L6/0c/2f.zst 0,0,1660096289,525991548,576873361,1532006098
L6/0c/30.zst 587599869,400101782,869467538,552906936,554287483,1330603688
L6/0c/31.zst 0,0,1668546621,562209393,550103962,1514107320
L6/0c/27.zst 0,0,1660347910,527220336,575891594,1531507456
L6/0c/34.zst 0,0,1668465041,557193200,549350890,1519958165
L6/0c/28.zst 0,0,1660377931,526117487,575844134,1532627744
L6/0c/2a.zst 0,0,1660250083,523692813,576358161,1534666239
L6/0c/35.zst 0,0,1668464626,555683217,550206819,1520612634
L6/0c/32.zst 0,0,1668519277,558021046,550609939,1517817034
L6/0c/36.zst 0,0,1668467423,552505810,549329310,1524664753
L6/0c/39.zst 0,0,1668426480,553617510,549377193,1523546113
L6/0c/3c.zst 0,0,1669219544,550647570,550334978,1524765204
L6/0c/3e.zst 0,0,1668428740,550525957,548879465,1527133134
L6/0c/40.zst 0,0,1681608437,538589339,552672901,1522096619
L6/0c/3d.zst 0,0,1668451988,552812735,549105248,1524597325
L6/0c/41.zst 0,0,1681105104,538411523,552726845,1522723824
L6/0c/43.zst 2794450,1553206,1677054408,527155993,552993374,1533415865
L6/0c/38.zst 0,0,1668440130,555198750,548982435,1522345981
L6/0c/44.zst 2777347,1553558,1677065545,525025455,552805466,1535739925
L6/0c/3a.zst 0,0,1668436688,550476574,550496933,1525557101
L6/0c/3b.zst 0,0,1668441850,549889636,548756314,1527879496
L6/0c/46.zst 587615835,400101878,904612973,569516763,564976216,1268143631
L6/0c/4a.zst 587615839,400101878,909849422,570363441,566311106,1260725610
L6/0c/48.zst 587615839,400101878,909859793,570511646,566331999,1260546141
L6/0c/45.zst 2972055,1531414,1677217935,523887050,552861666,1536497176
L6/0c/4d.zst 587615839,400101878,909841998,570529019,566444586,1260433976
L6/0c/4f.zst 587599873,400101782,909806758,571014245,566690423,1259754215
L6/0c/50.zst 6,0,12908956,2319431634,545486950,1417139750
L6/0c/52.zst 3168825,1545684,3689246,2605434069,507506432,1173623040
L6/0c/49.zst 587615839,400101878,909850193,570335930,566303060,1260760396
L6/0c/54.zst 2832833,1653826,3750758,2569413015,514183168,1203133696
L6/0c/51.zst 0,0,226088,2424958861,555740070,1314042277
L6/0c/55.zst 3018933,1597184,3706135,2576028468,506068480,1204548096
L6/0c/4b.zst 587615839,400101878,909856023,570550453,566425531,1260417572
L6/0c/4c.zst 587615839,400101878,909853777,570524970,566400129,1260470703
L6/0c/56.zst 585415737,400091060,863318540,525988425,544222627,1375930907
L6/0c/59.zst 585415739,400091060,372440288,309516039,283985851,2343518319
L6/0c/5b.zst 585416916,400091261,369486777,314368425,284797696,2340806221
L6/0c/5e.zst 585416067,400091060,369486640,312643525,284051934,2343278070
L6/0c/5a.zst 585416454,400091098,369521213,314448232,284614525,2340875774
L6/0c/60.zst 0,0,1665475980,494934303,538795144,1595761869
L6/0c/61.zst 0,0,1664411334,457831411,530622612,1642101939
L6/0c/62.zst 3074234,1520342,1660712694,466373553,533607995,1629678478
L6/0c/64.zst 2766289,1553526,1660911311,468653487,533885967,1627196716
L6/0c/58.zst 585415739,400091060,372439196,319784752,287392469,2329844080
L6/0c/5c.zst 585418662,400091286,369491326,313926936,285009142,2341029944
L6/0c/66.zst 585415737,400091060,860317263,518211314,540286946,1390644976
L6/0c/67.zst 585415739,400091060,860361080,519076313,540540800,1389482304
L6/0c/5d.zst 585417101,400091094,369491183,313852174,285367356,2340748388
L6/0c/63.zst 2776328,1553174,1660829922,466957784,533309978,1629540110
L6/0c/68.zst 585415739,400091060,871563358,533347033,547864989,1356685117
L6/0c/6c.zst 585416489,400091094,863353825,557637072,554885492,1333583324
L6/0c/6d.zst 585416421,400091124,863347005,558567641,554836059,1332709046
L6/0c/70.zst 4294967296,0,0,0,0,0
L6/0c/6f.zst 585417039,400091124,863332778,564820202,555219631,1326086522
L6/0c/73.zst 667671003,391586324,1026692476,568441638,525470820,1115105035
L6/0c/72.zst 585432259,400091220,868577921,564689688,555186590,1320989618
L6/0c/74.zst 875974480,371989988,1241249521,503379595,458805893,843567819
L6/0c/6a.zst 585416304,400091092,863350011,555197234,554335341,1336577314
L6/0c/6b.zst 585416254,400091097,863303993,556177581,555064199,1334914172
L6/0c/6e.zst 585416065,400091060,863299502,559849241,554826272,1331485156
L6/0c/77.zst 4294967296,0,0,0,0,0
L6/0c/78.zst 585432259,400091220,868584545,564987639,555205420,1320666213
L6/0c/79.zst 667671003,391586324,1026688589,568723323,525486854,1114811203
L6/0c/76.zst 4294967296,0,0,0,0,0
L6/0c/7e.zst 585432259,400091220,868574313,564240153,555170491,1321458860
L6/0c/7f.zst 667721919,391594708,1026754185,566016157,526135124,1116745203
L6/0c/80.zst 4294967296,0,0,0,0,0
L6/0c/83.zst 667671003,391586324,843813974,582382801,554419344,1255093850
L6/0c/84.zst 875974480,371989988,819410575,563298907,539455425,1124837921
L6/0c/85.zst 1598437700,290340452,649601760,527108644,433233747,796244993
L6/0c/81.zst 4294967296,0,0,0,0,0
L6/0c/7a.zst 875974480,371989988,1241247391,503649268,458804998,843301171
L6/0c/87.zst 4294967296,0,0,0,0,0
L6/0c/7c.zst 4294967296,0,0,0,0,0
L6/0c/88.zst 585432259,400091220,863343764,567227851,554970075,1323902127
L6/0c/7d.zst 4294967296,0,0,0,0,0
L6/0c/89.zst 667671003,391586324,843805251,581816297,554458925,1255629496
L6/0c/8d.zst 4294967296,0,0,0,0,0
L6/0c/8f.zst 667672207,391586324,843765541,566580300,551050814,1274312110
L6/0c/8a.zst 875974480,371989988,819410387,562536242,539462696,1125593503
L6/0c/91.zst 3724510,2054542,7795343,2196159148,581017865,1504215888
L6/0c/92.zst 4106769,2075993,7925133,2195625648,581017865,1504215888
L6/0c/94.zst 4753421,2328746,8618101,2245022473,564073066,1470171489
L6/0c/96.zst 0,0,1852213075,532241943,547673720,1362838558
L6/0c/97.zst 0,0,1852209742,529183366,546984764,1366589424
L6/0c/95.zst 4499819,2427079,9091160,2238592645,569311815,1471044778
L6/0c/8b.zst 1598437700,290340452,649602172,526484795,433209386,796892791
L6/0c/8e.zst 585432267,400091220,863330719,556663704,552067541,1337381845
L6/0c/99.zst 0,0,0,0,0,4294967296
L6/0c/90.zst 3984644,2054750,8177446,2313409738,538335685,1429005033
L6/0c/9a.zst 0,0,0,0,0,4294967296
L6/0c/9b.zst 0,0,0,0,0,4294967296
L6/0c/a0.zst 3984995,2054782,8168910,2357539161,542950611,1380268837
L6/0c/a2.zst 3812901,2061842,7958573,2097131702,531069593,1652932685
L6/0c/9d.zst 0,0,0,0,0,4294967296
L6/0c/a3.zst 4579433,2247503,8246785,2179942082,505114757,1594836736
L6/0c/a6.zst 0,0,1846704698,501517631,536588051,1410156916
L6/0c/a5.zst 4576085,2426553,9187369,2206243811,494596263,1577937215
L6/0c/a8.zst 0,0,0,0,0,4294967296
L6/0c/9e.zst 0,0,0,0,0,4294967296
L6/0c/9f.zst 0,0,0,0,0,4294967296
L6/0c/a1.zst 3720678,2054542,7796480,2358039396,542899096,1380457104
L6/0c/aa.zst 0,0,0,0,0,4294967296
L6/0c/ab.zst 0,0,0,0,0,4294967296
L6/0c/a7.zst 0,0,1846735530,499446052,536196383,1412589331
L6/0c/ac.zst 0,0,0,0,0,4294967296
L6/0c/b1.zst 587615839,400101878,869327933,524074706,546315173,1367531767
L6/0c/b2.zst 587615839,400101878,869306354,522153592,548403096,1367386537
L6/0c/b4.zst 587615839,400101878,869177744,521117014,547385815,1369569006
L6/0c/b3.zst 587615839,400101878,869172435,519160811,546979212,1371937121
L6/0c/b6.zst 587615839,400101878,869181347,520247491,547779169,1370041572
L6/0c/b7.zst 587615839,400101878,869185611,523055014,548151739,1366857215
L6/0c/b8.zst 587615839,400101878,869355853,529834995,547070922,1360987809
L6/0c/ae.zst 0,0,0,0,0,4294967296
L6/0c/af.zst 0,0,0,0,0,4294967296
L6/0c/b0.zst 587599877,400101782,869358093,528908808,546956424,1362042312
L6/0c/bb.zst 585426979,400091280,870678941,538979093,554637933,1345153070
L6/0c/bc.zst 585433689,400091092,870680339,541634848,554504361,1342622967
L6/0c/bd.zst 585432989,400091092,870670758,540775134,554819482,1343177841
L6/0c/ba.zst 585441375,400091672,870797613,540472268,554533185,1343631183
L6/0c/c2.zst 3074234,1520342,1668940873,522114171,554488222,1544829454
L6/0c/c3.zst 2776328,1553174,1669759802,521005033,554224223,1545648736
L6/0c/c4.zst 2766289,1553526,1669861673,520397939,555376033,1545011836
L6/0c/c7.zst 585415739,400091060,868185456,533314720,573203876,1334756445
L6/0c/c5.zst 2962353,1531382,1669372967,521260174,556190713,1543649707
L6/0c/c9.zst 585415739,400091060,870900224,533492559,573933834,1331133880
L6/0c/c8.zst 585415739,400091060,870905432,533480639,573877916,1331196510
L6/0c/bf.zst 585415735,400091060,870707728,545892345,555512285,1337348143
L6/0c/c0.zst 0,0,1674993045,537672487,553811078,1528490686
L6/0c/c1.zst 0,0,1672615599,522369072,560791748,1539190877
L6/0c/cb.zst 585415739,400091060,870909238,533445617,574888314,1330217328
L6/0c/cd.zst 585415739,400091060,870908286,533070572,574939469,1330542170
L6/0c/ce.zst 585431697,400091156,870892066,533098501,575193016,1330260860
L6/0c/cc.zst 585415739,400091060,870913660,533031865,574841000,1330673972
L6/0c/d3.zst 0,0,0,0,2966526621,1328440675
L6/0c/d4.zst 0,0,0,0,2965967341,1328999955
L6/0c/d5.zst 0,0,0,0,2965863298,1329103998
L6/0c/d8.zst 0,0,0,0,2966115833,1328851463
L6/0c/d9.zst 0,0,0,0,2966205569,1328761727
L6/0c/d7.zst 0,0,0,0,2965588319,1329378977
L6/0c/d0.zst 0,0,0,0,2966221354,1328745942
L6/0c/d1.zst 0,0,0,0,2966246656,1328720640
L6/0c/da.zst 0,0,0,0,2966120950,1328846346
L6/0c/cf.zst 587583915,400101686,869454144,531791617,577814761,1328221173
L6/0c/dc.zst 0,0,0,0,2966570374,1328396922
L6/0c/dd.zst 0,0,0,0,2966240468,1328726828
L6/0c/e1.zst 4584632,2054526,8943161,2290890825,551515324,1436978828
L6/0c/e4.zst 187262548,13638889,141556340,1824350956,576368456,1551790107
L6/0c/e5.zst 167424240,18555483,155314401,1824030517,574123393,1555519262
L6/0c/de.zst 0,0,0,0,2966244053,1328723243
L6/0c/e0.zst 117468132,2103786,22797079,2363884677,564931692,1223781930
L6/0c/e6.zst 0,0,1851518003,517787655,543054382,1382607256
L6/0c/e7.zst 0,0,1851523502,515494739,542411035,1385538020
L6/0c/e9.zst 0,0,0,0,0,4294967296
L6/0c/df.zst 0,0,0,0,2970058172,1324909124
L6/0c/e2.zst 157480619,39700214,136260533,1756260290,609617174,1595648466
L6/0c/ea.zst 0,0,0,0,0,4294967296
L6/0c/ee.zst 0,0,0,0,0,4294967296
L6/0c/ec.zst 0,0,0,0,0,4294967296
L6/0c/ed.zst 0,0,0,0,0,4294967296
L6/0c/f2.zst 0,4294967296,0,0,0,0
L6/0c/f3.zst 0,4294967296,0,0,0,0
L6/0c/f5.zst 0,4294967296,0,0,0,0
L6/0c/f4.zst 0,4294967296,0,0,0,0
L6/0c/f1.zst 0,4294967296,0,0,0,0
L6/0c/f8.zst 0,4294967296,0,0,0,0
L6/0c/fa.zst 0,4294967296,0,0,0,0
L6/0c/eb.zst 0,0,0,0,0,4294967296
L6/0c/f7.zst 0,4294967296,0,0,0,0
L6/0c/f0.zst 0,4294967296,0,0,0,0
L6/0c/fb.zst 0,4294967296,0,0,0,0
L6/0c/fe.zst 0,4294967296,0,0,0,0
L6/0c/ff.zst 0,4294967296,0,0,0,0
L6/0d/04.zst 585415739,400091060,863587662,566422303,554695740,1324754792
L6/0c/fd.zst 0,4294967296,0,0,0,0
L6/0d/05.zst 585415745,400091060,863548397,566327231,554680196,1324904667
L6/0d/06.zst 585415739,400091060,863567756,566197392,554712796,1324982553
L6/0d/01.zst 585469061,400099236,863597986,566945271,554663426,1324192316
L6/0d/08.zst 585415739,400091060,863681782,565299980,554411050,1326067685
L6/0d/0a.zst 585416231,400091060,863646655,565235388,554422759,1326155203
L6/0d/0b.zst 585415745,400091060,863586025,565209433,554416202,1326248831
L6/0d/00.zst 610561965,408501524,846574039,559382669,555808888,1314138211
L6/0d/02.zst 585416102,400091076,863601186,566673682,554672209,1324513041
L6/0d/0e.zst 585415747,400091060,863657222,565167710,554426462,1326209095
L6/0d/0c.zst 585415739,400091060,863605885,565280222,554427771,1326146619
L6/0d/0f.zst 585417283,400091060,863590368,564958542,554357820,1326552223
L6/0d/10.zst 585415735,400091060,903919375,557764733,559709692,1288066701
L6/0d/09.zst 585415739,400091060,863551870,565351035,554413329,1326144263
L6/0d/16.zst 0,0,1660619691,536879906,545767301,1551700398
L6/0d/14.zst 0,0,1660693342,537295729,546091988,1550886237
L6/0d/17.zst 0,0,1660643924,537061805,546149793,1551111774
L6/0d/15.zst 0,0,1660644017,537187919,545778367,1551356993
L6/0d/1a.zst 0,0,1661612041,553914107,553396797,1526044351
L6/0d/1b.zst 0,0,1661524636,551912427,553190466,1528339767
L6/0d/1c.zst 0,0,1661536816,553671156,553946952,1525812372
L6/0d/11.zst 0,0,1660729637,538243581,545873239,1550120839
L6/0d/12.zst 0,0,1660704213,538088066,545898071,1550276946
L6/0d/1f.zst 0,0,1660879851,558313080,553681855,1522092510
L6/0d/21.zst 0,0,1660465812,530833587,575907593,1527760304
L6/0d/20.zst 585418805,400091060,863280211,539060726,576464223,1330652271
L6/0d/1e.zst 0,0,1668528628,551402458,553058913,1521977297
L6/0d/19.zst 0,0,1668913832,550317294,552490131,1523246039
L6/0d/25.zst 0,0,1660148961,525796765,576065981,1532955589
L6/0d/26.zst 0,0,1660163590,525769057,577722199,1531312450
L6/0d/27.zst 0,0,1660962141,526338557,575942503,1531724095
L6/0d/2b.zst 0,0,1660261568,522994053,575797796,1535913879
L6/0d/2c.zst 0,0,1660247347,524799720,576750765,1533169464
L6/0d/22.zst 0,0,1660175994,529732919,576894892,1528163491
L6/0d/28.zst 0,0,1660290847,525863590,575771905,1533040954
L6/0d/2d.zst 0,0,1665908886,517194861,576989216,1534874333
L6/0d/23.zst 0,0,1660284422,528696930,576360611,1529625333
L6/0d/2f.zst 0,0,1660055578,526043053,577057934,1531810731
L6/0d/30.zst 587599869,400101782,869409841,552747911,554384992,1330722901
L6/0d/33.zst 0,0,1668436665,557040666,550202150,1519287815
L6/0d/36.zst 0,0,1668431743,552500636,549395295,1524639622
L6/0d/2a.zst 0,0,1660285164,523669299,576396938,1534615895
L6/0d/32.zst 0,0,1668483025,558018242,550626943,1517839086
L6/0d/37.zst 0,0,1668414046,554934001,548910417,1522708832
L6/0d/38.zst 0,0,1668401939,555196461,549059727,1522309169
L6/0d/3a.zst 0,0,1668420702,550456068,550511195,1525579331
L6/0d/3d.zst 0,0,1669225509,552801155,549224264,1523716368
L6/0d/31.zst 0,0,1668513183,562227331,550112145,1514114637
L6/0d/3e.zst 0,0,1668439337,550625530,548942295,1526960134
L6/0d/34.zst 0,0,1668439304,557064087,549366788,1520097117
L6/0d/3c.zst 0,0,1668405724,550395130,550347348,1525819094
L6/0d/40.zst 0,0,1681497103,535444380,554790869,1523234944
L6/0d/41.zst 0,0,1681107780,538295261,552980011,1522584244
L6/0d/43.zst 2794450,1553206,1677047096,527120143,553081421,1533370980
L6/0d/3b.zst 0,0,1668430216,549865479,548793802,1527877799
L6/0d/47.zst 587615839,400101878,904589619,569565053,565202736,1267892171
L6/0d/48.zst 587615839,400101878,909850124,570403314,566389141,1260607000
L6/0d/45.zst 2972055,1531414,1677215192,523851525,552951370,1536445740
L6/0d/49.zst 587615839,400101878,909840492,570236550,566363261,1260809276
L6/0d/4b.zst 587615839,400101878,909847675,570420842,566500552,1260480510
L6/0d/4d.zst 587615839,400101878,909834800,570440805,566498913,1260475061
L6/0d/42.zst 3091644,1520374,1676771263,530036897,553500640,1530046478
L6/0d/44.zst 2777347,1553558,1677070379,524993946,552884503,1535687563
L6/0d/4f.zst 587599873,400101782,909799141,570922667,566743759,1259800074
L6/0d/50.zst 0,0,10592557,2321748039,545486950,1417139750
L6/0d/52.zst 3168825,1545684,3682044,2604849399,507654912,1174066432
L6/0d/4e.zst 587615839,400101878,909834378,570619972,566521188,1260274041
L6/0d/55.zst 3018933,1597184,3697129,2574005090,507161600,1205487360
L6/0d/56.zst 585415737,400091060,863266605,525796722,544319371,1376077801
L6/0d/4a.zst 587615839,400101878,909840831,570253225,566374218,1260781305
L6/0d/58.zst 585415739,400091060,372429049,319728252,287397413,2329905783
L6/0d/5a.zst 585416454,400091098,369508073,314393977,284625724,2340931970
L6/0d/5b.zst 585416916,400091261,369473590,314193927,284758413,2341033189
L6/0d/5e.zst 585416067,400091060,369473944,312579927,284033166,2343373132
L6/0d/59.zst 585415739,400091060,372430554,309466016,283992201,2343571726
L6/0d/53.zst 2844008,1696194,3727656,2573477038,516109824,1197112576
L6/0d/54.zst 2832833,1653826,3741470,2567848415,514728448,1204162304
L6/0d/60.zst 0,0,1665394865,490776039,538799126,1599997266
L6/0d/5f.zst 585416081,400091124,369483115,325325561,287366667,2327284748
L6/0d/62.zst 3074234,1520342,1660687074,466341351,533823237,1629521058
L6/0d/66.zst 585415737,400091060,860285457,518022327,540363708,1390789007
L6/0d/63.zst 2776328,1553174,1660802601,466981171,533490381,1629363641
L6/0d/5c.zst 585418662,400091286,369478315,313768608,284971660,2341238765
L6/0d/69.zst 585415739,400091060,871510774,537048838,549218025,1351682860
L6/0d/67.zst 585415739,400091060,860326838,518917029,540606570,1389610060
L6/0d/6a.zst 585416304,400091092,863299388,555032617,554416138,1336711757
L6/0d/6d.zst 585416421,400091124,863302574,558443156,554907359,1332806662
L6/0d/6f.zst 585417039,400091124,863279933,564390694,555164848,1326623658
L6/0d/64.zst 2766289,1553526,1660895311,468593617,533987195,1627171358
L6/0d/6b.zst 585416254,400091097,863252901,556026293,555136127,1335044624
L6/0d/65.zst 2962353,1531382,1660804067,470282519,534873359,1624513616
L6/0d/70.zst 4294967296,0,0,0,0,0
L6/0d/71.zst 4294967296,0,0,0,0,0
L6/0d/73.zst 667671003,391586324,1026508672,568531913,525515520,1115153864
L6/0d/79.zst 667671003,391586324,1026507257,568816884,525528458,1114857370
L6/0d/6c.zst 585416489,400091094,863295077,557477378,554962512,1333724746
L6/0d/77.zst 4294967296,0,0,0,0,0
L6/0d/7a.zst 875974480,371989988,1241112501,503701819,458810072,843378436
L6/0d/75.zst 1598437700,290340452,1229383067,412125661,300811679,463868737
L6/0d/7e.zst 585432259,400091220,868522773,564127743,555241944,1321551357
L6/0d/7b.zst 1598437706,290340452,1229387226,412124673,300811473,463865766
L6/0d/7f.zst 667721919,391594708,1026570743,566109372,526179939,1116790615
L6/0d/74.zst 875974480,371989988,1241114766,503498487,458811017,843578558
L6/0d/82.zst 585432259,400091220,863292306,567547868,555039207,1323564436
L6/0d/81.zst 4294967296,0,0,0,0,0
L6/0d/76.zst 4294967296,0,0,0,0,0
L6/0d/84.zst 875974480,371989988,819394449,563151604,539507203,1124949572
L6/0d/80.zst 4294967296,0,0,0,0,0
L6/0d/86.zst 4294967296,0,0,0,0,0
L6/0d/87.zst 4294967296,0,0,0,0,0
L6/0d/7c.zst 4294967296,0,0,0,0,0
L6/0d/8a.zst 875974480,371989988,819394680,562402196,539507762,1125698190
L6/0d/8c.zst 4294967296,0,0,0,0,0
L6/0d/8d.zst 4294967296,0,0,0,0,0
L6/0d/90.zst 3984644,2054750,8196710,2313159496,537572780,1429998916
L6/0d/8b.zst 1598437700,290340452,649593365,526401553,433240231,796953995
L6/0d/91.zst 3724510,2054542,7794831,2195973753,581020879,1504398781
L6/0d/93.zst 4625940,2282264,8224395,2232301174,570241735,1477291788
L6/0d/85.zst 1598437700,290340452,649592696,527030767,433261933,796303748
L6/0d/89.zst 667671003,391586324,843774151,581694581,554527258,1255713979
L6/0d/94.zst 4753421,2328746,8617351,2244894170,564058821,1470314787
L6/0d/96.zst 0,0,1852154786,532092838,547738083,1362981589
L6/0d/97.zst 0,0,1852151700,529042360,547048572,1366724664
L6/0d/95.zst 4499819,2427079,9090395,2238354699,569320039,1471275265
L6/0d/8f.zst 667672207,391586324,843734943,566414291,551103433,1274456098
L6/0d/9b.zst 0,0,0,0,0,4294967296
L6/0d/9c.zst 0,0,0,0,0,4294967296
L6/0d/9d.zst 0,0,0,0,0,4294967296
L6/0d/a1.zst 3720678,2054542,7797911,2357938771,542942908,1380512486
L6/0d/a2.zst 3812901,2061842,7955612,2096997792,531191816,1652947333
L6/0d/9f.zst 0,0,0,0,0,4294967296
L6/0d/a3.zst 4579433,2247503,8245187,2179737901,505169420,1594987852
L6/0d/99.zst 0,0,0,0,0,4294967296
L6/0d/9a.zst 0,0,0,0,0,4294967296
L6/0d/a5.zst 4576085,2426553,9186731,2206037326,494620466,1578120135
L6/0d/a6.zst 0,0,1846656246,501371694,536649494,1410289862
L6/0d/a8.zst 0,0,0,0,0,4294967296
L6/0d/a0.zst 3984995,2054782,8211032,2357360287,542899096,1380457104
L6/0d/ac.zst 0,0,0,0,0,4294967296
L6/0d/a7.zst 0,0,1846684073,499253653,536258900,1412770670
L6/0d/ad.zst 0,0,0,0,0,4294967296
L6/0d/ae.zst 0,0,0,0,0,4294967296
L6/0d/b1.zst 587615839,400101878,869187685,523984042,546358137,1367719715
L6/0d/b3.zst 587615839,400101878,869158002,518674779,547045120,1372371678
L6/0d/b4.zst 587615839,400101878,869153090,519852665,548420894,1369822930
L6/0d/a9.zst 0,0,0,0,0,4294967296
L6/0d/ab.zst 0,0,0,0,0,4294967296
L6/0d/b2.zst 587615839,400101878,869176819,521860507,548795170,1367417083
L6/0d/b6.zst 587615839,400101878,869160520,519910988,547902766,1370275305
L6/0d/b7.zst 587615839,400101878,869172427,522020962,548119469,1367936721
L6/0d/b8.zst 587615839,400101878,869305110,529644199,547151157,1361149113
L6/0d/b0.zst 587599877,400101782,869306281,528665333,546931262,1362362761
L6/0d/bd.zst 585432989,400091092,870656173,539899006,555168282,1343719754
L6/0d/be.zst 585415905,400091060,870675072,541314974,554736233,1342734052
L6/0d/bf.zst 585415735,400091060,870694793,544859702,555510277,1338395729
L6/0d/bc.zst 585433689,400091092,870653385,540350023,555566607,1342872500
L6/0d/c3.zst 2776328,1553174,1669745386,520932453,554395707,1545564248
L6/0d/c2.zst 3074234,1520342,1668922288,521987219,554620732,1544842481
L6/0d/c4.zst 2766289,1553526,1669847022,520346544,555424497,1545029418
L6/0d/ba.zst 585441375,400091672,870668353,540141767,554910273,1343713856
L6/0d/bb.zst 585426979,400091280,870663609,538559785,554656731,1345568912
L6/0d/c7.zst 585415739,400091060,868135454,533159783,573267677,1334897583
L6/0d/c8.zst 585415739,400091060,870856522,533331297,573946437,1331326241
L6/0d/c5.zst 2962353,1531382,1669358534,521168992,556337304,1543608731
L6/0d/c9.zst 585415739,400091060,870850206,533345738,574012789,1331251764
L6/0d/c1.zst 0,0,1672605478,522137363,561113776,1539110679
L6/0d/cd.zst 585415739,400091060,870858444,532927696,575008956,1330665401
L6/0d/ce.zst 585431697,400091156,870842657,532951749,575271388,1330378649
L6/0d/d0.zst 0,0,0,0,2966103637,1328863659
L6/0d/d3.zst 0,0,0,0,2966420121,1328547175
L6/0d/cf.zst 587583915,400101686,869403977,531654521,577878326,1328344871
L6/0d/d4.zst 0,0,0,0,2965815432,1329151864
L6/0d/d5.zst 0,0,0,0,2965702402,1329264894
L6/0d/cb.zst 585415739,400091060,870856199,533309062,574977299,1330317937
L6/0d/cc.zst 585415739,400091060,870862975,532890374,574922818,1330784330
L6/0d/d7.zst 0,0,0,0,2965468003,1329499293
L6/0d/d9.zst 0,0,0,0,2966128461,1328838835
L6/0d/da.zst 0,0,0,0,2965987719,1328979577
L6/0d/d2.zst 0,0,0,0,2966317531,1328649765
L6/0d/d8.zst 0,0,0,0,2965981172,1328986124
L6/0d/de.zst 0,0,0,0,2966109173,1328858123
L6/0d/e0.zst 117468132,2103786,22783722,2363884929,564933885,1223792842
L6/0d/df.zst 0,0,0,0,2969937854,1325029442
L6/0d/e4.zst 187262548,13638889,141541507,1824166445,576339919,1552017988
L6/0d/e5.zst 167424240,18555483,155293445,1823848542,574123585,1555722001
L6/0d/e6.zst 0,0,1851470885,517646617,543137938,1382711856
L6/0d/e3.zst 203037462,16501293,133664208,1796726028,584169266,1560869039
L6/0d/dc.zst 0,0,0,0,2966074967,1328892329
L6/0d/e8.zst 0,0,0,0,0,4294967296
L6/0d/dd.zst 0,0,0,0,2966150278,1328817018
L6/0d/e9.zst 0,0,0,0,0,4294967296
L6/0d/ea.zst 0,0,0,0,0,4294967296
L6/0d/e2.zst 157480619,39700214,136288794,1755987847,609589316,1595920506
L6/0d/ee.zst 0,0,0,0,0,4294967296
L6/0d/f0.zst 0,4294967296,0,0,0,0
L6/0d/eb.zst 0,0,0,0,0,4294967296
L6/0d/f1.zst 0,4294967296,0,0,0,0
L6/0d/f4.zst 0,4294967296,0,0,0,0
L6/0d/f5.zst 0,4294967296,0,0,0,0
L6/0d/f7.zst 0,4294967296,0,0,0,0
L6/0d/f8.zst 0,4294967296,0,0,0,0
L6/0d/f9.zst 0,4294967296,0,0,0,0
L6/0d/fb.zst 0,4294967296,0,0,0,0
L6/0d/f3.zst 0,4294967296,0,0,0,0
L6/0d/ed.zst 0,0,0,0,0,4294967296
L6/0d/ff.zst 0,4294967296,0,0,0,0
L6/0d/ef.zst 0,0,0,0,0,4294967296
L6/0d/fd.zst 0,4294967296,0,0,0,0
L6/0d/fe.zst 0,4294967296,0,0,0,0
L6/0e/00.zst 610561973,408501524,846664211,559388672,555746777,1314104139
L6/0e/04.zst 585415747,400091060,863675424,566453195,554611001,1324720869
L6/0e/08.zst 585415747,400091060,863770225,565309474,554340725,1326040065
L6/0e/07.zst 585415747,400091060,863642879,565731394,554494164,1325592052
L6/0e/0a.zst 585416239,400091060,863742541,565223451,554352063,1326141942
L6/0e/06.zst 585415747,400091060,863659883,566220840,554641474,1324938292
L6/0e/0b.zst 585415753,400091060,863687577,565183301,554343342,1326246263
L6/0e/01.zst 585469069,400099236,863679249,566987820,554600649,1324131273
L6/0e/0c.zst 585415747,400091060,863692032,565285777,554344598,1326138082
L6/0e/02.zst 585416110,400091076,863689105,566684922,554595674,1324490409
L6/0e/0e.zst 585415755,400091060,864278682,564694768,554357104,1326129927
L6/0e/05.zst 585415753,400091060,863632108,566316671,554611256,1324900448
L6/0e/10.zst 585415743,400091060,903921018,557832877,559663470,1288043128
L6/0e/12.zst 0,0,1660701598,538272822,545895342,1550097534
L6/0e/15.zst 0,0,1660640414,537259447,545766347,1551301088
L6/0e/0f.zst 585417291,400091060,863673791,564973514,554288050,1326523590
L6/0e/17.zst 0,0,1660814048,537046479,546084449,1551022320
L6/0e/18.zst 0,0,1668957873,550885100,552442024,1522682299
L6/0e/1a.zst 0,0,1661617334,553819181,553493463,1526037318
L6/0e/1c.zst 0,0,1661463455,553771340,553895679,1525836822
L6/0e/11.zst 0,0,1660729810,538643311,545904311,1549689864
L6/0e/1b.zst 0,0,1661521475,551985681,553178031,1528282109
L6/0e/14.zst 0,0,1660694826,537935211,545796024,1550541235
L6/0e/1e.zst 0,0,1681115767,539919404,553140962,1520791163
L6/0e/1f.zst 0,0,1660959121,558128343,553778885,1522100947
L6/0e/16.zst 0,0,1660626452,537080771,545765106,1551494967
L6/0e/20.zst 585418813,400091060,863364497,539100836,576387439,1330604651
L6/0e/26.zst 0,0,1660500447,525594152,577609986,1531262711
L6/0e/25.zst 0,0,1660250977,525766893,576261094,1532688332
L6/0e/28.zst 0,0,1660341056,526533011,575911876,1532181353
L6/0e/23.zst 0,0,1660819945,528460195,576400231,1529286925
L6/0e/2a.zst 0,0,1660995623,522900369,576534612,1534536692
L6/0e/2b.zst 0,0,1660881251,522517863,575501647,1536066535
L6/0e/2c.zst 0,0,1660394441,524840321,576673921,1533058613
L6/0e/21.zst 0,0,1660261453,531692130,576067615,1526946098
L6/0e/2f.zst 0,0,1660142378,525751911,577160415,1531912592
L6/0e/24.zst 0,0,1660432508,528907918,576807608,1528819262
L6/0e/30.zst 587599877,400101782,869494657,552769531,554312804,1330688645
L6/0e/27.zst 0,0,1660327889,527074420,575790329,1531774658
L6/0e/31.zst 0,0,1668569861,562192234,550103970,1514101231
L6/0e/2d.zst 0,0,1660334135,522005451,577007150,1535620560
L6/0e/34.zst 0,0,1668493389,557035259,549405522,1520033126
L6/0e/36.zst 0,0,1668462747,552458408,549293620,1524752521
L6/0e/38.zst 0,0,1668430999,555040361,549190533,1522305403
L6/0e/3b.zst 0,0,1668455239,549874234,548763581,1527874242
L6/0e/39.zst 0,0,1668417069,553610625,549368687,1523570915
L6/0e/3c.zst 0,0,1668430892,550382162,550367331,1525786911
L6/0e/3d.zst 0,0,1668431276,552731920,549268138,1524535962
L6/0e/32.zst 0,0,1668510261,558013829,550625943,1517817263
L6/0e/3f.zst 0,0,1668450011,552274545,549405009,1524837731
L6/0e/35.zst 0,0,1668461791,555651755,550209588,1520644162
L6/0e/41.zst 0,0,1681099721,538489206,552784133,1522594236
L6/0e/37.zst 0,0,1668438485,554906577,548933094,1522689140
L6/0e/42.zst 3091644,1520374,1676775013,530133750,553502327,1529944188
L6/0e/44.zst 2777347,1553558,1677072101,525151524,552880837,1535531929
L6/0e/40.zst 0,0,1681494572,538764649,552769386,1521938689
L6/0e/49.zst 587615847,400101878,909843958,570314483,566310503,1260780627
L6/0e/47.zst 587615847,400101878,904595446,569634373,565148533,1267871219
L6/0e/4a.zst 587615847,400101878,909841902,570319888,566317280,1260770501
L6/0e/4d.zst 587615847,400101878,909835812,570491961,566437728,1260484070
L6/0e/4e.zst 587615847,400101878,909837976,570703865,566462802,1260244928
L6/0e/4c.zst 587615847,400101878,909845210,570490057,566395238,1260519066
L6/0e/43.zst 2794450,1553206,1677078040,527254548,553044547,1533242505
L6/0e/4f.zst 587599881,400101782,909801803,570990963,566685144,1259787723
L6/0e/46.zst 587615843,400101878,904601561,569510168,564973539,1268164307
L6/0e/51.zst 0,0,226245,2424890135,555746777,1314104139
L6/0e/48.zst 587615847,400101878,909852524,570486429,566336531,1260574087
L6/0e/52.zst 3168825,1545684,3687013,2606797966,509038848,1170728960
L6/0e/55.zst 3018933,1597184,3700397,2574797470,506273024,1205580288
L6/0e/58.zst 585415747,400091060,372428302,319710085,287363963,2329958139
L6/0e/53.zst 2844008,1696194,3732930,2576155412,515568128,1194970624
L6/0e/5b.zst 585416924,400091261,369472350,314014792,284695807,2341276162
L6/0e/5a.zst 585416462,400091098,369507019,314282399,284585471,2341084847
L6/0e/5d.zst 585417109,400091094,369475752,313761978,285352326,2340869037
L6/0e/5f.zst 585416089,400091124,369481603,325300996,287348867,2327328617
L6/0e/60.zst 0,0,1665398325,492189434,537638222,1599741315
L6/0e/54.zst 2832833,1653826,3747188,2569705609,514205696,1202822144
L6/0e/5e.zst 585416075,400091060,369474717,312552262,284022243,2343410939
L6/0e/62.zst 3074234,1520342,1660732687,466406785,533773021,1629460227
L6/0e/57.zst 585415747,400091060,863396762,522533592,543863703,1379666432
L6/0e/59.zst 585415747,400091060,372429588,309446429,283979414,2343605058
L6/0e/63.zst 2776328,1553174,1660861303,466992120,533387989,1629396382
L6/0e/64.zst 2766289,1553526,1660921857,468612890,533953611,1627159123
L6/0e/68.zst 585415747,400091060,871598384,533237850,547883244,1356741011
L6/0e/6b.zst 585416262,400091097,863335675,556001967,555053776,1335068519
L6/0e/6c.zst 585416497,400091094,863379034,557495009,554882170,1333703492
L6/0e/67.zst 585415747,400091060,860391586,518949102,540551803,1389567998
L6/0e/6e.zst 585416073,400091060,863338801,559697278,554827267,1331596817
L6/0e/6f.zst 585417047,400091124,863364520,564368234,555079031,1326647340
L6/0e/65.zst 2962353,1531382,1660829830,470303607,534860121,1624480003
L6/0e/70.zst 4294967296,0,0,0,0,0
L6/0e/73.zst 667671003,391586324,1026510695,568539173,525471899,1115188202
L6/0e/69.zst 585415747,400091060,871596220,537071274,549150030,1351642965
L6/0e/74.zst 875974480,371989988,1241050366,503510775,458809645,843632042
L6/0e/6a.zst 585416312,400091092,863382610,555034208,554342190,1336700884
L6/0e/72.zst 585432267,400091220,868611250,564556205,555202624,1321073730
L6/0e/76.zst 4294967296,0,0,0,0,0
L6/0e/78.zst 585432267,400091220,868618863,564845077,555231630,1320748239
L6/0e/7a.zst 875974480,371989988,1241047758,503714376,458808631,843432063
L6/0e/7d.zst 4294967296,0,0,0,0,0
L6/0e/7e.zst 585432267,400091220,868608370,564112291,555167118,1321556030
L6/0e/7c.zst 4294967296,0,0,0,0,0
L6/0e/80.zst 4294967296,0,0,0,0,0
L6/0e/81.zst 4294967296,0,0,0,0,0
L6/0e/75.zst 1598437700,290340452,1229383161,412132010,300809833,463864140
L6/0e/82.zst 585432267,400091220,863377219,567556818,554979209,1323530563
L6/0e/79.zst 667671003,391586324,1026507931,568854292,525495698,1114852048
L6/0e/85.zst 1598437700,290340452,649612273,527084209,433248769,796243893
L6/0e/7b.zst 1598437706,290340452,1229387900,412130244,300809616,463861378
L6/0e/86.zst 4294967296,0,0,0,0,0
L6/0e/88.zst 585432267,400091220,863377036,567099325,554971399,1323996049
L6/0e/84.zst 875974480,371989988,819426772,563210775,539459005,1124906276
L6/0e/8b.zst 1598437700,290340452,649613597,526453892,433222019,796899636
L6/0e/8e.zst 585432275,400091220,863364059,556521951,552054885,1337502906
L6/0e/8d.zst 4294967296,0,0,0,0,0
L6/0e/91.zst 3724510,2054542,7796034,2196503871,581014602,1503873737
L6/0e/92.zst 4106769,2075993,7925564,2195970631,581014602,1503873737
L6/0e/93.zst 4625940,2282264,8226440,2232439172,570014988,1477378492
L6/0e/90.zst 3985300,2054750,8194620,2312297563,537103414,1431331649
L6/0e/8a.zst 875974480,371989988,819427331,562442832,539467506,1125665159
L6/0e/87.zst 4294967296,0,0,0,0,0
L6/0e/95.zst 4499819,2427079,9091808,2238491174,569202124,1471255292
L6/0e/96.zst 0,0,1852237986,532094389,547660966,1362973955
L6/0e/98.zst 0,0,0,0,0,4294967296
L6/0e/8c.zst 4294967296,0,0,0,0,0
L6/0e/9c.zst 0,0,0,0,0,4294967296
L6/0e/9d.zst 0,0,0,0,0,4294967296
L6/0e/99.zst 0,0,0,0,0,4294967296
L6/0e/9f.zst 0,0,0,0,0,4294967296
L6/0e/a1.zst 3720678,2054542,7797109,2357999260,542931954,1380463753
L6/0e/a2.zst 3812901,2061842,7957989,2097065656,531078484,1652990424
L6/0e/a5.zst 4576085,2426553,9188025,2206065192,494514104,1578197337
L6/0e/9b.zst 0,0,0,0,0,4294967296
L6/0e/9a.zst 0,0,0,0,0,4294967296
L6/0e/a6.zst 0,0,1846734393,501347800,536583706,1410301397
L6/0e/a3.zst 4579433,2247503,8246984,2179854267,505090901,1594948208
L6/0e/a7.zst 0,0,1846764964,499254111,536175233,1412772988
L6/0e/a9.zst 0,0,0,0,0,4294967296
L6/0e/a0.zst 3984995,2054782,8186600,2357285525,542942908,1380512486
L6/0e/ac.zst 0,0,0,0,0,4294967296
L6/0e/ae.zst 0,0,0,0,0,4294967296
L6/0e/b0.zst 587599885,400101782,869390273,528551654,546814189,1362509513
L6/0e/ad.zst 0,0,0,0,0,4294967296
L6/0e/b2.zst 587615847,400101878,869183898,522052796,548458377,1367554500
L6/0e/b3.zst 587615847,400101878,869162863,519236769,547241220,1371608719
L6/0e/aa.zst 0,0,0,0,0,4294967296
L6/0e/b5.zst 587615847,400101878,869164487,519896050,547305287,1370883747
L6/0e/ab.zst 0,0,0,0,0,4294967296
L6/0e/b7.zst 587615847,400101878,869181162,522792385,548006856,1367269168
L6/0e/b8.zst 587615847,400101878,869388788,529671791,547070793,1361118199
L6/0e/b6.zst 587615847,400101878,869166097,519876715,547808612,1370398147
L6/0e/b1.zst 587615847,400101878,869266275,524161009,546386533,1367435754
L6/0e/bb.zst 585426987,400091280,870670353,539083668,554872382,1344822626
L6/0e/bd.zst 585432997,400091092,870683476,540577535,554921147,1343261049
L6/0e/be.zst 585415913,400091060,870681373,541313377,554608581,1342856992
L6/0e/c2.zst 3074234,1520342,1668934472,522084785,554535201,1544818262
L6/0e/c3.zst 2776328,1553174,1669765060,521125588,554275219,1545471927
L6/0e/c4.zst 2766289,1553526,1669856184,520451568,555414779,1544924950
L6/0e/c0.zst 0,0,1674840475,537366730,554086530,1528673561
L6/0e/ba.zst 585441383,400091672,870674771,540415215,554573785,1343770470
L6/0e/c7.zst 585415747,400091060,868209840,533189539,573193576,1334867534
L6/0e/bc.zst 585433697,400091092,870659172,541722055,554224898,1342836382
L6/0e/c6.zst 585415745,400091060,868205175,532859719,572965693,1335429904
L6/0e/c8.zst 585415747,400091060,870937980,533360688,573880213,1331281608
L6/0e/c1.zst 0,0,1672657526,522329465,560959777,1539020528
L6/0e/cc.zst 585415747,400091060,870941897,532934201,574856063,1330728328
L6/0e/ce.zst 585431705,400091156,870932436,532925273,575196954,1330389772
L6/0e/c9.zst 585415747,400091060,870934538,533364369,573951350,1331210232
L6/0e/cf.zst 587583923,400101686,869493941,531630881,577802711,1328354154
L6/0e/d2.zst 0,0,0,0,2966354651,1328612645
L6/0e/d3.zst 0,0,0,0,2966421432,1328545864
L6/0e/d5.zst 0,0,0,0,2965725732,1329241564
L6/0e/d4.zst 0,0,0,0,2965810064,1329157232
L6/0e/d7.zst 0,0,0,0,2965510192,1329457104
L6/0e/cb.zst 585415747,400091060,870940435,533316968,574918310,1330284776
L6/0e/cd.zst 585415747,400091060,870937273,532977573,574950877,1330594766
L6/0e/d9.zst 0,0,0,0,2966152351,1328814945
L6/0e/d8.zst 0,0,0,0,2966082442,1328884854
L6/0e/dc.zst 0,0,0,0,2966080233,1328887063
L6/0e/d1.zst 0,0,0,0,2966234850,1328732446
L6/0e/e0.zst 117468788,2103786,22813879,2363658658,564895143,1224027042
L6/0e/df.zst 0,0,0,0,2969932031,1325035265
L6/0e/db.zst 0,0,0,0,2966040177,1328927119
L6/0e/e2.zst 157480643,39700214,136268527,1756101903,609562100,1595853909
L6/0e/e5.zst 167424240,18555483,155325095,1823830747,574094056,1555737675
L6/0e/e4.zst 187262548,13638889,141574133,1824159488,576325436,1552006802
L6/0e/e8.zst 0,0,0,0,0,4294967296
L6/0e/dd.zst 0,0,0,0,2965819221,1329148075
L6/0e/e9.zst 0,0,0,0,0,4294967296
L6/0e/de.zst 0,0,0,0,2966100281,1328867015
L6/0e/ea.zst 0,0,0,0,0,4294967296
L6/0e/e7.zst 0,0,1851551844,515341437,542417260,1385656755
L6/0e/ec.zst 0,0,0,0,0,4294967296
L6/0e/ee.zst 0,0,0,0,0,4294967296
L6/0e/f0.zst 0,4294967296,0,0,0,0
L6/0e/e3.zst 203037462,16501293,133667788,1796762350,584146412,1560851991
L6/0e/f1.zst 0,4294967296,0,0,0,0
L6/0e/f3.zst 0,4294967296,0,0,0,0
L6/0e/f5.zst 0,4294967296,0,0,0,0
L6/0e/f6.zst 0,4294967296,0,0,0,0
L6/0e/f9.zst 0,4294967296,0,0,0,0
L6/0e/f8.zst 0,4294967296,0,0,0,0
L6/0e/fb.zst 0,4294967296,0,0,0,0
L6/0e/fe.zst 0,4294967296,0,0,0,0
L6/0e/ed.zst 0,0,0,0,0,4294967296
L6/0e/fd.zst 0,4294967296,0,0,0,0
L6/0e/ef.zst 0,0,0,0,0,4294967296
L6/0e/ff.zst 0,4294967296,0,0,0,0
L6/0e/f7.zst 0,4294967296,0,0,0,0
L6/0f/01.zst 585470605,400099236,863635856,566750445,554490806,1324520348
L6/0f/02.zst 585417646,400091076,863637618,566453732,554505192,1324862032
L6/0f/04.zst 585417283,400091060,863624237,566237626,554509774,1325087316
L6/0f/09.zst 585417283,400091060,863608620,565138063,554243872,1326468398
L6/0f/0a.zst 585417775,400091060,863684899,565028159,554256648,1326488755
L6/0f/06.zst 585417283,400091060,863605505,565987210,554548505,1325317733
L6/0f/0b.zst 585417289,400091060,863626492,565009242,554251081,1326572132
L6/0f/0d.zst 585417283,400091060,863592184,565044312,554289437,1326533020
L6/0f/03.zst 585417284,400091060,863584851,566297020,554504525,1325072556
L6/0f/0e.zst 585417291,400091060,863676931,565003772,554253879,1326524363
L6/0f/10.zst 585417279,400091060,903925516,557455832,559577742,1288499867
L6/0f/05.zst 585417289,400091060,863587722,566113723,554515039,1325242463
L6/0f/07.zst 585417283,400091060,863589120,565545771,554382941,1325941121
L6/0f/12.zst 0,0,1660701476,537712895,545748500,1550804425
L6/0f/14.zst 0,0,1660696062,537404627,545659138,1551207469
L6/0f/0f.zst 585418827,400091060,864182084,564251284,554197413,1326826628
L6/0f/15.zst 0,0,1660645936,536947808,545674359,1551699193
L6/0f/19.zst 0,0,1668921430,550089455,552375852,1523580559
L6/0f/1a.zst 0,0,1661611232,553517384,553342156,1526496524
L6/0f/1c.zst 0,0,1661461675,553710243,553640793,1526154585
L6/0f/1e.zst 0,0,1668532650,551047102,552937188,1522450356
L6/0f/1b.zst 0,0,1661524914,551613700,553066123,1528762559
L6/0f/1f.zst 0,0,1673609376,546468548,553672961,1521216411
L6/0f/13.zst 0,0,1660664871,537218155,545682616,1551401654
L6/0f/16.zst 0,0,1660621813,536697108,545768258,1551880117
L6/0f/20.zst 585420349,400091060,863317291,538816282,576314485,1331007829
L6/0f/22.zst 0,0,1660209530,529660219,576641023,1528456524
L6/0f/17.zst 0,0,1660648052,536891901,546005471,1551421872
L6/0f/24.zst 0,0,1660291711,528994995,576505388,1529175202
L6/0f/23.zst 0,0,1660193673,528927888,576209316,1529636419
L6/0f/29.zst 0,0,1660246070,524869986,575280136,1534571104
L6/0f/27.zst 0,0,1660198651,527194094,575766422,1531808129
L6/0f/2b.zst 0,0,1660508647,522654151,575360347,1536444151
L6/0f/2e.zst 0,0,1660336500,525016607,576595935,1533018254
L6/0f/30.zst 587601413,400101782,869447994,552560506,554192655,1331062946
L6/0f/2f.zst 0,0,1666129736,520644163,576994831,1531198566
L6/0f/25.zst 0,0,1660306090,525407727,576142268,1533111211
L6/0f/2c.zst 0,0,1660214969,525304196,576390663,1533057468
L6/0f/32.zst 0,0,1668459177,557716642,550520657,1518270820
L6/0f/33.zst 0,0,1668429741,556759309,550013016,1519765230
L6/0f/2a.zst 0,0,1660222537,523519790,576378035,1534846934
L6/0f/34.zst 0,0,1668425608,556882488,549242223,1520416977
L6/0f/26.zst 0,0,1660168853,525514036,577788053,1531496354
L6/0f/38.zst 0,0,1668401474,554991793,548956325,1522617704
L6/0f/39.zst 0,0,1668390861,553318681,549259945,1523997809
L6/0f/3b.zst 0,0,1668429513,549548059,548713931,1528275793
L6/0f/36.zst 0,0,1668427706,552030182,549199095,1525310313
L6/0f/3d.zst 0,0,1668423820,552401309,549162338,1524979829
L6/0f/3f.zst 0,0,1669224429,552036092,549391285,1524315490
L6/0f/35.zst 0,0,1668419594,555345778,550108032,1521093892
L6/0f/40.zst 0,0,1681509887,538013490,552793959,1522649960
L6/0f/42.zst 3091644,1520374,1676770446,529876400,553364092,1530344340
L6/0f/44.zst 2777347,1553558,1677060656,524798445,552795013,1535982277
L6/0f/3a.zst 0,0,1668419297,550160628,550300219,1526087152
L6/0f/3c.zst 0,0,1668401784,550255429,550146026,1526164057
L6/0f/41.zst 0,0,1681096901,538155266,552546815,1523168314
L6/0f/46.zst 587617379,400101878,904599239,569151737,564894149,1268602914
L6/0f/47.zst 587617383,400101878,904587412,569300265,565070502,1268289856
L6/0f/49.zst 587617383,400101878,909839781,569943054,566225017,1261240183
L6/0f/4d.zst 587617383,400101878,909832586,570142983,566353692,1260918774
L6/0f/4e.zst 587617383,400101878,909833316,570329541,566374477,1260710701
L6/0f/50.zst 39966,0,13202900,2319097730,545486950,1417139750
L6/0f/4c.zst 587617383,400101878,909840744,570131221,566310032,1260966038
L6/0f/45.zst 2972061,1531414,1677214663,523630251,552864632,1536754275
L6/0f/51.zst 0,0,226692,2424612786,555646839,1314480979
L6/0f/52.zst 3168825,1545684,3686808,2606947675,506680576,1172937728
L6/0f/53.zst 2844008,1696194,3735553,2576790741,514548480,1195352320
L6/0f/4a.zst 587617383,400101878,909837243,569963884,566231443,1261215465
L6/0f/4b.zst 587617383,400101878,909844618,570164742,566336978,1260901697
L6/0f/55.zst 3018939,1597184,3705404,2576574217,505546496,1204525056
L6/0f/57.zst 585417283,400091060,863351699,523088348,543860716,1379158190
L6/0f/58.zst 585417283,400091060,372436303,319727485,287399993,2329895172
L6/0f/59.zst 585417283,400091060,372437576,309587978,283959111,2343474288
L6/0f/5f.zst 585417625,400091124,369481227,325328785,287308473,2327340062
L6/0f/5e.zst 585417611,400091060,369473688,312757620,283996392,2343230925
L6/0f/60.zst 0,0,1665416454,492848129,538619072,1598083641
L6/0f/56.zst 585417281,400091060,863304150,525629569,544109110,1376416126
L6/0f/5d.zst 585418645,400091094,369476587,313709916,285285193,2340985861
L6/0f/62.zst 3074234,1520342,1660691004,466501252,533594831,1629585633
L6/0f/64.zst 2766289,1553526,1660896131,468808501,533875202,1627067647
L6/0f/63.zst 2776328,1553174,1660805830,467107970,533285871,1629438123
L6/0f/5b.zst 585418460,400091261,369473416,313992450,284639297,2341352412
L6/0f/5c.zst 585420206,400091286,369477537,313607368,284861947,2341508952
L6/0f/68.zst 585417283,400091060,871549581,533018271,547778451,1357112650
L6/0f/69.zst 585417283,400091060,871548056,536870294,549039584,1352001019
L6/0f/6a.zst 585417848,400091092,863335508,554802872,554239791,1337080185
L6/0f/67.zst 585417283,400091060,860350445,518742272,540435388,1389930848
L6/0f/6f.zst 585418583,400091124,863325493,563446781,554767126,1327918189
L6/0f/6e.zst 585417609,400091060,863285531,559445658,554737583,1331989855
L6/0f/70.zst 4294967296,0,0,0,0,0
L6/0f/66.zst 585417281,400091060,860308139,517855069,540188919,1391106828
L6/0f/73.zst 667672027,391586324,1026559579,568247797,525451987,1115449582
L6/0f/74.zst 875974480,371989988,1241117385,503318119,458806430,843760894
L6/0f/72.zst 585433803,400091220,868563882,564379029,555108093,1321391269
L6/0f/75.zst 1598437700,290340452,1229383794,412131077,300811550,463862723
L6/0f/6c.zst 585418033,400091094,863331830,557273925,554781682,1334070732
L6/0f/6d.zst 585417965,400091124,863333319,558206120,554736107,1333182661
L6/0f/78.zst 585433803,400091220,868577463,564658977,555127290,1321078543
L6/0f/79.zst 667672027,391586324,1026557227,568530219,525466969,1115154530
L6/0f/7c.zst 4294967296,0,0,0,0,0
L6/0f/7f.zst 667722943,391594708,1026621963,566423784,526093502,1116510396
L6/0f/7a.zst 875974480,371989988,1241114108,503522636,458805345,843560739
L6/0f/80.zst 4294967296,0,0,0,0,0
L6/0f/82.zst 585433803,400091220,863329629,567573087,554908060,1323631497
L6/0f/83.zst 667672027,391586324,843794719,582424068,554398466,1255091692
L6/0f/77.zst 4294967296,0,0,0,0,0
L6/0f/85.zst 1598437700,290340452,649605030,527344359,433248417,795991338
L6/0f/7e.zst 585433803,400091220,868559507,564066640,555097912,1321718214
L6/0f/86.zst 4294967296,0,0,0,0,0
L6/0f/88.zst 585433803,400091220,863331596,567138736,554901822,1324070119
L6/0f/84.zst 875974480,371989988,819411160,563504708,539484755,1124602205
L6/0f/7d.zst 4294967296,0,0,0,0,0
L6/0f/8a.zst 875974480,371989988,819411686,562779111,539458724,1125353307
L6/0f/8c.zst 4294967296,0,0,0,0,0
L6/0f/8d.zst 4294967296,0,0,0,0,0
L6/0f/91.zst 3724510,2054542,7794710,2196439907,580506406,1504447221
L6/0f/8e.zst 585433811,400091220,863315707,556529242,551627247,1337970069
L6/0f/93.zst 4625940,2282264,8224927,2232354301,569599615,1477880249
L6/0f/92.zst 4106769,2075993,7924575,2195906332,580506406,1504447221
L6/0f/89.zst 667672027,391586324,843786095,581879881,554411669,1255631300
L6/0f/95.zst 4499819,2427079,9090518,2238099048,569032112,1471818720
L6/0f/97.zst 0,0,1852193063,528834970,546887062,1367052201
L6/0f/98.zst 0,0,0,0,0,4294967296
L6/0f/9b.zst 0,0,0,0,0,4294967296
L6/0f/8b.zst 1598437700,290340452,649605707,526736932,433170507,796675998
L6/0f/90.zst 3984644,2054750,8255943,2292425103,530257099,1457989757
L6/0f/96.zst 0,0,1852194696,531887013,547563233,1363322354
L6/0f/9c.zst 0,0,0,0,0,4294967296
L6/0f/9d.zst 0,0,0,0,0,4294967296
L6/0f/9f.zst 0,0,0,0,0,4294967296
L6/0f/a3.zst 4579433,2247503,8245595,2179588564,504972075,1595334126
L6/0f/a4.zst 4825598,2302356,8637405,2212211105,498926325,1568064507
L6/0f/9a.zst 0,0,0,0,0,4294967296
L6/0f/a2.zst 3812901,2061842,7956732,2096869819,530952863,1653313139
L6/0f/a6.zst 0,0,1846692468,501078213,536455316,1410741299
L6/0f/a7.zst 0,0,1846721456,499004519,536068227,1413173094
L6/0f/a8.zst 0,0,0,0,0,4294967296
L6/0f/ac.zst 0,0,0,0,0,4294967296
L6/0f/a0.zst 3985651,2054782,8179092,2357352064,542931954,1380463753
L6/0f/a1.zst 3720678,2054542,7795943,2358322177,542908602,1380165354
L6/0f/ad.zst 0,0,0,0,0,4294967296
L6/0f/ab.zst 0,0,0,0,0,4294967296
L6/0f/ae.zst 0,0,0,0,0,4294967296
L6/0f/b0.zst 587601421,400101782,869344171,528607631,546795085,1362517206
L6/0f/b3.zst 587617383,400101878,869201019,518936380,547145454,1371965182
L6/0f/aa.zst 0,0,0,0,0,4294967296
L6/0f/b5.zst 587617383,400101878,869154211,520007196,547305124,1370781504
L6/0f/b7.zst 587617383,400101878,869173653,522320572,547784997,1367968813
L6/0f/b8.zst 587617383,400101878,869342175,529478985,546966215,1361460660
L6/0f/b4.zst 587617383,400101878,869164153,521593994,547088711,1369401177
L6/0f/bb.zst 585428523,400091280,870707080,538815111,554813915,1345111387
L6/0f/bc.zst 585435233,400091092,870664523,542094585,554227498,1342454365
L6/0f/b1.zst 587617383,400101878,869190138,524049301,546236034,1367772562
L6/0f/b2.zst 587617383,400101878,869179095,521908627,548115634,1368044679
L6/0f/bd.zst 585434533,400091092,870653699,540619019,554882045,1343286908
L6/0f/c1.zst 0,0,1672604683,521856584,561180768,1539325261
L6/0f/c0.zst 0,0,1674872295,537138639,553679823,1529276539
L6/0f/be.zst 585417449,400091060,870676263,540995732,554679452,1343107340
L6/0f/c4.zst 2766289,1553526,1669847888,520202505,555324234,1545272854
L6/0f/b9.zst 587601437,400101788,869176119,527795691,547469748,1362822513
L6/0f/c6.zst 585417281,400091060,868164469,532629522,572859714,1335805250
L6/0f/c7.zst 585417283,400091060,868169550,532961568,573095369,1335232466
L6/0f/c9.zst 585417283,400091060,870887225,533140077,573864606,1331567045
L6/0f/cc.zst 585417283,400091060,870892906,532706855,574764407,1331094785
L6/0f/c8.zst 585417283,400091060,870891667,533378547,573849537,1331339202
L6/0f/c2.zst 3074234,1520342,1668931691,521801159,554467842,1545172028
L6/0f/cd.zst 585417283,400091060,870888243,532754947,574833508,1330982255
L6/0f/c3.zst 2776328,1553174,1669751475,520840850,554196959,1545848510
L6/0f/ce.zst 585433241,400091156,870886813,532704845,575089523,1330761718
L6/0f/d0.zst 0,0,0,0,2965742863,1329224433
L6/0f/d3.zst 0,0,0,0,2966031028,1328936268
L6/0f/d5.zst 0,0,0,0,2965372279,1329595017
L6/0f/d1.zst 0,0,0,0,2965902633,1329064663
L6/0f/ca.zst 585417283,400091060,870892469,533076838,573987177,1331502469
L6/0f/d6.zst 0,0,0,0,2965376522,1329590774
L6/0f/d9.zst 0,0,0,0,2965663502,1329303794
L6/0f/d8.zst 0,0,0,0,2965690532,1329276764
L6/0f/dc.zst 0,0,0,0,2965679409,1329287887
L6/0f/de.zst 0,0,0,0,2965342171,1329625125
L6/0f/df.zst 0,0,0,0,2967478473,1327488823
L6/0f/d4.zst 0,0,0,0,2965450791,1329516505
L6/0f/da.zst 0,0,0,0,2965532387,1329434909
L6/0f/d2.zst 0,0,0,0,2965961065,1329006231
L6/0f/e0.zst 117991512,2103786,22896461,2341280992,558709026,1251985519
L6/0f/e2.zst 157480619,39700214,136405798,1755532068,609457591,1596391006
L6/0f/e3.zst 203037462,16501293,133761739,1796346354,584027865,1561292583
L6/0f/e7.zst 0,0,1851510487,515093470,542310023,1386053316
L6/0f/db.zst 0,0,0,0,2965632840,1329334456
L6/0f/e5.zst 167424240,18555483,155314454,1823553549,574006419,1556113151
L6/0f/e9.zst 0,0,0,0,0,4294967296
L6/0f/ea.zst 0,0,0,0,0,4294967296
L6/0f/eb.zst 0,0,0,0,0,4294967296
L6/0f/f0.zst 0,4294967296,0,0,0,0
L6/0f/ef.zst 0,0,0,0,0,4294967296
L6/0f/f1.zst 0,4294967296,0,0,0,0
L6/0f/e4.zst 187262548,13638889,141628428,1823812986,576224013,1552400432
L6/0f/e6.zst 0,0,1851507587,517424415,542970773,1383064521
L6/0f/ee.zst 0,0,0,0,0,4294967296
L6/0f/f4.zst 0,4294967296,0,0,0,0
L6/0f/f3.zst 0,4294967296,0,0,0,0
L6/0f/f5.zst 0,4294967296,0,0,0,0
L6/0f/fb.zst 0,4294967296,0,0,0,0
L6/0f/f9.zst 0,4294967296,0,0,0,0
L6/0f/ec.zst 0,0,0,0,0,4294967296
L6/0f/fd.zst 0,4294967296,0,0,0,0
L6/0f/fc.zst 0,4294967296,0,0,0,0
L6/0f/ff.zst 0,4294967296,0,0,0,0
L6/0f/f6.zst 0,4294967296,0,0,0,0
L6/10/02.zst 585416102,400091076,903043684,559557346,555608124,1291250964
L6/10/03.zst 585415740,400091060,903035642,559363501,555624963,1291436390
L6/10/05.zst 585415745,400091060,903032573,559204046,555620251,1291603621
L6/0f/f8.zst 0,4294967296,0,0,0,0
L6/10/00.zst 610561965,408501524,889044705,547053285,556313418,1283492399
L6/10/08.zst 585415739,400091060,903068519,557617200,555227608,1293547170
L6/10/09.zst 585415739,400091060,903034153,557602733,555225073,1293598538
L6/10/0a.zst 585416231,400091060,903040132,557573703,555231774,1293614396
L6/10/01.zst 585469061,400099236,903083956,559694948,555623239,1290996856
L6/10/0e.zst 585415747,400091060,903033981,557497957,555227770,1293700781
L6/10/0f.zst 585417283,400091060,903036409,557211835,555171118,1294039591
L6/10/10.zst 585415735,400091060,904243813,537849547,549157522,1318209619
L6/10/0c.zst 585415739,400091060,903040156,557539883,555224180,1293656278
L6/10/13.zst 0,0,1660686448,515879520,534974345,1583426983
L6/10/07.zst 585415739,400091060,903039620,558057611,555384879,1292978387
L6/10/14.zst 0,0,1660898895,516020122,534746168,1583302111
L6/10/15.zst 0,0,1660677696,515629520,534710098,1583949982
L6/10/0b.zst 585415745,400091060,903033410,557556574,555227132,1293643375
L6/10/18.zst 0,0,1668763542,529132745,541202683,1555868326
L6/10/16.zst 0,0,1660681788,515524737,534822175,1583938596
L6/10/1b.zst 0,0,1661705581,530743087,542019358,1560499270
L6/10/1a.zst 0,0,1661781794,532397096,542129806,1558658600
L6/10/11.zst 0,0,1660932086,516880470,534828366,1582326374
L6/10/1e.zst 0,0,1669087531,527666794,541399245,1556813726
L6/10/20.zst 585418805,400091060,902824900,530214080,576796094,1299622357
L6/10/21.zst 0,0,1661115123,514560266,564253072,1555038835
L6/10/23.zst 0,0,1660792283,513443346,564409820,1556321847
L6/10/1f.zst 0,0,1661087056,516472439,535983692,1581424109
L6/10/19.zst 0,0,1668550488,529073183,541269211,1556074414
L6/10/25.zst 0,0,1660755605,511817683,564255400,1558138608
L6/10/26.zst 0,0,1660875443,512447421,564730503,1556913929
L6/10/1c.zst 0,0,1661711708,532195205,542515614,1558544769
L6/10/27.zst 0,0,1660796543,511931809,563957917,1558281027
L6/10/2b.zst 0,0,1660805162,510039792,563853064,1560269278
L6/10/2c.zst 0,0,1660893605,511751344,564367860,1557954487
L6/10/29.zst 0,0,1660846379,511250445,563890204,1558980268
L6/10/2e.zst 0,0,1660803232,510924826,564043900,1559195338
L6/10/22.zst 0,0,1661041730,514057545,564497094,1555370927
L6/10/30.zst 587599869,400101782,909162341,544036411,554905644,1299161249
L6/10/31.zst 0,0,1668275122,541992882,538975006,1545724286
L6/10/33.zst 0,0,1668217119,536399938,539704195,1550646044
L6/10/36.zst 0,0,1668240160,531753585,538452984,1556520567
L6/10/2a.zst 0,0,1660853599,510410025,564047782,1559655890
L6/10/32.zst 0,0,1668217836,537611687,539934143,1549203630
L6/10/37.zst 0,0,1668193623,534216419,537724488,1554832766
L6/10/38.zst 0,0,1668200438,534632363,537996773,1554137722
L6/10/2d.zst 0,0,1660794078,510043474,565395868,1558733876
L6/10/3a.zst 0,0,1668640554,530348754,540818832,1555159156
L6/10/3d.zst 0,0,1668670077,533127935,537991218,1555178066
L6/10/3e.zst 0,0,1668652169,532335528,537992092,1555987507
L6/10/35.zst 0,0,1668205438,534988507,539389134,1552384217
L6/10/41.zst 0,0,1680418668,516052876,541106396,1557389356
L6/10/3c.zst 0,0,1668643136,530557224,538958091,1556808845
L6/10/42.zst 3091644,1520374,1676092028,510215317,543066388,1560981545
L6/10/43.zst 2794450,1553206,1676395215,507858229,542417381,1563948815
L6/10/46.zst 587615835,400101878,904695571,548993075,554163439,1299397498
L6/10/3b.zst 0,0,1668651192,529457224,538319260,1558539620
L6/10/49.zst 587615839,400101878,909955727,549704319,555413631,1292175902
L6/10/48.zst 587615839,400101878,909961037,549782028,555401643,1292104871
L6/10/47.zst 587615839,400101878,904692466,549182062,554254612,1299120439
L6/10/4b.zst 587615839,400101878,909957629,550027451,555599008,1291665491
L6/10/3f.zst 0,0,1668830351,533537490,538333396,1554266059
L6/10/4d.zst 587615839,400101878,909948548,549930098,555608041,1291762892
L6/10/4e.zst 587615839,400101878,909947958,550028272,555632128,1291641221
L6/10/45.zst 2972055,1531414,1676611435,504503526,542112024,1567236842
L6/10/51.zst 0,0,127728,2455033751,556313418,1283492399
L6/10/50.zst 77388,0,2851351,2329411857,545486950,1417139750
L6/10/53.zst 2844008,1696194,4244474,2689429212,510430464,1086322944
L6/10/54.zst 2832833,1653826,4266179,2689522490,510937856,1085754112
L6/10/57.zst 585415739,400091060,902894105,531126051,548127409,1327312932
L6/10/4c.zst 587615839,400101878,909954977,549990943,555592437,1291711222
L6/10/59.zst 585415739,400091060,879850187,493521722,537450579,1398638009
L6/10/5c.zst 585418662,400091286,871527587,495302914,536407389,1406219458
L6/10/5b.zst 585416916,400091261,871483967,495779389,536213389,1405982374
L6/10/52.zst 3168825,1545684,4168786,2705135265,503634688,1077314048
L6/10/58.zst 585415739,400091060,879854566,494250431,537572780,1397782720
L6/10/5e.zst 585416067,400091060,871477862,488514357,533981642,1415486308
L6/10/55.zst 3018933,1597184,4190365,2697861806,506821120,1081477888
L6/10/60.zst 0,0,1671087731,501378190,535529114,1586972261
L6/10/61.zst 0,0,1671325238,482691724,531442631,1609507703
L6/10/64.zst 2766289,1553526,1668042132,483250380,534329510,1605025459
L6/10/66.zst 585415737,400091060,897541529,528334311,546685542,1336899117
L6/10/68.zst 585415739,400091060,911281190,543798777,554500700,1299879830
L6/10/63.zst 2776328,1553174,1667997904,485106749,534407708,1603125433
L6/10/5d.zst 585417101,400091094,871521172,494749208,536772978,1406415743
L6/10/69.zst 585415739,400091060,911280543,544193972,554584870,1299401112
L6/10/6a.zst 585416304,400091092,902815786,549742500,554896352,1302005262
L6/10/6c.zst 585416489,400091094,902813655,551272857,555000518,1300372683
L6/10/62.zst 3074234,1520342,1667674251,486855215,534862368,1600980886
L6/10/6f.zst 585417039,400091124,902767756,555847515,555390643,1295453219
L6/10/65.zst 2962353,1531382,1668121555,482479243,534231666,1605641097
L6/10/70.zst 4294967296,0,0,0,0,0
L6/10/6d.zst 585416421,400091124,902809715,552006057,554726302,1299917677
L6/10/72.zst 585432259,400091220,902929536,562381897,556112498,1288019886
L6/10/74.zst 875974480,371989988,1280750726,481835365,452803583,831613154
L6/10/76.zst 4294967296,0,0,0,0,0
L6/10/79.zst 667671003,391586324,1066150460,560740153,522683991,1086135365
L6/10/6e.zst 585416065,400091060,902766340,552605537,554798368,1299289926
L6/10/7a.zst 875974480,371989988,1280743981,481975686,452801120,831482041
L6/10/78.zst 585432259,400091220,902935552,562561374,556126287,1287820604
L6/10/7b.zst 1598437706,290340452,1233266035,392631368,300371893,479919842
L6/10/7d.zst 4294967296,0,0,0,0,0
L6/10/73.zst 667671003,391586324,1066150387,560620479,522679799,1086259304
L6/10/7f.zst 667721919,391594708,1066186527,560346861,522639056,1086478225
L6/10/81.zst 4294967296,0,0,0,0,0
L6/10/75.zst 1598437700,290340452,1233265523,392629948,300372052,479921621
L6/10/83.zst 667671003,391586324,1059244995,554149685,525751111,1096564178
L6/10/80.zst 4294967296,0,0,0,0,0
L6/10/85.zst 1598437700,290340452,1233283214,385060673,302330388,485514869
L6/10/86.zst 4294967296,0,0,0,0,0
L6/10/89.zst 667671003,391586324,1059241486,554077881,525752618,1096637984
L6/10/7e.zst 585432259,400091220,902934416,562331779,556057398,1288120224
L6/10/8b.zst 1598437700,290340452,1233281259,385044641,302329716,485533528
L6/10/8c.zst 4294967296,0,0,0,0,0
L6/10/8e.zst 585432267,400091220,902783216,551542544,552899071,1302218978
L6/10/8a.zst 875974480,371989988,1274399626,471599398,457025086,843978718
L6/10/90.zst 3984644,2054750,8437942,2286099262,529651283,1464739415
L6/10/84.zst 875974480,371989988,1274400964,471642274,457026024,843933566
L6/10/91.zst 3724510,2054542,8142736,2228706456,522675292,1529663760
L6/10/92.zst 4106611,2075993,8359873,2228085767,522675292,1529663760
L6/10/87.zst 4294967296,0,0,0,0,0
L6/10/95.zst 4499819,2427079,9463280,2270537675,516592765,1491446678
L6/10/97.zst 0,0,1892860359,522559237,548112318,1331435382
L6/10/94.zst 4753421,2328746,9031780,2274581977,515439491,1488831881
L6/10/99.zst 0,0,0,0,0,4294967296
L6/10/9b.zst 0,0,0,0,0,4294967296
L6/10/8f.zst 667672207,391586324,1059242759,538594811,523402512,1114468683
L6/10/9c.zst 0,0,0,0,0,4294967296
L6/10/9f.zst 0,0,0,0,0,4294967296
L6/10/a0.zst 3984995,2054766,8322308,2357531271,542908602,1380165354
L6/10/96.zst 0,0,1892863124,525176558,548671701,1328255913
L6/10/9d.zst 0,0,0,0,0,4294967296
L6/10/a2.zst 3812901,2061842,8292376,2166924160,548196776,1565679241
L6/10/a4.zst 4825597,2302356,9030589,2261743294,509405068,1507660392
L6/10/a5.zst 4576085,2426553,9569389,2255763950,502887826,1519743493
L6/10/9a.zst 0,0,0,0,0,4294967296
L6/10/a8.zst 0,0,0,0,0,4294967296
L6/10/aa.zst 0,0,0,0,0,4294967296
L6/10/ab.zst 0,0,0,0,0,4294967296
L6/10/a7.zst 0,0,1892720847,499770093,541072406,1361403950
L6/10/ad.zst 0,0,0,0,0,4294967296
L6/10/a1.zst 3720350,2054542,8142835,2338760289,536702542,1405586738
L6/10/af.zst 0,0,0,0,0,4294967296
L6/10/b0.zst 587599877,400101782,909109518,520665112,547516963,1329974044
L6/10/b2.zst 587615839,400101878,909055085,520169390,548007922,1330017182
L6/10/a6.zst 0,0,1892723273,501593539,541385392,1359265092
L6/10/b1.zst 587615839,400101878,909089894,520752862,547556492,1329850331
L6/10/b5.zst 587615839,400101878,909054769,519946159,547999471,1330249180
L6/10/b6.zst 587615839,400101878,909055295,519100126,547731199,1331362959
L6/10/ac.zst 0,0,0,0,0,4294967296
L6/10/b7.zst 587615839,400101878,909052206,519536349,547994315,1330666709
L6/10/bb.zst 585426979,400091280,910340646,539451339,554767273,1304889779
L6/10/bc.zst 585433689,400091092,910349210,540955653,554824022,1303313630
L6/10/be.zst 585415905,400091060,910344352,541187587,554894876,1303033516
L6/10/ba.zst 585441375,400091672,910327109,539423476,554314853,1305368811
L6/10/b3.zst 587615839,400101878,909052059,519314934,547638534,1331244052
L6/10/c1.zst 0,0,1679378879,507523946,547215558,1560848913
L6/10/c0.zst 0,0,1679548775,516472607,544479255,1554466659
L6/10/c2.zst 3074234,1520342,1675712302,504888229,544227478,1565544711
L6/10/b8.zst 587615839,400101878,909098841,521083495,547586688,1329480555
L6/10/c6.zst 585415737,400091060,905238212,522868492,573754788,1307599007
L6/10/c7.zst 585415739,400091060,905225389,523500556,574013746,1306720806
L6/10/bd.zst 585432989,400091092,910338227,540460377,555323634,1303320977
L6/10/c8.zst 585415739,400091060,910442333,524301539,575149175,1299567450
L6/10/c3.zst 2776328,1553174,1676189484,502951669,543893191,1567603450
L6/10/cb.zst 585415739,400091060,910435605,524216389,576044813,1298763690
L6/10/ce.zst 585431697,400091156,910425316,524197341,576207485,1298614301
L6/10/cc.zst 585415739,400091060,910440909,524126652,576070764,1298822172
L6/10/c4.zst 2766289,1553526,1676022087,500448226,544920747,1569256421
L6/10/d1.zst 0,0,0,0,2998572464,1296394832
L6/10/d2.zst 0,0,0,0,2997877481,1297089815
L6/10/cf.zst 587583915,400101686,909166382,523790474,578789567,1295535272
L6/10/d3.zst 0,0,0,0,2998070366,1296896930
L6/10/c9.zst 585415739,400091060,910429493,524263005,575215866,1299552133
L6/10/d6.zst 0,0,0,0,2996535553,1298431743
L6/10/d7.zst 0,0,0,0,2974667641,1320299655
L6/10/cd.zst 585415739,400091060,910431150,524166058,576167860,1298695429
L6/10/d9.zst 0,0,0,0,2974480350,1320486946
L6/10/d8.zst 0,0,0,0,2974234626,1320732670
L6/10/dc.zst 0,0,0,0,2973396430,1321570866
L6/10/dd.zst 0,0,0,0,2973428983,1321538313
L6/10/df.zst 0,0,0,0,2974244847,1320722449
L6/10/d4.zst 0,0,0,0,2997660902,1297306394
L6/10/e2.zst 157480615,39700198,181708515,1740398152,609128466,1566551350
L6/10/e3.zst 203037452,16501261,149787994,1805186300,591080558,1529373731
L6/10/e4.zst 187262539,13638857,153858070,1831631436,587255557,1521320837
L6/10/e0.zst 117468132,2103786,23051991,1175048462,162219691,2815075234
L6/10/e7.zst 0,0,1891967636,508719837,546666492,1347613331
L6/10/db.zst 0,0,0,0,2973997171,1320970125
L6/10/e8.zst 0,0,0,0,0,4294967296
L6/10/de.zst 0,0,0,0,2973234921,1321732375
L6/10/e9.zst 0,0,0,0,0,4294967296
L6/10/ec.zst 0,0,0,0,0,4294967296
L6/10/ee.zst 0,0,0,0,0,4294967296
L6/10/f0.zst 0,4294967296,0,0,0,0
L6/10/ea.zst 0,0,0,0,0,4294967296
L6/10/f2.zst 0,4294967296,0,0,0,0
L6/10/f3.zst 0,4294967296,0,0,0,0
L6/10/e5.zst 167424234,18555483,161867242,1832085268,589932422,1525102647
L6/10/f4.zst 0,4294967296,0,0,0,0
L6/10/f5.zst 0,4294967296,0,0,0,0
L6/10/f7.zst 0,4294967296,0,0,0,0
L6/10/f8.zst 0,4294967296,0,0,0,0
L6/10/ef.zst 0,0,0,0,0,4294967296
L6/10/fb.zst 0,4294967296,0,0,0,0
L6/10/fd.zst 0,4294967296,0,0,0,0
L6/10/fe.zst 0,4294967296,0,0,0,0
L6/10/ed.zst 0,0,0,0,0,4294967296
L6/10/fc.zst 0,4294967296,0,0,0,0
L6/10/f9.zst 0,4294967296,0,0,0,0
L6/11/04.zst 0,0,1660740186,539055734,541524775,1553646601
L6/11/03.zst 0,0,1660570276,539265100,541535185,1553596735
L6/11/02.zst 0,0,1660809525,539103826,541547869,1553506076
L6/11/09.zst 0,0,1660568645,539004502,541499897,1553894252
L6/11/0a.zst 0,0,1660566561,538983636,541505856,1553911243
L6/11/06.zst 0,0,1660592419,539102586,541520897,1553751394
L6/11/0b.zst 0,0,1660561906,538977159,541510980,1553917251
L6/11/01.zst 0,0,1673031893,528027411,541700288,1552207704
L6/11/0d.zst 0,0,1660565528,538993438,541536642,1553871688
L6/11/0e.zst 0,0,1660561379,539013762,541515359,1553876796
L6/11/05.zst 0,0,1660571148,539160421,541520508,1553715219
L6/11/10.zst 0,0,1889259922,533197320,548178346,1324331708
L6/11/0f.zst 0,0,1660592876,538875770,541476958,1554021692
L6/11/13.zst 0,0,1660465838,515454379,534912252,1584134827
L6/11/14.zst 0,0,1660512052,515627662,534658351,1584169231
L6/11/08.zst 0,0,1660761027,538846726,541506944,1553852599
L6/11/16.zst 0,0,1660468350,515073722,534745901,1584679323
L6/11/19.zst 0,0,1668865941,527845343,541109208,1557146804
L6/11/1a.zst 0,0,1661469087,531512975,542048425,1559936809
L6/11/1c.zst 0,0,1661358131,531154308,542543314,1559911543
L6/11/18.zst 0,0,1668899316,528002683,541056853,1557008444
L6/11/1e.zst 0,0,1668300892,527491445,541238153,1557936806
L6/11/1f.zst 0,0,1660807975,514316590,535441025,1584401706
L6/11/12.zst 0,0,1660506453,515916818,534803182,1583740843
L6/11/15.zst 0,0,1660461108,515208512,534608984,1584688692
L6/11/20.zst 0,0,1660465534,514849089,563673757,1555978916
L6/11/23.zst 0,0,1660640883,513045813,564071195,1557209405
L6/11/24.zst 0,0,1660712577,511799103,564041976,1558413640
L6/11/1b.zst 0,0,1661409309,529646614,541853904,1562057469
L6/11/21.zst 0,0,1660424313,514091980,564171656,1556279347
L6/11/27.zst 0,0,1660653022,511300705,563699360,1559314209
L6/11/29.zst 0,0,1660608608,509559237,563583656,1561215795
L6/11/2a.zst 0,0,1660660144,509001724,563672195,1561633233
L6/11/2d.zst 0,0,1660608992,509930203,563722675,1560705426
L6/11/2e.zst 0,0,1660631855,509675236,565503482,1559156723
L6/11/30.zst 0,0,1668723073,528968449,541826069,1555449705
L6/11/25.zst 0,0,1660591963,511502293,564103455,1558769585
L6/11/2c.zst 0,0,1660688559,509338650,565131340,1559808747
L6/11/26.zst 0,0,1660623445,510940599,563876461,1559526791
L6/11/31.zst 0,0,1854448754,544255230,559266540,1336996772
L6/11/32.zst 0,0,1668600902,540831694,538899896,1546634804
L6/11/34.zst 0,0,1668561032,535262778,539721957,1551421529
L6/11/2b.zst 0,0,1660627527,510228390,563970514,1560140865
L6/11/38.zst 0,0,1668582293,532851534,537540917,1555992552
L6/11/39.zst 0,0,1668587153,533434301,537808439,1555137403
L6/11/36.zst 0,0,1668551298,533683075,539247542,1553485381
L6/11/3b.zst 0,0,1668469792,529571570,540789971,1556135963
L6/11/3e.zst 0,0,1668492684,532647494,537923476,1555903642
L6/11/3d.zst 0,0,1668624265,529935762,538831626,1557575643
L6/11/41.zst 0,0,1681029799,516018810,541349388,1556569299
L6/11/35.zst 0,0,1668550207,535205030,538142297,1553069762
L6/11/37.zst 0,0,1668590274,530287290,538329228,1557760504
L6/11/40.zst 0,0,1680801871,514869252,541959148,1557337025
L6/11/42.zst 0,0,1681204440,508711625,542951278,1562099953
L6/11/43.zst 0,0,1681219837,506133641,542257457,1565356361
L6/11/45.zst 0,0,1681617998,502717649,541844281,1568787368
L6/11/3c.zst 0,0,1668458697,528772392,538345023,1559391184
L6/11/49.zst 0,0,1896753831,545502197,554400810,1298310458
L6/11/4c.zst 0,0,1896751300,545659168,554550252,1298006576
L6/11/4a.zst 0,0,1896750992,545550032,554459096,1298207176
L6/11/48.zst 0,0,1896757605,545539412,554392229,1298278050
L6/11/4e.zst 0,0,1896743558,545677088,554586155,1297960495
L6/11/50.zst 0,0,3196436,2110723041,542465463,1638582356
L6/11/46.zst 0,0,1891523086,544603703,553201801,1305638706
L6/11/51.zst 0,0,51238,2201008066,541700288,1552207704
L6/11/47.zst 0,0,1891518176,544930920,553216200,1305302000
L6/11/53.zst 0,0,7907946,2446926742,499131648,1341000960
L6/11/55.zst 0,0,7915579,2435629509,494230528,1357191680
L6/11/57.zst 0,0,1659687475,490123234,527655022,1617501565
L6/11/52.zst 0,0,7957662,2460821346,497267712,1328920576
L6/11/59.zst 0,0,0,0,0,4294967296
L6/11/4d.zst 0,0,1896744589,545610944,554561719,1298050044
L6/11/5b.zst 0,0,0,0,0,4294967296
L6/11/5c.zst 0,0,0,0,0,4294967296
L6/11/5e.zst 0,0,0,0,0,4294967296
L6/11/60.zst 0,0,1659022521,482376777,527242097,1626325901
L6/11/56.zst 0,0,1659638026,494582981,528534106,1612212183
L6/11/5d.zst 0,0,0,0,0,4294967296
L6/11/62.zst 0,0,1659299837,473111551,525402834,1637153074
L6/11/58.zst 0,0,0,0,0,4294967296
L6/11/63.zst 0,0,1659759271,463602920,524207386,1647397719
L6/11/64.zst 0,0,1660207944,463110892,524717779,1646930681
L6/11/68.zst 0,0,1668699508,503637092,533791176,1588839520
L6/11/6a.zst 0,0,1660341825,530277057,541194422,1563153992
L6/11/5f.zst 0,0,0,0,0,4294967296
L6/11/67.zst 0,0,1660289047,490136288,527240952,1617301009
L6/11/6b.zst 0,0,1660296711,531023191,541294669,1562352725
L6/11/6d.zst 0,0,1660341333,533586596,541040970,1559998397
L6/11/6e.zst 0,0,1660294763,534261768,541088682,1559322083
L6/11/71.zst 0,0,4294967296,0,0,0
L6/11/66.zst 0,0,1660239287,489563756,527128443,1618035810
L6/11/73.zst 0,0,1923383916,531311215,511051875,1329220290
L6/11/69.zst 0,0,1668691774,508297062,535287293,1582691167
L6/11/74.zst 0,0,2364283400,460798793,440323388,1029561715
L6/11/70.zst 0,0,4294967296,0,0,0
L6/11/76.zst 0,0,4294967296,0,0,0
L6/11/78.zst 0,0,1668658067,533451995,542039746,1550817488
L6/11/7a.zst 0,0,2364280840,460805195,440322977,1029558284
L6/11/6f.zst 0,0,1660347716,539559684,541809601,1553250295
L6/11/7c.zst 0,0,4294967296,0,0,0
L6/11/7e.zst 0,0,1668658388,532649096,541966675,1551693137
L6/11/7f.zst 0,0,1923553384,525264062,511973894,1334175956
L6/11/7b.zst 0,0,3031527117,375723941,287557515,600158723
L6/11/81.zst 0,0,1668660894,533258861,541960050,1551087491
L6/11/84.zst 0,0,1662351578,536539561,542280171,1553795986
L6/11/83.zst 0,0,1660221493,539994265,541636229,1553115309
L6/11/77.zst 0,0,4294967296,0,0,0
L6/11/79.zst 0,0,1923387823,531358987,511047041,1329173445
L6/11/86.zst 0,0,1664746944,536787779,541969227,1551463346
L6/11/85.zst 0,0,1665936853,533382577,542539009,1553108857
L6/11/88.zst 0,0,1660376896,539835941,541952501,1552801958
L6/11/89.zst 0,0,1660214237,538924519,541512052,1554316488
L6/11/80.zst 0,0,1665011124,535256132,541619723,1553080317
L6/11/8c.zst 0,0,1664735433,533902044,541478967,1554850852
L6/11/8f.zst 0,0,1660260212,524297812,536886101,1573523171
L6/11/90.zst 0,0,13594104,2161921979,536760141,1582691072
L6/11/92.zst 0,0,13443186,1960589191,497731432,1823203487
L6/11/8e.zst 0,0,1660342756,529010679,538588073,1567025788
L6/11/94.zst 0,0,14944891,2015640818,494844827,1769536760
L6/11/8a.zst 0,0,1662338294,534832583,542038236,1555758183
L6/11/8b.zst 0,0,1665931281,530843204,542157464,1556035347
L6/11/95.zst 0,0,15477674,2017830594,497602928,1764056100
L6/11/96.zst 0,0,1667340689,505241445,534651109,1587734053
L6/11/99.zst 0,0,0,0,0,4294967296
L6/11/9c.zst 0,0,0,0,0,4294967296
L6/11/97.zst 0,0,1667343153,501016478,533653665,1592954000
L6/11/91.zst 0,0,13155006,1960877371,497731432,1823203487
L6/11/9d.zst 0,0,0,0,0,4294967296
L6/11/9f.zst 0,0,0,0,0,4294967296
L6/11/a0.zst 0,0,13560271,2143469319,534316917,1603620789
L6/11/a3.zst 0,0,14431905,1958190858,487081933,1835262600
L6/11/a5.zst 0,0,15658515,1984349271,478641093,1816318417
L6/11/a1.zst 0,0,13229526,2132484175,530691398,1618562197
L6/11/9a.zst 0,0,0,0,0,4294967296
L6/11/9b.zst 0,0,0,0,0,4294967296
L6/11/a6.zst 0,0,1658931578,469956196,521077522,1645002000
L6/11/a7.zst 0,0,1658983427,466638429,520364184,1648981256
L6/11/a9.zst 0,0,0,0,0,4294967296
L6/11/ad.zst 0,0,0,0,0,4294967296
L6/11/a2.zst 0,0,13446679,1917859346,500060708,1863600563
L6/11/ae.zst 0,0,0,0,0,4294967296
L6/11/b0.zst 0,0,1668127157,502067939,533542481,1591229719
L6/11/aa.zst 0,0,0,0,0,4294967296
L6/11/b1.zst 0,0,1668136251,502026127,533701425,1591103493
L6/11/b3.zst 0,0,1668144205,498768126,533627349,1594427616
L6/11/b4.zst 0,0,1667314914,500485818,534438399,1592728165
L6/11/ab.zst 0,0,0,0,0,4294967296
L6/11/ac.zst 0,0,0,0,0,4294967296
L6/11/b7.zst 0,0,1667233057,498695159,534792781,1594246299
L6/11/b8.zst 0,0,1668201265,503831969,533766450,1589167612
L6/11/b6.zst 0,0,1667802869,499559292,533940234,1593664901
L6/11/b9.zst 0,0,1668169338,506953733,535542455,1584301770
L6/11/be.zst 0,0,1668328298,522968074,541897797,1561773127
L6/11/bd.zst 0,0,1668824712,519429800,543394007,1563318777
L6/11/b2.zst 0,0,1668138947,500951658,534092895,1591783796
L6/11/c0.zst 0,0,1667885668,526008270,544247575,1556825783
L6/11/bf.zst 0,0,1667774986,522441872,543127953,1561622485
L6/11/c2.zst 0,0,1669545650,512057035,542563393,1570801218
L6/11/c3.zst 0,0,1669798296,510830447,542288934,1572049619
L6/11/c5.zst 0,0,1669838278,506479390,543771652,1574877976
L6/11/bc.zst 0,0,1667840062,522861777,542432240,1561833217
L6/11/bb.zst 0,0,1668678266,521425885,541405317,1563457828
L6/11/c8.zst 0,0,1668752795,508191843,562081661,1555940997
L6/11/c9.zst 0,0,1668755605,508194378,562149654,1555867659
L6/11/ca.zst 0,0,1668747784,508177210,562169770,1555872532
L6/11/c7.zst 0,0,1668682199,509117574,562203631,1554963892
L6/11/ce.zst 0,0,1668317827,507834714,563036484,1555778271
L6/11/d0.zst 0,0,0,0,2739341602,1555625694
L6/11/c4.zst 0,0,1669472584,508169074,543461907,1573863731
L6/11/cf.zst 0,0,1668757222,503612543,567054537,1555542994
L6/11/d3.zst 0,0,0,0,2739123292,1555844004
L6/11/d4.zst 0,0,0,0,2738714683,1556252613
L6/11/d6.zst 0,0,0,0,2737985551,1556981745
L6/11/d2.zst 0,0,0,0,2738912886,1556054410
L6/11/cd.zst 0,0,1668751145,507490323,562991848,1555733980
L6/11/d8.zst 0,0,0,0,2714322946,1580644350
L6/11/d9.zst 0,0,0,0,2714483593,1580483703
L6/11/cc.zst 0,0,1668755227,507451155,562942132,1555818782
L6/11/da.zst 0,0,0,0,2714203648,1580763648
L6/11/de.zst 0,0,0,0,2712768647,1582198649
L6/11/df.zst 0,0,0,0,2709323514,1585643782
L6/11/db.zst 0,0,0,0,2714002284,1580965012
L6/11/d5.zst 0,0,0,0,2738234993,1556732303
L6/11/e1.zst 0,0,14117316,2181716784,541193170,1557940026
L6/11/e3.zst 0,0,260778691,1634745129,577694090,1821749386
L6/11/e4.zst 0,0,264637430,1655146249,569779254,1805404363
L6/11/e8.zst 0,0,0,0,0,4294967296
L6/11/e5.zst 0,0,272923214,1652304905,569085607,1800653570
L6/11/dd.zst 0,0,0,0,2713449586,1581517710
L6/11/e9.zst 0,0,0,0,0,4294967296
L6/11/ea.zst 0,0,0,0,0,4294967296
L6/11/e0.zst 0,0,87172184,1025956174,132963756,3048875182
L6/11/ec.zst 0,0,0,0,0,4294967296
L6/11/f0.zst 0,0,4294967296,0,0,0
L6/11/ef.zst 0,0,0,0,0,4294967296
L6/11/f3.zst 0,0,4294967296,0,0,0
L6/11/f4.zst 0,0,4294967296,0,0,0
L6/11/e6.zst 0,0,1667338885,486754476,529245952,1611627983
L6/11/ed.zst 0,0,0,0,0,4294967296
L6/11/f6.zst 0,0,4294967296,0,0,0
L6/11/f7.zst 0,0,4294967296,0,0,0
L6/11/f9.zst 0,0,4294967296,0,0,0
L6/11/fc.zst 0,0,4294967296,0,0,0
L6/11/fb.zst 0,0,4294967296,0,0,0
L6/11/ee.zst 0,0,0,0,0,4294967296
L6/11/fe.zst 0,0,4294967296,0,0,0
L6/11/ff.zst 0,0,4294967296,0,0,0
L6/11/f1.zst 0,0,4294967296,0,0,0
L6/12/01.zst 0,0,1660803925,538957937,541719176,1553486258
L6/11/fa.zst 0,0,4294967296,0,0,0
L6/12/05.zst 0,0,1660545203,538841043,541632004,1553949046
L6/12/04.zst 0,0,1660720148,538724722,541633458,1553888968
L6/12/02.zst 0,0,1673005219,527541871,541789128,1552631078
L6/12/08.zst 0,0,1660742658,538541257,541618783,1554064598
L6/12/0a.zst 0,0,1660550114,538701795,541622273,1554093114
L6/12/0b.zst 0,0,1660538154,538686634,541628755,1554113753
L6/12/0e.zst 0,0,1660580160,538682480,541629794,1554074862
L6/12/03.zst 0,0,1660622101,538881252,541645439,1553818504
L6/12/0f.zst 0,0,1660536745,538597305,541595454,1554237792
L6/12/06.zst 0,0,1660573109,538802662,541640215,1553951310
L6/12/0d.zst 0,0,1660538918,538700847,541651595,1554075936
L6/12/10.zst 0,0,1889263143,533086169,548209952,1324408032
L6/12/12.zst 0,0,1660700622,515855123,534805743,1583605808
L6/12/14.zst 0,0,1660500685,515616030,534701549,1584149032
L6/12/09.zst 0,0,1660545751,538693478,541617377,1554110690
L6/12/17.zst 0,0,1660491083,513962518,534808122,1585705573
L6/12/19.zst 0,0,1669026437,527614786,541178029,1557148044
L6/12/1a.zst 0,0,1661459417,531462041,542042194,1560003644
L6/12/16.zst 0,0,1660464372,515085177,534776246,1584641501
L6/12/1e.zst 0,0,1668301019,527257170,541213031,1558196076
L6/12/1c.zst 0,0,1661346452,531403968,542473016,1559743860
L6/12/13.zst 0,0,1660466635,515150300,534872386,1584477975
L6/12/1f.zst 0,0,1660778327,514241989,535563294,1584383686
L6/12/15.zst 0,0,1660450498,515085548,534662205,1584769045
L6/12/22.zst 0,0,1660346334,513528142,564091232,1557001588
L6/12/23.zst 0,0,1660596736,511917823,563824539,1558628198
L6/12/20.zst 0,0,1660441417,514635675,563833936,1556056268
L6/12/25.zst 0,0,1660566371,510567013,564209586,1559624326
L6/12/1b.zst 0,0,1661396440,529462573,541913971,1562194312
L6/12/28.zst 0,0,1661617734,509479766,563820094,1560049702
L6/12/29.zst 0,0,1660629347,508775334,563717951,1561844664
L6/12/2b.zst 0,0,1660605711,509002530,565209013,1560150042
L6/12/2a.zst 0,0,1660655213,510454982,564121436,1559735665
L6/12/2e.zst 0,0,1659821063,512065014,564894217,1558187002
L6/12/2f.zst 0,0,1659957956,510424143,564197988,1560387209
L6/12/30.zst 0,0,1668708039,528753425,541934425,1555571407
L6/12/24.zst 0,0,1660709765,512047481,564081047,1558129003
L6/12/26.zst 0,0,1660696475,510910283,563640339,1559720199
L6/12/33.zst 0,0,1668598862,540765962,538878942,1546723530
L6/12/34.zst 0,0,1668581662,536507176,539837090,1550041368
L6/12/35.zst 0,0,1668549124,535200831,539582382,1551634959
L6/12/2c.zst 0,0,1660701212,509674337,563700090,1560891657
L6/12/31.zst 0,0,1668253632,528788767,541524946,1556399951
L6/12/38.zst 0,0,1668619109,530303462,538279297,1557765428
L6/12/3b.zst 0,0,1668498770,531752316,539021347,1555694863
L6/12/3a.zst 0,0,1668565242,532905053,537858491,1555638510
L6/12/3e.zst 0,0,1668491722,530191359,538806531,1557477684
L6/12/40.zst 0,0,1680451537,514660761,541835297,1558019701
L6/12/36.zst 0,0,1668574553,535181656,538133657,1553077430
L6/12/41.zst 0,0,1681063159,515890564,541430165,1556583408
L6/12/3d.zst 0,0,1668460246,529186546,538383396,1558937108
L6/12/37.zst 0,0,1668540527,533701883,539353036,1553371850
L6/12/42.zst 0,0,1681223539,508710338,542993518,1562039901
L6/12/44.zst 0,0,1681292481,503933764,542034225,1567706826
L6/12/46.zst 0,0,1891517698,544566642,553252589,1305630367
L6/12/3c.zst 0,0,1668478850,529541692,540639750,1556307004
L6/12/49.zst 0,0,1896747529,545445681,554443843,1298330243
L6/12/4b.zst 0,0,1896748424,545705121,554615470,1297898281
L6/12/47.zst 0,0,1891513804,544879211,553267209,1305307072
L6/12/4c.zst 0,0,1896747321,545576304,554566484,1298077187
L6/12/4e.zst 0,0,1896741365,545633540,554610227,1297982164
L6/12/50.zst 0,0,2855003,2109458197,540092293,1642561803
L6/12/45.zst 0,0,1681621236,502737954,541889899,1568718207
L6/12/52.zst 0,0,7961615,2462003441,497297920,1327704320
L6/12/48.zst 0,0,1896756915,545496445,554421627,1298292309
L6/12/53.zst 0,0,7909370,2446541062,499200256,1341316608
L6/12/51.zst 0,0,50518,2200496572,541789128,1552631078
L6/12/55.zst 0,0,7915790,2435238386,494287616,1357525504
L6/12/57.zst 0,0,1659644143,489693927,527672135,1617957091
L6/12/4d.zst 0,0,1896738738,545524623,554590864,1298113071
L6/12/59.zst 0,0,0,0,0,4294967296
L6/12/5c.zst 0,0,0,0,0,4294967296
L6/12/5d.zst 0,0,0,0,0,4294967296
L6/12/5a.zst 0,0,0,0,0,4294967296
L6/12/5f.zst 0,0,0,0,0,4294967296
L6/12/61.zst 0,0,1659328644,467086938,526114606,1642437108
L6/12/56.zst 0,0,1659605807,494017914,528507959,1612835616
L6/12/62.zst 0,0,1659305677,469753060,524404723,1641503836
L6/12/64.zst 0,0,1660121694,460292905,524278982,1650273715
L6/12/58.zst 0,0,0,0,0,4294967296
L6/12/66.zst 0,0,1660187226,488869598,527146991,1618763481
L6/12/63.zst 0,0,1659836735,463343338,525153153,1646634070
L6/12/68.zst 0,0,1668676454,503146455,533838772,1589305615
L6/12/5e.zst 0,0,0,0,0,4294967296
L6/12/69.zst 0,0,1668671791,507971721,535387549,1582936235
L6/12/6b.zst 0,0,1660277889,530607648,541392677,1562689082
L6/12/6e.zst 0,0,1660272190,534049998,541070076,1559575032
L6/12/70.zst 0,0,4294967296,0,0,0
L6/12/71.zst 0,0,4294967296,0,0,0
L6/12/6d.zst 0,0,1660321312,533148421,541154492,1560343071
L6/12/67.zst 0,0,1660235755,489212802,527333110,1618185629
L6/12/73.zst 0,0,1923373052,531269970,511074306,1329249968
L6/12/6a.zst 0,0,1660322964,529957560,541326836,1563359936
L6/12/74.zst 0,0,2364216875,460831885,440314837,1029603699
L6/12/75.zst 0,0,3031526911,375716969,287568330,600155086
L6/12/79.zst 0,0,1923372469,531267458,511073545,1329253824
L6/12/6f.zst 0,0,1660321075,538972087,541930230,1553743904
L6/12/77.zst 0,0,4294967296,0,0,0
L6/12/7b.zst 0,0,3031528547,375717682,287568208,600152859
L6/12/7c.zst 0,0,4294967296,0,0,0
L6/12/7e.zst 0,0,1668639071,532452920,542067848,1551807457
L6/12/81.zst 0,0,1668609116,530032665,541581131,1554744384
L6/12/82.zst 0,0,1660335956,538685556,541691624,1554254160
L6/12/78.zst 0,0,1668645250,533273080,542164172,1550884794
L6/12/80.zst 0,0,1664965593,533851904,541601783,1554548016
L6/12/84.zst 0,0,1662377389,534984167,542158686,1555447054
L6/12/85.zst 0,0,1665941986,530817295,542220219,1555987796
L6/12/86.zst 0,0,1664696083,533514698,541561414,1555195101
L6/12/7a.zst 0,0,2364219663,460718197,440346480,1029682956
L6/12/8a.zst 0,0,1662364739,533343724,541920277,1557338556
L6/12/7f.zst 0,0,1923534122,525044306,512009735,1334379133
L6/12/8b.zst 0,0,1665938055,528294786,541855254,1558879201
L6/12/8c.zst 0,0,1664687174,530664780,541076896,1558538446
L6/12/89.zst 0,0,1660174765,537787887,541467629,1555537015
L6/12/8f.zst 0,0,1660222261,523185942,536846992,1574712101
L6/12/91.zst 0,0,13154766,1960647945,498164887,1822999698
L6/12/92.zst 0,0,13444781,1960357930,498164887,1822999698
L6/12/88.zst 0,0,1660354300,537646742,541653544,1555312710
L6/12/97.zst 0,0,1667046211,500576676,533712495,1593631914
L6/12/96.zst 0,0,1667047411,504356814,534532038,1589031033
L6/12/95.zst 0,0,15461509,2017221238,497568770,1764715779
L6/12/94.zst 0,0,14929085,2014970170,494813259,1770254782
L6/12/8d.zst 0,0,1668595419,518626388,538266890,1569478599
L6/12/9a.zst 0,0,0,0,0,4294967296
L6/12/9b.zst 0,0,0,0,0,4294967296
L6/12/9c.zst 0,0,0,0,0,4294967296
L6/12/90.zst 0,0,13485335,2161869611,537069345,1582543005
L6/12/a0.zst 0,0,13475723,2132530576,530902964,1618058033
L6/12/a1.zst 0,0,13153687,2131790806,530228244,1619794559
L6/12/9d.zst 0,0,0,0,0,4294967296
L6/12/a2.zst 0,0,13389798,1917491970,500084623,1864000905
L6/12/99.zst 0,0,0,0,0,4294967296
L6/12/a5.zst 0,0,15603011,1981962265,478264335,1819137685
L6/12/a6.zst 0,0,1658626130,467677401,520648950,1648014815
L6/12/a8.zst 0,0,0,0,0,4294967296
L6/12/9f.zst 0,0,0,0,0,4294967296
L6/12/a7.zst 0,0,1658676977,464856904,520099581,1651333834
L6/12/ab.zst 0,0,0,0,0,4294967296
L6/12/ac.zst 0,0,0,0,0,4294967296
L6/12/ad.zst 0,0,0,0,0,4294967296
L6/12/a3.zst 0,0,14412428,1956809350,486949728,1836795790
L6/12/b1.zst 0,0,1668156848,501422815,533705674,1591681959
L6/12/b2.zst 0,0,1668154530,498666271,533390767,1594755728
L6/12/b3.zst 0,0,1667270605,499947358,534252245,1593497088
L6/12/aa.zst 0,0,0,0,0,4294967296
L6/12/b0.zst 0,0,1668109096,501875567,533594432,1591388201
L6/12/b6.zst 0,0,1667244230,497229544,534916198,1595577324
L6/12/b7.zst 0,0,1668084102,501289701,534002702,1591590791
L6/12/b8.zst 0,0,1668183229,503359530,533857836,1589566701
L6/12/af.zst 0,0,0,0,0,4294967296
L6/12/bc.zst 0,0,1668842028,519768692,543053276,1563303300
L6/12/bd.zst 0,0,1668336683,521887287,542019107,1562724219
L6/12/be.zst 0,0,1667769956,520250279,542836011,1564111050
L6/12/bb.zst 0,0,1667794893,521977764,541976383,1563218256
L6/12/b5.zst 0,0,1667811812,498994036,533868417,1594293031
L6/12/c1.zst 0,0,1667927859,511081234,546130375,1569827828
L6/12/c2.zst 0,0,1669453690,514097242,543652072,1567764292
L6/12/c3.zst 0,0,1669924386,508993724,542945384,1573103802
L6/12/ba.zst 0,0,1668676206,520883343,540782864,1564624883
L6/12/c7.zst 0,0,1668649003,508591514,562360920,1555365859
L6/12/c8.zst 0,0,1668733979,507920582,562200121,1556112614
L6/12/c5.zst 0,0,1669826073,506289070,543817435,1575034718
L6/12/ca.zst 0,0,1668731050,507846716,562331841,1556057689
L6/12/cc.zst 0,0,1668729359,507101629,563041595,1556094713
L6/12/c0.zst 0,0,1667813371,525994919,544046252,1557112754
L6/12/cd.zst 0,0,1668296198,507681690,563141997,1555847411
L6/12/d0.zst 0,0,0,0,2738979632,1555987664
L6/12/c6.zst 0,0,1668652752,508474732,562215120,1555624692
L6/12/d1.zst 0,0,0,0,2739254172,1555713124
L6/12/d3.zst 0,0,0,0,2738755337,1556211959
L6/12/ce.zst 0,0,1668718313,506561970,563490436,1556196577
L6/12/cb.zst 0,0,1668729207,507163000,562983687,1556091402
L6/12/d5.zst 0,0,0,0,2737987147,1556980149
L6/12/d7.zst 0,0,0,0,2714753782,1580213514
L6/12/d8.zst 0,0,0,0,2714441746,1580525550
L6/12/dc.zst 0,0,0,0,2713050769,1581916527
L6/12/dd.zst 0,0,0,0,2712927682,1582039614
L6/12/d9.zst 0,0,0,0,2714383341,1580583955
L6/12/d2.zst 0,0,0,0,2738641350,1556325946
L6/12/de.zst 0,0,0,0,2711985538,1582981758
L6/12/e1.zst 0,0,14116536,2181743794,541299713,1557807253
L6/12/e0.zst 0,0,87158539,1025490936,132867935,3049449886
L6/12/d6.zst 0,0,0,0,2737685094,1557282202
L6/12/e4.zst 0,0,264635136,1653062660,569263139,1808006361
L6/12/e2.zst 0,0,235730184,1612134586,595967908,1851134618
L6/12/db.zst 0,0,0,0,2713878231,1581089065
L6/12/e6.zst 0,0,1667033705,485665972,529165739,1613101880
L6/12/e7.zst 0,0,1667037396,482645019,528424908,1616859973
L6/12/e9.zst 0,0,0,0,0,4294967296
L6/12/ed.zst 0,0,0,0,0,4294967296
L6/12/ee.zst 0,0,0,0,0,4294967296
L6/12/ef.zst 0,0,0,0,0,4294967296
L6/12/e3.zst 0,0,260741650,1632503844,577140930,1824580872
L6/12/eb.zst 0,0,0,0,0,4294967296
L6/12/f1.zst 0,0,4294967296,0,0,0
L6/12/f2.zst 0,0,4294967296,0,0,0
L6/12/f3.zst 0,0,4294967296,0,0,0
L6/12/e8.zst 0,0,0,0,0,4294967296
L6/12/f7.zst 0,0,4294967296,0,0,0
L6/12/f6.zst 0,0,4294967296,0,0,0
L6/12/fa.zst 0,0,4294967296,0,0,0
L6/12/ec.zst 0,0,0,0,0,4294967296
L6/12/f5.zst 0,0,4294967296,0,0,0
L6/12/f9.zst 0,0,4294967296,0,0,0
L6/12/fd.zst 0,0,4294967296,0,0,0
L6/12/fe.zst 0,0,4294967296,0,0,0
L6/12/ff.zst 0,0,4294967296,0,0,0
L6/13/03.zst 0,0,1672959873,526528900,541865068,1553613455
L6/12/fb.zst 0,0,4294967296,0,0,0
L6/13/04.zst 0,0,1660673193,537790371,541717455,1554786277
L6/13/06.zst 0,0,1660699188,537724099,541727928,1554816081
L6/13/08.zst 0,0,1660533917,537769471,541712529,1554951379
L6/13/0a.zst 0,0,1660509423,537768580,541724470,1554964823
L6/13/05.zst 0,0,1660507904,537905389,541715194,1554838809
L6/13/0b.zst 0,0,1660511288,537754996,541716155,1554984857
L6/13/01.zst 0,0,1660524462,538265913,541812055,1554364866
L6/13/02.zst 0,0,1660585180,538032271,541736026,1554613819
L6/13/0d.zst 0,0,1660540027,537736616,541744321,1554946332
L6/13/0e.zst 0,0,1660497455,537786226,541725409,1554958206
L6/13/10.zst 0,0,1889189814,532915502,548208767,1324653213
L6/13/0f.zst 0,0,1660545370,537653053,541674571,1555094302
L6/13/14.zst 0,0,1660502572,515367248,534693767,1584403709
L6/13/15.zst 0,0,1660455097,514969130,534591644,1584951425
L6/13/09.zst 0,0,1660506738,537783627,541707434,1554969497
L6/13/16.zst 0,0,1660458761,514855159,534799172,1584854204
L6/13/1a.zst 0,0,1661453169,531201979,542264159,1560047989
L6/13/19.zst 0,0,1668848586,527590715,541189564,1557338431
L6/13/1c.zst 0,0,1661338390,531207004,542468403,1559953499
L6/13/12.zst 0,0,1660428817,515718122,534811847,1584008510
L6/13/13.zst 0,0,1660656413,514995441,534907680,1584407762
L6/13/18.zst 0,0,1668879698,527623010,541074898,1557389690
L6/13/1e.zst 0,0,1668273930,527103284,541141785,1558448297
L6/13/1f.zst 0,0,1660775151,514096381,535496758,1584599006
L6/13/20.zst 0,0,1660221252,513867669,563924465,1556953910
L6/13/25.zst 0,0,1660589613,510754508,563751400,1559871775
L6/13/1b.zst 0,0,1661392807,529453855,542112295,1562008339
L6/13/26.zst 0,0,1660652738,510866069,563951481,1559497008
L6/13/27.zst 0,0,1660580014,510177417,564023252,1560186613
L6/13/24.zst 0,0,1660677524,510817859,563597825,1559874088
L6/13/29.zst 0,0,1660585390,510632533,563940097,1559809276
L6/13/2c.zst 0,0,1660685967,509379990,565501828,1559399511
L6/13/2b.zst 0,0,1660604317,509201656,563592268,1561569055
L6/13/22.zst 0,0,1660269169,512149550,563806782,1558741795
L6/13/23.zst 0,0,1660252980,512337261,564063158,1558313897
L6/13/2f.zst 0,0,1659976396,509978463,564074455,1560937982
L6/13/2d.zst 0,0,1659791318,511373833,564842471,1558959674
L6/13/30.zst 0,0,1668845451,527641723,542006281,1556473841
L6/13/31.zst 0,0,1668337948,528116876,542004935,1556507537
L6/13/35.zst 0,0,1668580084,536445235,539723196,1550218781
L6/13/37.zst 0,0,1668577530,535036374,537981728,1553371664
L6/13/2a.zst 0,0,1660649192,508823299,565197358,1560297447
L6/13/38.zst 0,0,1668544359,533634458,539158131,1553630348
L6/13/3a.zst 0,0,1668528935,532304169,537476806,1556657386
L6/13/36.zst 0,0,1668567767,535090932,539647679,1551660918
L6/13/3b.zst 0,0,1668535693,532668669,537689852,1556073082
L6/13/3d.zst 0,0,1668488893,529405444,540696378,1556376581
L6/13/34.zst 0,0,1668624529,540728266,538872244,1546742257
L6/13/3f.zst 0,0,1668614680,530123685,538738617,1557490314
L6/13/33.zst 0,0,1854438930,543382276,559256507,1337889583
L6/13/41.zst 0,0,1680936568,515535728,541438163,1557056837
L6/13/42.zst 0,0,1681195317,508512961,542926528,1562332490
L6/13/45.zst 0,0,1681617182,502537202,541895929,1568916983
L6/13/40.zst 0,0,1680445494,512893483,541581607,1560046712
L6/13/47.zst 0,0,1891506285,544653337,553271050,1305536624
L6/13/3c.zst 0,0,1668518914,531630116,539008848,1555809418
L6/13/49.zst 0,0,1896742513,545086967,554489918,1298647898
L6/13/4a.zst 0,0,1896740626,545200175,554477075,1298549420
L6/13/4c.zst 0,0,1896748042,545275339,554576712,1298367203
L6/13/4b.zst 0,0,1896744324,545380317,554575600,1298267055
L6/13/50.zst 0,0,3116590,2102674207,539854594,1649321905
L6/13/4f.zst 0,0,1896686002,545513588,554831558,1297936148
L6/13/46.zst 0,0,1891510277,544345301,553253980,1305857738
L6/13/44.zst 0,0,1681288530,503767521,542027980,1567883265
L6/13/51.zst 0,0,49987,2199438786,541865068,1553613455
L6/13/54.zst 0,0,7875716,2437004668,498544640,1351542272
L6/13/55.zst 0,0,7915150,2433857650,494357760,1358836736
L6/13/58.zst 0,0,0,0,0,4294967296
L6/13/53.zst 0,0,7904549,2444792539,499227392,1343042816
L6/13/4d.zst 0,0,1896735418,545249179,554580218,1298402481
L6/13/5a.zst 0,0,0,0,0,4294967296
L6/13/5b.zst 0,0,0,0,0,4294967296
L6/13/5c.zst 0,0,0,0,0,4294967296
L6/13/60.zst 0,0,1659247697,477447455,525713222,1632558922
L6/13/61.zst 0,0,1659292240,466800033,524708656,1644166367
L6/13/56.zst 0,0,1659557957,492942022,528545321,1613921996
L6/13/5d.zst 0,0,0,0,0,4294967296
L6/13/62.zst 0,0,1659291174,455253340,521953739,1658469043
L6/13/57.zst 0,0,1659617256,488748040,527775081,1618826919
L6/13/64.zst 0,0,1660147545,458468871,524078327,1652272553
L6/13/65.zst 0,0,1660262500,458148438,524089225,1652467133
L6/13/68.zst 0,0,1668640161,502015284,533913560,1590398291
L6/13/6a.zst 0,0,1660286328,528725831,541300694,1564654443
L6/13/67.zst 0,0,1660207148,488163144,527376458,1619220546
L6/13/6c.zst 0,0,1660291859,530911670,541527622,1562236145
L6/13/5e.zst 0,0,0,0,0,4294967296
L6/13/6d.zst 0,0,1660288503,532332259,541107048,1561239486
L6/13/6e.zst 0,0,1660236430,532863576,541343917,1560523373
L6/13/71.zst 0,0,4294967296,0,0,0
L6/13/66.zst 0,0,1660162990,487799308,527195251,1619809747
L6/13/73.zst 0,0,1923377066,530438564,511189319,1329962347
L6/13/74.zst 0,0,2364151048,460355215,440350901,1030110132
L6/13/69.zst 0,0,1668637395,506781684,535412576,1584135641
L6/13/70.zst 0,0,4294967296,0,0,0
L6/13/76.zst 0,0,4294967296,0,0,0
L6/13/78.zst 0,0,1668601251,532331146,542279806,1551755093
L6/13/79.zst 0,0,1923391445,530401794,511184489,1329989568
L6/13/7e.zst 0,0,1668602888,531391095,542150651,1552822662
L6/13/7d.zst 0,0,4294967296,0,0,0
L6/13/72.zst 0,0,1668598918,532255466,542251003,1551861909
L6/13/7f.zst 0,0,1923546815,524217947,512115829,1335086705
L6/13/7c.zst 0,0,4294967296,0,0,0
L6/13/81.zst 0,0,1668757584,528732914,541616377,1555860421
L6/13/82.zst 0,0,1660294766,537684627,541754470,1555233433
L6/13/84.zst 0,0,1662358276,533932389,542220293,1556456338
L6/13/77.zst 0,0,4294967296,0,0,0
L6/13/7a.zst 0,0,2364165538,460404896,440374446,1030022416
L6/13/87.zst 0,0,1668592067,528365335,541591077,1556418817
L6/13/88.zst 0,0,1660316513,536668216,541732037,1556250530
L6/13/89.zst 0,0,1660149321,536813125,541551782,1556453068
L6/13/85.zst 0,0,1665947515,529584286,542281390,1557154105
L6/13/8d.zst 0,0,1668579664,517441965,538329765,1570615902
L6/13/8f.zst 0,0,1660197943,522349407,536967026,1575452920
L6/13/8e.zst 0,0,1660284632,525856207,538386923,1570439534
L6/13/83.zst 0,0,1660157593,537883024,541668902,1555257777
L6/13/92.zst 0,0,13479383,1958211719,498306695,1824969499
L6/13/90.zst 0,0,13482679,2161293682,537221227,1582969708
L6/13/93.zst 0,0,14678203,1993349906,497617837,1789321350
L6/13/94.zst 0,0,14935634,2013664173,494632995,1771734494
L6/13/8a.zst 0,0,1662346362,532221031,541977044,1558422859
L6/13/97.zst 0,0,1667009888,499566242,533801940,1594589226
L6/13/8b.zst 0,0,1665941633,527085779,541921558,1560018326
L6/13/99.zst 0,0,0,0,0,4294967296
L6/13/9a.zst 0,0,0,0,0,4294967296
L6/13/9d.zst 0,0,0,0,0,4294967296
L6/13/98.zst 0,0,0,0,0,4294967296
L6/13/9f.zst 0,0,0,0,0,4294967296
L6/13/95.zst 0,0,15467622,2015453165,497318162,1766728347
L6/13/a0.zst 0,0,13487495,2130916303,530313018,1620250480
L6/13/a2.zst 0,0,13389039,1915656893,499906606,1866014758
L6/13/a4.zst 0,0,14972999,1982533830,482859716,1814600751
L6/13/a6.zst 0,0,1658589476,466708646,520728677,1648940497
L6/13/9b.zst 0,0,0,0,0,4294967296
L6/13/a3.zst 0,0,14413484,1955167328,486986076,1838400408
L6/13/a8.zst 0,0,0,0,0,4294967296
L6/13/9e.zst 0,0,0,0,0,4294967296
L6/13/a9.zst 0,0,0,0,0,4294967296
L6/13/aa.zst 0,0,0,0,0,4294967296
L6/13/ae.zst 0,0,0,0,0,4294967296
L6/13/b0.zst 0,0,1668068209,500361553,533761230,1592776304
L6/13/ac.zst 0,0,0,0,0,4294967296
L6/13/a5.zst 0,0,15612300,1980297421,478215042,1820842533
L6/13/b1.zst 0,0,1668102214,500101780,534052288,1592711014
L6/13/b3.zst 0,0,1667171071,496605716,534347703,1596842806
L6/13/b4.zst 0,0,1667380587,498432773,534384570,1594769366
L6/13/b7.zst 0,0,1667068474,496890839,535563454,1595444529
L6/13/ab.zst 0,0,0,0,0,4294967296
L6/13/b9.zst 0,0,1668131946,505339780,535709922,1585785648
L6/13/ba.zst 0,0,1668592584,520497770,541495655,1564381287
L6/13/af.zst 0,0,0,0,0,4294967296
L6/13/b5.zst 0,0,1667078151,488844369,533237161,1605807615
L6/13/bb.zst 0,0,1667696567,519287734,542814416,1565168579
L6/13/bd.zst 0,0,1667599703,511482970,541246349,1574638274
L6/13/bf.zst 0,0,1667609122,520626814,543589654,1563141706
L6/13/b6.zst 0,0,1667062501,482023828,548687216,1597193751
L6/13/c2.zst 0,0,1670111312,510654126,543176653,1571025205
L6/13/c3.zst 0,0,1669892117,509766506,543025691,1572282982
L6/13/c1.zst 0,0,1668459833,511120336,545619012,1569768115
L6/13/c5.zst 0,0,1669972844,506019919,543646344,1575328189
L6/13/bc.zst 0,0,1667906224,521053722,542301669,1563705681
L6/13/c7.zst 0,0,1668614182,507671411,562294159,1556387544
L6/13/c8.zst 0,0,1668699949,506974531,562188573,1557104243
L6/13/cb.zst 0,0,1668699481,506206614,562966991,1557094210
L6/13/c0.zst 0,0,1667886894,525530004,544128886,1557421512
L6/13/ca.zst 0,0,1668695135,506903456,562340606,1557028099
L6/13/cd.zst 0,0,1668690465,505776919,563595274,1556904638
L6/13/ce.zst 0,0,1668680897,505631081,563575062,1557080256
L6/13/d0.zst 0,0,0,0,2738105088,1556862208
L6/13/c6.zst 0,0,1668601890,507558794,562281983,1556524629
L6/13/d4.zst 0,0,0,0,2737492371,1557474925
L6/13/d3.zst 0,0,0,0,2737813921,1557153375
L6/13/d6.zst 0,0,0,0,2736776219,1558191077
L6/13/d2.zst 0,0,0,0,2737768109,1557199187
L6/13/cc.zst 0,0,1668264175,506720828,563163857,1556818436
L6/13/d8.zst 0,0,0,0,2713643853,1581323443
L6/13/db.zst 0,0,0,0,2712938546,1582028750
L6/13/d9.zst 0,0,0,0,2713332573,1581634723
L6/13/d1.zst 0,0,0,0,2738241021,1556726275
L6/13/de.zst 0,0,0,0,2711720797,1583246499
L6/13/e0.zst 0,0,87148375,1025145452,132859342,3049814127
L6/13/e1.zst 0,0,14116319,2181167653,541281246,1558402078
L6/13/dc.zst 0,0,0,0,2711874152,1583093144
L6/13/d7.zst 0,0,0,0,2713777350,1581189946
L6/13/e3.zst 0,0,260730454,1631430681,576717963,1826088198
L6/13/e4.zst 0,0,264543238,1652332289,569058824,1809032945
L6/13/e6.zst 0,0,1666995822,484753699,529227062,1613990713
L6/13/dd.zst 0,0,0,0,2711498015,1583469281
L6/13/e9.zst 0,0,0,0,0,4294967296
L6/13/ea.zst 0,0,0,0,0,4294967296
L6/13/ec.zst 0,0,0,0,0,4294967296
L6/13/e7.zst 0,0,1666999661,481634316,528489663,1617843656
L6/13/e2.zst 0,0,235725213,1612052265,595859292,1851330526
L6/13/ee.zst 0,0,0,0,0,4294967296
L6/13/ef.zst 0,0,0,0,0,4294967296
L6/13/f1.zst 0,0,4294967296,0,0,0
L6/13/f2.zst 0,0,4294967296,0,0,0
L6/13/f5.zst 0,0,4294967296,0,0,0
L6/13/f6.zst 0,0,4294967296,0,0,0
L6/13/e8.zst 0,0,0,0,0,4294967296
L6/13/f8.zst 0,0,4294967296,0,0,0
L6/13/f9.zst 0,0,4294967296,0,0,0
L6/13/fb.zst 0,0,4294967296,0,0,0
L6/13/fc.zst 0,0,4294967296,0,0,0
L6/13/ed.zst 0,0,0,0,0,4294967296
L6/13/f4.zst 0,0,4294967296,0,0,0
L6/13/ff.zst 0,0,4294967296,0,0,0
L6/14/02.zst 0,0,1660710191,538632777,541545477,1554078851
L6/14/01.zst 0,0,1660723712,538836137,541574461,1553832986
L6/14/00.zst 0,0,1663834607,540117288,542111863,1548903538
L6/14/06.zst 0,0,1660565138,538573517,541542431,1554286210
L6/13/fd.zst 0,0,4294967296,0,0,0
L6/14/07.zst 0,0,1660543563,538535446,541534943,1554353344
L6/14/08.zst 0,0,1660739290,538316524,541522787,1554388695
L6/14/0b.zst 0,0,1660535177,538455251,541529205,1554447663
L6/14/0d.zst 0,0,1660531628,538322268,541672053,1554441347
L6/14/0e.zst 0,0,1660582706,538308189,541493867,1554582534
L6/14/04.zst 0,0,1672999506,527170899,541660474,1553136417
L6/14/05.zst 0,0,1660617978,538545717,541530157,1554273444
L6/14/0a.zst 0,0,1660543686,538460042,541520620,1554442948
L6/14/10.zst 0,0,1889294485,533083898,548151094,1324437819
L6/14/11.zst 0,0,1660528954,516233768,534663171,1583541403
L6/14/12.zst 0,0,1660544076,515890799,534798554,1583733867
L6/14/0c.zst 0,0,1660580638,538447469,541522344,1554416845
L6/14/18.zst 0,0,1668886289,527788775,540944619,1557347613
L6/14/17.zst 0,0,1660491646,514154764,534612137,1585708749
L6/14/19.zst 0,0,1668850708,527701803,541209957,1557204828
L6/14/16.zst 0,0,1660460335,515138176,534753329,1584615456
L6/14/1c.zst 0,0,1661365677,531490909,542411691,1559699019
L6/14/1e.zst 0,0,1668286703,527467565,541201585,1558011443
L6/14/1d.zst 0,0,1661276042,529654787,543698232,1560338235
L6/14/14.zst 0,0,1660707223,515597154,534626505,1584036414
L6/14/15.zst 0,0,1660627596,514951834,534681869,1584705997
L6/14/21.zst 0,0,1660526456,512557791,564101407,1557781642
L6/14/20.zst 0,0,1660449052,514444824,563687760,1556385660
L6/14/22.zst 0,0,1660293955,512653389,564027462,1557992490
L6/14/23.zst 0,0,1660238250,511590224,563772325,1559366497
L6/14/1b.zst 0,0,1661400167,529514881,541810039,1562242209
L6/14/27.zst 0,0,1660551101,509597785,563589827,1561228583
L6/14/29.zst 0,0,1660582739,509386504,565245340,1559752713
L6/14/2a.zst 0,0,1660663726,509877281,563755726,1560670563
L6/14/28.zst 0,0,1661364312,510464941,564239129,1558898914
L6/14/2d.zst 0,0,1659784824,509967901,564381486,1560833085
L6/14/2e.zst 0,0,1659501951,510282400,564665782,1560517163
L6/14/24.zst 0,0,1660341970,511655472,563668616,1559301238
L6/14/2f.zst 0,0,1659869125,509246180,563929487,1561922504
L6/14/26.zst 0,0,1660796004,510589113,564123927,1559458252
L6/14/32.zst 0,0,1668249529,528620412,541568496,1556528859
L6/14/33.zst 0,0,1668692665,528309991,541343417,1556621223
L6/14/36.zst 0,0,1668556666,536521216,539809777,1550079637
L6/14/31.zst 0,0,1668319656,527769402,541528999,1557349239
L6/14/38.zst 0,0,1668547341,535334470,538057244,1553028241
L6/14/2c.zst 0,0,1659694132,511854093,564756698,1558662373
L6/14/39.zst 0,0,1668563221,533754277,539279385,1553370413
L6/14/3b.zst 0,0,1668552840,532546686,537581405,1556286365
L6/14/3d.zst 0,0,1668242887,531842107,539116621,1555765681
L6/14/3f.zst 0,0,1668652049,528963866,538263088,1559088293
L6/14/34.zst 0,0,1854459356,543782551,559126021,1337599368
L6/14/3c.zst 0,0,1668524952,533111312,537848441,1555482591
L6/14/37.zst 0,0,1668553682,535189263,539676064,1551548287
L6/14/41.zst 0,0,1681138478,515829979,541327119,1556671720
L6/14/42.zst 0,0,1681205619,508746258,542899494,1562115925
L6/14/43.zst 0,0,1681300068,506032361,542193110,1565441757
L6/14/48.zst 0,0,1896756978,545484655,554371444,1298354219
L6/14/49.zst 0,0,1896750500,545432087,554374781,1298409928
L6/14/3e.zst 0,0,1668469380,529583872,540598075,1556315969
L6/14/4a.zst 0,0,1896750769,545339496,554351878,1298525153
L6/14/46.zst 0,0,1891521541,544523877,553177646,1305744232
L6/14/4c.zst 0,0,1896754515,545522080,554452353,1298238348
L6/14/4d.zst 0,0,1896747153,545450376,554500595,1298269172
L6/14/4f.zst 0,0,1896695938,545765306,554742015,1297764037
L6/14/45.zst 0,0,1681673098,502657028,541835671,1568801499
L6/14/47.zst 0,0,1891517373,544851343,553198792,1305399788
L6/14/52.zst 0,0,7959059,2460273133,497065472,1329669632
L6/14/53.zst 0,0,7908689,2445778095,499205888,1342074624
L6/14/50.zst 0,0,2800617,2111195938,540865273,1640105468
L6/14/54.zst 0,0,7875420,2437716644,498303744,1351071488
L6/14/58.zst 0,0,0,0,0,4294967296
L6/14/59.zst 0,0,0,0,0,4294967296
L6/14/5b.zst 0,0,0,0,0,4294967296
L6/14/4e.zst 0,0,1896742732,545543390,554510617,1298170557
L6/14/5a.zst 0,0,0,0,0,4294967296
L6/14/5e.zst 0,0,0,0,0,4294967296
L6/14/5d.zst 0,0,0,0,0,4294967296
L6/14/5f.zst 0,0,0,0,0,4294967296
L6/14/56.zst 0,0,1659578379,493636112,528370691,1613382114
L6/14/63.zst 0,0,1660249186,452643509,522505519,1659569082
L6/14/64.zst 0,0,1660292346,455102483,522684683,1656887784
L6/14/57.zst 0,0,1659658288,489409371,527594874,1618304763
L6/14/65.zst 0,0,1660265113,456750407,523692295,1654259481
L6/14/62.zst 0,0,1659614403,449092253,521503416,1664757224
L6/14/68.zst 0,0,1668679341,502749879,533713025,1589825051
L6/14/69.zst 0,0,1668667912,507428467,535244457,1583626460
L6/14/6b.zst 0,0,1660274979,529977705,541259353,1563455259
L6/14/60.zst 0,0,1659440458,481648486,527269103,1626609249
L6/14/6e.zst 0,0,1660268221,533623413,541011456,1560064206
L6/14/6f.zst 0,0,1660317366,538944329,541808517,1553897084
L6/14/6d.zst 0,0,1660319273,532642344,541225536,1560780143
L6/14/70.zst 0,0,4294967296,0,0,0
L6/14/67.zst 0,0,1660251587,488765583,527213382,1618736744
L6/14/73.zst 0,0,1923315437,530704121,511153279,1329794459
L6/14/6a.zst 0,0,1660317387,529306530,541149357,1564194022
L6/14/74.zst 0,0,2364078040,460595936,440349893,1029943427
L6/14/76.zst 0,0,4294967296,0,0,0
L6/14/79.zst 0,0,1923316525,531010985,511037691,1329602095
L6/14/7b.zst 0,0,3031524902,375711285,287567562,600163547
L6/14/75.zst 0,0,3031524246,375711945,287563890,600167215
L6/14/7c.zst 0,0,4294967296,0,0,0
L6/14/7e.zst 0,0,1668642050,532143229,541963623,1552218394
L6/14/71.zst 0,0,4294967296,0,0,0
L6/14/7f.zst 0,0,1923482219,524806467,511991828,1334686782
L6/14/81.zst 0,0,1668605295,529548619,541406529,1555406853
L6/14/82.zst 0,0,1660333501,538403096,541599111,1554631588
L6/14/78.zst 0,0,1668637638,533086887,542055375,1551187396
L6/14/80.zst 0,0,1664952645,533376002,541459638,1555179011
L6/14/7a.zst 0,0,2364077133,460483093,440392501,1030014569
L6/14/85.zst 0,0,1665734457,530261377,542094451,1556877011
L6/14/86.zst 0,0,1664687431,533103428,541436428,1555740009
L6/14/87.zst 0,0,1668606964,529091547,541380720,1555888065
L6/14/8d.zst 0,0,1668593025,518004409,538243276,1570126586
L6/14/8c.zst 0,0,1664679593,530147273,540895077,1559245353
L6/14/8e.zst 0,0,1660317787,526517643,538189828,1569942038
L6/14/8a.zst 0,0,1662119157,532873340,541823586,1558151213
L6/14/84.zst 0,0,1662132271,534673122,542080101,1556081802
L6/14/90.zst 0,0,13471063,2161336532,537907215,1582252486
L6/14/92.zst 0,0,13443735,1959733636,497772741,1824017184
L6/14/91.zst 0,0,13154484,1960022887,497772741,1824017184
L6/14/88.zst 0,0,1660349724,537344369,541545929,1555727274
L6/14/96.zst 0,0,1667043730,504129083,534445464,1589349019
L6/14/8b.zst 0,0,1665732242,527910227,541766223,1559558604
L6/14/97.zst 0,0,1667044763,500231529,533644159,1594046845
L6/14/98.zst 0,0,0,0,0,4294967296
L6/14/94.zst 0,0,14927927,2013885419,494350159,1771803791
L6/14/9b.zst 0,0,0,0,0,4294967296
L6/14/9d.zst 0,0,0,0,0,4294967296
L6/14/9e.zst 0,0,0,0,0,4294967296
L6/14/95.zst 0,0,15460156,2016066869,497029771,1766410500
L6/14/a1.zst 0,0,13153398,2130935412,529155204,1621723282
L6/14/9f.zst 0,0,0,0,0,4294967296
L6/14/a2.zst 0,0,13390297,1916517227,499884523,1865175249
L6/14/a3.zst 0,0,14412016,1956379378,486786842,1837389060
L6/14/99.zst 0,0,0,0,0,4294967296
L6/14/a6.zst 0,0,1658618779,467333552,520534038,1648480927
L6/14/a8.zst 0,0,0,0,0,4294967296
L6/14/9c.zst 0,0,0,0,0,4294967296
L6/14/a9.zst 0,0,0,0,0,4294967296
L6/14/a7.zst 0,0,1658666904,464490417,519962137,1651847838
L6/14/ac.zst 0,0,0,0,0,4294967296
L6/14/ad.zst 0,0,0,0,0,4294967296
L6/14/af.zst 0,0,0,0,0,4294967296
L6/14/b2.zst 0,0,1667300782,500765603,534721821,1592179090
L6/14/b3.zst 0,0,1668314916,496041631,534435742,1596175007
L6/14/a5.zst 0,0,15600808,1980729739,477910412,1820726337
L6/14/aa.zst 0,0,0,0,0,4294967296
L6/14/b4.zst 0,0,1667859981,499179245,533659648,1594268422
L6/14/b1.zst 0,0,1668198970,500138781,533285316,1593344229
L6/14/b7.zst 0,0,1668074675,501026154,534137664,1591728803
L6/14/b6.zst 0,0,1668097594,500316823,533871214,1592681665
L6/14/ae.zst 0,0,0,0,0,4294967296
L6/14/ba.zst 0,0,1667818335,522189677,541840625,1563118659
L6/14/bd.zst 0,0,1667776609,520161551,542952373,1564076763
L6/14/be.zst 0,0,1668623923,523407165,541854507,1561081701
L6/14/bc.zst 0,0,1668384956,522288386,541680995,1562612959
L6/14/c0.zst 0,0,1667834630,526036401,544083333,1557012932
L6/14/c2.zst 0,0,1669495474,510112801,543440435,1571918586
L6/14/c3.zst 0,0,1669869533,508177418,542688807,1574231538
L6/14/b8.zst 0,0,1668180292,503346794,533804263,1589635947
L6/14/b9.zst 0,0,1668233421,505087101,534891595,1586755179
L6/14/c6.zst 0,0,1668697539,508134632,562010263,1556124862
L6/14/c7.zst 0,0,1668664387,508349253,562118236,1555835420
L6/14/c8.zst 0,0,1668728821,507532707,561999424,1556706344
L6/14/c4.zst 0,0,1669497237,507252281,543553608,1574664170
L6/14/bf.zst 0,0,1668596380,524988599,542399517,1558982800
L6/14/cc.zst 0,0,1668726401,506466712,563304177,1556470006
L6/14/cd.zst 0,0,1668714307,506349649,563576602,1556326738
L6/14/ce.zst 0,0,1668718375,506181367,563482352,1556585202
L6/14/d3.zst 0,0,0,0,2738284399,1556682897
L6/14/d4.zst 0,0,0,0,2738092252,1556875044
L6/14/cf.zst 0,0,1668731729,503049598,567044447,1556141522
L6/14/d2.zst 0,0,0,0,2738130740,1556836556
L6/14/c9.zst 0,0,1668723090,507426890,562125385,1556691931
L6/14/ca.zst 0,0,1668722997,507359560,562069804,1556814935
L6/14/d6.zst 0,0,0,0,2737315483,1557651813
L6/14/d7.zst 0,0,0,0,2714349054,1580618242
L6/14/d9.zst 0,0,0,0,2714061883,1580905413
L6/14/d0.zst 0,0,0,0,2738619340,1556347956
L6/14/d8.zst 0,0,0,0,2714126322,1580840974
L6/14/dd.zst 0,0,0,0,2712560233,1582407063
L6/14/de.zst 0,0,0,0,2711637067,1583330229
L6/14/df.zst 0,0,0,0,2708831079,1586136217
L6/14/e3.zst 0,0,260788101,1631809444,576934478,1825435273
L6/14/e4.zst 0,0,264652369,1651889871,568953173,1809471883
L6/14/e5.zst 0,0,272865187,1649331452,568393075,1804377582
L6/14/da.zst 0,0,0,0,2713437651,1581529645
L6/14/e2.zst 0,0,235770712,1612267687,595992623,1850936274
L6/14/db.zst 0,0,0,0,2713087934,1581879362
L6/14/e7.zst 0,0,1667030419,482331305,528305088,1617300484
L6/14/e8.zst 0,0,0,0,0,4294967296
L6/14/e9.zst 0,0,0,0,0,4294967296
L6/14/e0.zst 0,0,87175109,1025051433,132850037,3049890717
L6/14/ee.zst 0,0,0,0,0,4294967296
L6/14/ef.zst 0,0,0,0,0,4294967296
L6/14/f0.zst 0,0,4294967296,0,0,0
L6/14/eb.zst 0,0,0,0,0,4294967296
L6/14/f3.zst 0,0,4294967296,0,0,0
L6/14/f4.zst 0,0,4294967296,0,0,0
L6/14/f5.zst 0,0,4294967296,0,0,0
L6/14/f7.zst 0,0,4294967296,0,0,0
L6/14/f8.zst 0,0,4294967296,0,0,0
L6/14/f2.zst 0,0,4294967296,0,0,0
L6/14/f9.zst 0,0,4294967296,0,0,0
L6/14/ea.zst 0,0,0,0,0,4294967296
L6/14/ed.zst 0,0,0,0,0,4294967296
L6/14/fb.zst 0,0,4294967296,0,0,0
L6/14/fe.zst 0,0,4294967296,0,0,0
L6/14/fc.zst 0,0,4294967296,0,0,0
L6/15/00.zst 0,0,1663726744,539446688,542119079,1549674785
L6/15/05.zst 0,0,1672941543,526359623,541658352,1554007778
L6/15/04.zst 0,0,1660572670,537843273,541540339,1555011014
L6/15/07.zst 0,0,1660495955,537598377,541685367,1555187597
L6/14/ff.zst 0,0,4294967296,0,0,0
L6/15/09.zst 0,0,1660492958,537500818,541488885,1555484635
L6/15/06.zst 0,0,1660601289,537708618,541546389,1555111000
L6/15/0a.zst 0,0,1660658386,537489442,541522670,1555296798
L6/15/01.zst 0,0,1660512191,538202517,541619499,1554633089
L6/15/0b.zst 0,0,1660524793,537509204,541542464,1555390835
L6/15/02.zst 0,0,1660490240,538041409,541550502,1554885145
L6/15/0e.zst 0,0,1660481816,537602175,541502477,1555380828
L6/15/10.zst 0,0,1889189926,532962001,548235460,1324579909
L6/15/12.zst 0,0,1660464730,515747886,534798878,1583955802
L6/15/0f.zst 0,0,1660530827,537318325,541451907,1555666237
L6/15/15.zst 0,0,1660651486,514907724,534699938,1584708148
L6/15/16.zst 0,0,1660458631,514903365,534830940,1584774360
L6/15/17.zst 0,0,1660489360,513935598,534555369,1585986969
L6/15/0c.zst 0,0,1660489138,537652923,541521106,1555304129
L6/15/1a.zst 0,0,1661476809,531245036,542065653,1560179798
L6/15/1b.zst 0,0,1661430003,529413274,541952989,1562171030
L6/15/1c.zst 0,0,1661365021,530961566,542778092,1559862617
L6/15/19.zst 0,0,1668845520,527673025,541198961,1557249790
L6/15/11.zst 0,0,1660490561,515984193,534764994,1583727548
L6/15/14.zst 0,0,1660429606,515472561,534721429,1584343700
L6/15/1f.zst 0,0,1660809942,514246696,535337199,1584573459
L6/15/21.zst 0,0,1660369703,512489134,564189262,1557919197
L6/15/20.zst 0,0,1660240584,513796120,563680113,1557250479
L6/15/26.zst 0,0,1660604151,509036690,563701951,1561624504
L6/15/22.zst 0,0,1660281488,511466971,563654682,1559564155
L6/15/27.zst 0,0,1660568538,510703667,564468065,1559227026
L6/15/28.zst 0,0,1661408288,508569651,565155504,1559833853
L6/15/2a.zst 0,0,1660633820,509513921,565317091,1559502464
L6/15/1d.zst 0,0,1661292049,529487180,543768895,1560419172
L6/15/2c.zst 0,0,1659856713,509748826,564444001,1560917756
L6/15/2d.zst 0,0,1659750895,509581775,564387142,1561247484
L6/15/23.zst 0,0,1660289649,511588845,563889251,1559199551
L6/15/2f.zst 0,0,1659869201,509947785,564223557,1560926753
L6/15/25.zst 0,0,1660209804,510412611,563862024,1560482857
L6/15/2b.zst 0,0,1659800768,511555573,564741867,1558869088
L6/15/31.zst 0,0,1668332901,528128474,541563348,1556942573
L6/15/32.zst 0,0,1668644497,526857639,541441915,1558023245
L6/15/35.zst 0,0,1854430620,543263159,559295007,1337978510
L6/15/38.zst 0,0,1668512662,535038403,539714026,1551702205
L6/15/3a.zst 0,0,1668573749,533231660,539350407,1553811480
L6/15/39.zst 0,0,1668509741,535138854,538089062,1553229639
L6/15/37.zst 0,0,1668548918,536290055,539816015,1550312308
L6/15/30.zst 0,0,1668659235,527687610,541839512,1556780939
L6/15/3c.zst 0,0,1668492045,532280908,537771681,1556422662
L6/15/3d.zst 0,0,1668501649,532791905,537812892,1555860850
L6/15/33.zst 0,0,1668665250,527840843,541372178,1557089025
L6/15/36.zst 0,0,1668579690,540700828,538889540,1546797238
L6/15/3f.zst 0,0,1668572131,529483466,540954263,1555957436
L6/15/42.zst 0,0,1681194703,508409454,542873609,1562489530
L6/15/43.zst 0,0,1681214991,505803192,542240908,1565708205
L6/15/40.zst 0,0,1680364990,512537017,541465646,1560599643
L6/15/47.zst 0,0,1891503747,544623162,553280359,1305560028
L6/15/48.zst 0,0,1896749226,545181406,554460803,1298575861
L6/15/49.zst 0,0,1896740596,545024975,554405817,1298795908
L6/15/4c.zst 0,0,1896742255,545168337,554518696,1298538008
L6/15/41.zst 0,0,1681019575,515436640,541314437,1557196644
L6/15/4d.zst 0,0,1896734044,545139934,554549340,1298543978
L6/15/4a.zst 0,0,1896737841,545048645,554440597,1298740213
L6/15/4e.zst 0,0,1896733304,545204536,554566132,1298463324
L6/15/45.zst 0,0,1681638867,502450375,541882130,1568995924
L6/15/46.zst 0,0,1891507485,544294120,553260128,1305905563
L6/15/50.zst 0,0,3141114,2104828849,538735184,1648262149
L6/15/52.zst 0,0,7952329,2459351351,496959232,1330704384
L6/15/54.zst 0,0,7871992,2436687624,498316800,1352090880
L6/15/58.zst 0,0,0,0,0,4294967296
L6/15/53.zst 0,0,7898580,2443122220,499962368,1343984128
L6/15/59.zst 0,0,0,0,0,4294967296
L6/15/5a.zst 0,0,0,0,0,4294967296
L6/15/51.zst 0,0,52069,2199249097,541658352,1554007778
L6/15/5c.zst 0,0,0,0,0,4294967296
L6/15/5e.zst 0,0,0,0,0,4294967296
L6/15/5f.zst 0,0,0,0,0,4294967296
L6/15/5d.zst 0,0,0,0,0,4294967296
L6/15/57.zst 0,0,1659578394,488174568,527856416,1619357918
L6/15/56.zst 0,0,1659632778,492524325,528349304,1614460889
L6/15/62.zst 0,0,1659276171,436332016,519076229,1680282880
L6/15/63.zst 0,0,1659904241,448036449,520727921,1666298685
L6/15/64.zst 0,0,1660160612,451588097,522089257,1661129330
L6/15/6a.zst 0,0,1660270656,528020987,541036156,1565639497
L6/15/69.zst 0,0,1668628382,506085115,535272550,1584981249
L6/15/6b.zst 0,0,1660223802,528673290,541427824,1564642380
L6/15/66.zst 0,0,1660137790,487191658,526968124,1620669724
L6/15/61.zst 0,0,1659325485,469243852,524329619,1642068340
L6/15/6d.zst 0,0,1660270022,531296968,540899754,1562500552
L6/15/6e.zst 0,0,1660221708,532555274,540845994,1561344320
L6/15/6f.zst 0,0,1660274453,537660471,542093005,1554939367
L6/15/67.zst 0,0,1660238083,487541147,527496230,1619691836
L6/15/68.zst 0,0,1668723597,501755019,533722620,1590766060
L6/15/73.zst 0,0,1923325707,529825136,511500390,1330316063
L6/15/74.zst 0,0,2364019067,460209326,440428206,1030310697
L6/15/75.zst 0,0,3031527499,375648967,287572606,600218224
L6/15/70.zst 0,0,4294967296,0,0,0
L6/15/79.zst 0,0,1923325787,529855672,511029878,1330755959
L6/15/7a.zst 0,0,2364033960,460038890,440423878,1030470568
L6/15/7b.zst 0,0,3031527382,375647012,287577919,600214983
L6/15/7e.zst 0,0,1668593390,531054860,541870407,1553448639
L6/15/72.zst 0,0,1668582347,531573736,541910531,1552900682
L6/15/80.zst 0,0,1664759106,532632838,541488617,1556086735
L6/15/7c.zst 0,0,4294967296,0,0,0
L6/15/7f.zst 0,0,1923509040,523570552,512370467,1335517237
L6/15/82.zst 0,0,1660446998,537413077,541606662,1555500559
L6/15/78.zst 0,0,1668583592,532260907,542074473,1552048324
L6/15/84.zst 0,0,1662336238,533624548,542015252,1556991258
L6/15/86.zst 0,0,1664661750,532022724,541425530,1556857292
L6/15/77.zst 0,0,4294967296,0,0,0
L6/15/88.zst 0,0,1660299026,536407806,541521264,1556739200
L6/15/85.zst 0,0,1665937707,529177967,542234859,1557616763
L6/15/8a.zst 0,0,1662334619,531864939,541737138,1559030600
L6/15/8b.zst 0,0,1665928198,526642817,541699453,1560696828
L6/15/8e.zst 0,0,1660270916,525545844,538198170,1570952366
L6/15/90.zst 0,0,13481681,2160761297,538194515,1582529803
L6/15/83.zst 0,0,1660146661,537614696,541501930,1555704009
L6/15/91.zst 0,0,13155648,1957547291,497273193,1826991164
L6/15/8f.zst 0,0,1660186579,521944523,536748495,1576087699
L6/15/92.zst 0,0,13442983,1957259956,497273193,1826991164
L6/15/94.zst 0,0,14926012,2011885863,494082652,1774072769
L6/15/89.zst 0,0,1660134877,536366670,541436432,1557029317
L6/15/8c.zst 0,0,1664655352,529254707,540927727,1560129510
L6/15/96.zst 0,0,1666992267,503083493,534421721,1590469815
L6/15/98.zst 0,0,0,0,0,4294967296
L6/15/9a.zst 0,0,0,0,0,4294967296
L6/15/9d.zst 0,0,0,0,0,4294967296
L6/15/97.zst 0,0,1666998472,499333861,533605413,1595029550
L6/15/9e.zst 0,0,0,0,0,4294967296
L6/15/a0.zst 0,0,13484248,2129948033,529137837,1622397178
L6/15/95.zst 0,0,15456416,2013993406,496669736,1768847738
L6/15/a1.zst 0,0,13154695,2130321569,528708328,1622782704
L6/15/a3.zst 0,0,14411988,1954586605,486644900,1839323803
L6/15/a5.zst 0,0,15600511,1979495633,477861398,1822009754
L6/15/9b.zst 0,0,0,0,0,4294967296
L6/15/9c.zst 0,0,0,0,0,4294967296
L6/15/a2.zst 0,0,13389201,1915300024,499749019,1866529052
L6/15/a7.zst 0,0,1658624722,463233884,519784533,1653324157
L6/15/a8.zst 0,0,0,0,0,4294967296
L6/15/aa.zst 0,0,0,0,0,4294967296
L6/15/ae.zst 0,0,0,0,0,4294967296
L6/15/af.zst 0,0,0,0,0,4294967296
L6/15/b1.zst 0,0,1668079809,498908628,533517470,1594461389
L6/15/ad.zst 0,0,0,0,0,4294967296
L6/15/a6.zst 0,0,1658574907,466041000,520371997,1649979392
L6/15/b3.zst 0,0,1667199819,493234651,534077104,1600455722
L6/15/b2.zst 0,0,1667234451,497941564,534324670,1595466611
L6/15/b5.zst 0,0,1667090894,482204487,530191814,1615480101
L6/15/ac.zst 0,0,0,0,0,4294967296
L6/15/ab.zst 0,0,0,0,0,4294967296
L6/15/b8.zst 0,0,1668128557,501539996,533734476,1591564267
L6/15/b9.zst 0,0,1668111020,503666590,534938797,1588250889
L6/15/b6.zst 0,0,1667704785,477362356,525250108,1624650047
L6/15/bb.zst 0,0,1667724832,516296288,541469460,1569476716
L6/15/be.zst 0,0,1668312260,500588979,532863883,1593202174
L6/15/c1.zst 0,0,1667807056,509429777,547753953,1569976510
L6/15/bf.zst 0,0,1667674014,517022205,541828057,1568443020
L6/15/b7.zst 0,0,1667124298,493159552,533689600,1600993846
L6/15/c0.zst 0,0,1667800383,525686562,544250865,1557229486
L6/15/c3.zst 0,0,1669917979,507752179,542181051,1575116087
L6/15/c4.zst 0,0,1669638783,506548622,543321662,1575458229
L6/15/c6.zst 0,0,1668614004,507172112,562191097,1556990083
L6/15/bc.zst 0,0,1667537866,504987199,540661477,1581780754
L6/15/bd.zst 0,0,1667362644,505047870,538563140,1583993642
L6/15/c9.zst 0,0,1668678628,506557942,562017223,1557713503
L6/15/ca.zst 0,0,1668244678,507079447,562157789,1557485382
L6/15/cc.zst 0,0,1668677784,505514793,563298900,1557475819
L6/15/c8.zst 0,0,1668680080,506720022,562092511,1557474683
L6/15/cf.zst 0,0,1668685391,502282489,567036322,1556963094
L6/15/d0.zst 0,0,0,0,2737817547,1557149749
L6/15/d2.zst 0,0,0,0,2737397741,1557569555
L6/15/c7.zst 0,0,1668645394,507512186,562100740,1556708976
L6/15/d4.zst 0,0,0,0,2737256664,1557710632
L6/15/d5.zst 0,0,0,0,2736502031,1558465265
L6/15/d3.zst 0,0,0,0,2737297079,1557670217
L6/15/d7.zst 0,0,0,0,2713388967,1581578329
L6/15/cd.zst 0,0,1668679278,505569651,563586072,1557132295
L6/15/ce.zst 0,0,1668670135,505304298,563675745,1557317118
L6/15/d9.zst 0,0,0,0,2713185412,1581781884
L6/15/da.zst 0,0,0,0,2712262032,1582705264
L6/15/dd.zst 0,0,0,0,2711144396,1583822900
L6/15/e1.zst 0,0,14117838,2181367011,541285610,1558196837
L6/15/e0.zst 0,0,87150564,1024931043,132851499,3050034190
L6/15/dc.zst 0,0,0,0,2711585302,1583381994
L6/15/e3.zst 0,0,260750021,1630365835,576649542,1827201898
L6/15/e4.zst 0,0,264520525,1651149400,568899316,1810398055
L6/15/e5.zst 0,0,272953059,1647835069,568236346,1805942822
L6/15/d8.zst 0,0,0,0,2713295318,1581671978
L6/15/e8.zst 0,0,0,0,0,4294967296
L6/15/de.zst 0,0,0,0,2710808925,1584158371
L6/15/df.zst 0,0,0,0,2707853616,1587113680
L6/15/e7.zst 0,0,1666983294,481721647,528318178,1617944177
L6/15/e9.zst 0,0,0,0,0,4294967296
L6/15/ea.zst 0,0,0,0,0,4294967296
L6/15/ed.zst 0,0,0,0,0,4294967296
L6/15/f1.zst 0,0,4294967296,0,0,0
L6/15/f2.zst 0,0,4294967296,0,0,0
L6/15/f0.zst 0,0,4294967296,0,0,0
L6/15/f6.zst 0,0,4294967296,0,0,0
L6/15/f7.zst 0,0,4294967296,0,0,0
L6/15/f4.zst 0,0,4294967296,0,0,0
L6/15/f8.zst 0,0,4294967296,0,0,0
L6/15/eb.zst 0,0,0,0,0,4294967296
L6/15/fa.zst 0,0,4294967296,0,0,0
L6/15/fb.zst 0,0,4294967296,0,0,0
L6/15/fc.zst 0,0,4294967296,0,0,0
L6/15/ee.zst 0,0,0,0,0,4294967296
L6/15/ef.zst 0,0,0,0,0,4294967296
L6/15/fe.zst 0,0,4294967296,0,0,0
L6/16/00.zst 0,0,1663685181,539276548,542276743,1549728824
L6/16/02.zst 0,0,1660553742,537793921,541701553,1554918080
L6/16/03.zst 0,0,1660626362,537570618,541693867,1555076449
L6/15/ff.zst 0,0,4294967296,0,0,0
L6/16/08.zst 0,0,1660491641,537452444,541648516,1555374695
L6/16/09.zst 0,0,1660459082,537515733,541667095,1555325386
L6/16/06.zst 0,0,1672921717,526168890,541826040,1554050649
L6/16/0a.zst 0,0,1660505832,537517589,541678898,1555264977
L6/16/0c.zst 0,0,1660669796,537352954,541682683,1555261863
L6/16/0e.zst 0,0,1660506053,537517660,541575953,1555367630
L6/16/04.zst 0,0,1660469026,537747463,541692425,1555058382
L6/16/10.zst 0,0,1889192373,533078499,548145199,1324551225
L6/16/05.zst 0,0,1660537268,537623470,541590206,1555216352
L6/16/11.zst 0,0,1660494197,516168974,534650676,1583653449
L6/16/13.zst 0,0,1660459610,515353018,534903287,1584251381
L6/16/0f.zst 0,0,1660454782,537396142,541534942,1555581430
L6/16/15.zst 0,0,1660374285,514934154,534637737,1585021120
L6/16/0b.zst 0,0,1660455171,537414155,541796801,1555301169
L6/16/17.zst 0,0,1660497723,514076119,534580149,1585813305
L6/16/19.zst 0,0,1668866435,527593124,541045824,1557461913
L6/16/1b.zst 0,0,1661589349,529294487,541820638,1562262822
L6/16/1d.zst 0,0,1661337062,529520578,543696760,1560412896
L6/16/1a.zst 0,0,1661486726,531369053,541990100,1560121417
L6/16/1f.zst 0,0,1660852706,514193978,535296495,1584624117
L6/16/14.zst 0,0,1660431345,515652256,534640446,1584243249
L6/16/16.zst 0,0,1660656396,514945432,534719268,1584646200
L6/16/20.zst 0,0,1660341020,513460350,563909133,1557256793
L6/16/21.zst 0,0,1660417607,511238004,564030005,1559281680
L6/16/24.zst 0,0,1660350693,510922941,563821356,1559872306
L6/16/22.zst 0,0,1660376387,511676414,563816679,1559097816
L6/16/27.zst 0,0,1660588483,509587542,565400032,1559391239
L6/16/28.zst 0,0,1661367546,509400811,563850331,1560348608
L6/16/29.zst 0,0,1660616369,509550470,565112481,1559687976
L6/16/1c.zst 0,0,1661406974,531094303,542509324,1559956695
L6/16/2c.zst 0,0,1659853629,509670708,564484194,1560958765
L6/16/2d.zst 0,0,1659733816,508347475,564456592,1562429413
L6/16/2e.zst 0,0,1659744645,509510857,564507081,1561204713
L6/16/2b.zst 0,0,1659783456,509776978,564409920,1560996942
L6/16/32.zst 0,0,1668343272,528061565,541669921,1556892538
L6/16/31.zst 0,0,1668307201,527342865,541415994,1557901236
L6/16/33.zst 0,0,1668192380,527696712,541639320,1557438884
L6/16/26.zst 0,0,1660312125,511326267,564393792,1558935112
L6/16/25.zst 0,0,1660420426,509472265,563689742,1561384863
L6/16/36.zst 0,0,1854439999,543007813,559105444,1338414040
L6/16/38.zst 0,0,1668545542,536307674,539928189,1550185891
L6/16/37.zst 0,0,1668583002,540616660,538858217,1546909417
L6/16/35.zst 0,0,1668683411,528282140,541247231,1556754514
L6/16/30.zst 0,0,1668799206,527377826,541868509,1556921755
L6/16/3c.zst 0,0,1668568723,529902727,538193751,1558302095
L6/16/3d.zst 0,0,1668551891,532554914,537558741,1556301750
L6/16/3e.zst 0,0,1668690349,532922773,537815768,1555538406
L6/16/42.zst 0,0,1681201524,508262927,543049644,1562453201
L6/16/43.zst 0,0,1681219437,505964733,542152518,1565630608
L6/16/40.zst 0,0,1680408341,512262822,541721003,1560575130
L6/16/45.zst 0,0,1681617148,502576750,541835992,1568937406
L6/16/3a.zst 0,0,1668548135,534856125,538186401,1553376635
L6/16/3b.zst 0,0,1668493041,533275413,539294297,1553904545
L6/16/46.zst 0,0,1891515922,544403084,553180157,1305868133
L6/16/47.zst 0,0,1891507102,544719135,553196315,1305544744
L6/16/4a.zst 0,0,1896742516,545152551,554411520,1298660709
L6/16/41.zst 0,0,1680947278,515669155,541267663,1557083200
L6/16/4d.zst 0,0,1896735814,545293238,554501439,1298436805
L6/16/4e.zst 0,0,1896733292,545373604,554516984,1298343416
L6/16/49.zst 0,0,1896742122,545112739,554302347,1298810088
L6/16/50.zst 0,0,816241,2100241738,547636055,1646273262
L6/16/52.zst 0,0,7952410,2456764390,497003264,1333247232
L6/16/53.zst 0,0,7899835,2442778949,499070976,1345217536
L6/16/56.zst 0,0,1659500230,492681697,528512664,1614272705
L6/16/4b.zst 0,0,1896745602,545395871,554464272,1298361551
L6/16/4c.zst 0,0,1896742399,545342351,554453432,1298429114
L6/16/57.zst 0,0,1659693586,488364648,527743673,1619165389
L6/16/54.zst 0,0,7872758,2436776458,498452992,1351865088
L6/16/58.zst 0,0,0,0,0,4294967296
L6/16/5a.zst 0,0,0,0,0,4294967296
L6/16/5d.zst 0,0,0,0,0,4294967296
L6/16/51.zst 0,0,51613,2199038994,541826040,1554050649
L6/16/5f.zst 0,0,0,0,0,4294967296
L6/16/61.zst 0,0,1659317207,469147373,526378991,1640123725
L6/16/5e.zst 0,0,0,0,0,4294967296
L6/16/62.zst 0,0,1659756707,430379676,517844005,1686986908
L6/16/64.zst 0,0,1660115078,448245260,520874874,1665732084
L6/16/66.zst 0,0,1660112180,487367932,527204722,1620282462
L6/16/5b.zst 0,0,0,0,0,4294967296
L6/16/68.zst 0,0,1668653575,501715567,533867466,1590730688
L6/16/5c.zst 0,0,0,0,0,4294967296
L6/16/69.zst 0,0,1668612907,506425594,535353546,1584575249
L6/16/67.zst 0,0,1660166249,487837212,527301844,1619661991
L6/16/6d.zst 0,0,1660247620,531798737,540954300,1561966639
L6/16/6b.zst 0,0,1660195929,528715484,541625372,1564430511
L6/16/63.zst 0,0,1659803955,442520974,519141617,1673500750
L6/16/6f.zst 0,0,1660244375,538038360,541866743,1554817818
L6/16/72.zst 0,0,1668559553,531818801,542067940,1552521002
L6/16/73.zst 0,0,1923309050,529911605,511117247,1330629394
L6/16/75.zst 0,0,3031527840,375663735,287563653,600212068
L6/16/71.zst 0,0,4294967296,0,0,0
L6/16/77.zst 0,0,4294967296,0,0,0
L6/16/78.zst 0,0,1668590374,532022850,542200106,1552153966
L6/16/6e.zst 0,0,1660192869,532833520,541005360,1560935547
L6/16/6c.zst 0,0,1660243959,530269499,541405467,1563048371
L6/16/79.zst 0,0,1923335452,530083782,511214914,1330333148
L6/16/7c.zst 0,0,4294967296,0,0,0
L6/16/7d.zst 0,0,4294967296,0,0,0
L6/16/80.zst 0,0,1664719559,532516632,541537694,1556193411
L6/16/7a.zst 0,0,2363951720,460265719,440443854,1030306003
L6/16/74.zst 0,0,2363950106,460016838,440609162,1030391190
L6/16/82.zst 0,0,1660253385,537404215,541614964,1555694732
L6/16/83.zst 0,0,1660094058,537464414,541467661,1555941163
L6/16/84.zst 0,0,1662038548,533528908,542192689,1557207151
L6/16/88.zst 0,0,1660270706,536261465,541657446,1556777679
L6/16/7e.zst 0,0,1668594788,531162359,542012676,1553197473
L6/16/85.zst 0,0,1665646707,529241926,542252812,1557825851
L6/16/89.zst 0,0,1660084362,536496358,541382152,1557004424
L6/16/7f.zst 0,0,1923509477,523894496,512066266,1335497057
L6/16/8a.zst 0,0,1662033978,531930791,541991739,1559010788
L6/16/8c.zst 0,0,1664610247,529065227,541043869,1560247953
L6/16/8f.zst 0,0,1660136376,521858559,536878671,1576093690
L6/16/91.zst 0,0,13154277,1957873689,497914568,1826024762
L6/16/86.zst 0,0,1664620299,532040965,541470909,1556835123
L6/16/8e.zst 0,0,1660244107,525532562,538239122,1570951505
L6/16/93.zst 0,0,14679425,1991986019,497273896,1791027956
L6/16/95.zst 0,0,15459565,2014817428,497128603,1767561700
L6/16/94.zst 0,0,14927545,2012496266,494398343,1773145142
L6/16/99.zst 0,0,0,0,0,4294967296
L6/16/8d.zst 0,0,1668532637,516970549,538275026,1571189084
L6/16/9a.zst 0,0,0,0,0,4294967296
L6/16/9b.zst 0,0,0,0,0,4294967296
L6/16/90.zst 0,0,13440625,2160088100,538995518,1582443053
L6/16/98.zst 0,0,0,0,0,4294967296
L6/16/9d.zst 0,0,0,0,0,4294967296
L6/16/9f.zst 0,0,0,0,0,4294967296
L6/16/a0.zst 0,0,13440927,2129786665,528689791,1623049913
L6/16/96.zst 0,0,1666965527,503028358,534493172,1590480239
L6/16/a4.zst 0,0,14962956,1981742451,482556929,1815704960
L6/16/a5.zst 0,0,15600346,1979660168,477979569,1821727213
L6/16/a2.zst 0,0,13389741,1915354353,499724250,1866498952
L6/16/a6.zst 0,0,1658541533,466353053,520554494,1649518216
L6/16/a8.zst 0,0,0,0,0,4294967296
L6/16/9e.zst 0,0,0,0,0,4294967296
L6/16/aa.zst 0,0,0,0,0,4294967296
L6/16/a1.zst 0,0,13153149,2130309095,528149548,1623355504
L6/16/ac.zst 0,0,0,0,0,4294967296
L6/16/ad.zst 0,0,0,0,0,4294967296
L6/16/ab.zst 0,0,0,0,0,4294967296
L6/16/b0.zst 0,0,1668027884,500240782,533734352,1592964278
L6/16/b2.zst 0,0,1667175362,498027957,534597021,1595166956
L6/16/b3.zst 0,0,1667351814,497383023,533739528,1596492931
L6/16/a7.zst 0,0,1658592549,463437172,520062331,1652875244
L6/16/b6.zst 0,0,1667079115,495051197,535233759,1597603225
L6/16/b7.zst 0,0,1668024704,499996310,534253221,1592693061
L6/16/b8.zst 0,0,1668100672,501998904,534095320,1590772400
L6/16/b5.zst 0,0,1667069768,480457313,548956145,1598484070
L6/16/af.zst 0,0,0,0,0,4294967296
L6/16/bb.zst 0,0,1667877057,519838810,541460805,1565790624
L6/16/b1.zst 0,0,1668093182,499358624,534006599,1593508891
L6/16/bd.zst 0,0,1667591780,503398689,556903939,1567072888
L6/16/bc.zst 0,0,1667573165,511896733,541711430,1573785968
L6/16/c1.zst 0,0,1667851819,513228354,549991245,1563895878
L6/16/c3.zst 0,0,1669747736,507994001,542656812,1574568747
L6/16/bf.zst 0,0,1668559381,524218394,542172267,1560017254
L6/16/c4.zst 0,0,1669393679,506742537,543548692,1575282388
L6/16/ba.zst 0,0,1667694114,520093976,542602912,1564576294
L6/16/c6.zst 0,0,1668574910,507081970,562327115,1556983301
L6/16/c7.zst 0,0,1668654805,507331593,562272149,1556708749
L6/16/c9.zst 0,0,1668216480,507047227,562274569,1557429020
L6/16/cc.zst 0,0,1668643753,505364175,563471949,1557487419
L6/16/c0.zst 0,0,1667887542,525771029,544004454,1557304271
L6/16/c8.zst 0,0,1668648466,506422049,562124118,1557772663
L6/16/cd.zst 0,0,1668639293,505502400,563697473,1557128130
L6/16/c2.zst 0,0,1669400049,511128027,542591082,1571848138
L6/16/cf.zst 0,0,1668659862,501984563,567192549,1557130322
L6/16/d0.zst 0,0,0,0,2737797018,1557170278
L6/16/d3.zst 0,0,0,0,2737299446,1557667850
L6/16/cb.zst 0,0,1668648688,505392510,563577416,1557348682
L6/16/d6.zst 0,0,0,0,2736607846,1558359450
L6/16/d7.zst 0,0,0,0,2713533250,1581434046
L6/16/d2.zst 0,0,0,0,2737287275,1557680021
L6/16/d8.zst 0,0,0,0,2713062882,1581904414
L6/16/dc.zst 0,0,0,0,2710990842,1583976454
L6/16/d1.zst 0,0,0,0,2737789076,1557178220
L6/16/db.zst 0,0,0,0,2712098947,1582868349
L6/16/de.zst 0,0,0,0,2711038676,1583928620
L6/16/d4.zst 0,0,0,0,2737178829,1557788467
L6/16/dd.zst 0,0,0,0,2711228122,1583739174
L6/16/e0.zst 0,0,87117626,1024751364,132969093,3050129213
L6/16/e2.zst 0,0,235718359,1611675804,595651575,1851921558
L6/16/e3.zst 0,0,260745958,1630777187,576597535,1826846616
L6/16/da.zst 0,0,0,0,2712223819,1582743477
L6/16/e7.zst 0,0,1666960084,481513253,528426908,1618067051
L6/16/e8.zst 0,0,0,0,0,4294967296
L6/16/e9.zst 0,0,0,0,0,4294967296
L6/16/e6.zst 0,0,1666949691,484213556,529094434,1614709615
L6/16/ec.zst 0,0,0,0,0,4294967296
L6/16/ed.zst 0,0,0,0,0,4294967296
L6/16/e1.zst 0,0,14116266,2181325542,541127657,1558397831
L6/16/ee.zst 0,0,0,0,0,4294967296
L6/16/e4.zst 0,0,264632083,1651252335,568836746,1810246132
L6/16/f1.zst 0,0,4294967296,0,0,0
L6/16/f2.zst 0,0,4294967296,0,0,0
L6/16/f5.zst 0,0,4294967296,0,0,0
L6/16/ef.zst 0,0,0,0,0,4294967296
L6/16/f7.zst 0,0,4294967296,0,0,0
L6/16/fa.zst 0,0,4294967296,0,0,0
L6/16/f9.zst 0,0,4294967296,0,0,0
L6/16/eb.zst 0,0,0,0,0,4294967296
L6/16/f3.zst 0,0,4294967296,0,0,0
L6/16/fb.zst 0,0,4294967296,0,0,0
L6/16/fd.zst 0,0,4294967296,0,0,0
L6/16/fe.zst 0,0,4294967296,0,0,0
L6/16/ff.zst 0,0,4294967296,0,0,0
L6/16/f6.zst 0,0,4294967296,0,0,0
L6/17/04.zst 0,0,1660494259,536796532,541416864,1556259641
L6/17/05.zst 0,0,1660493595,536882335,541457455,1556133911
L6/17/06.zst 0,0,1660578360,536793499,541462907,1556132530
L6/17/03.zst 0,0,1660494764,536932262,541490841,1556049429
L6/17/09.zst 0,0,1660532674,536561579,541369724,1556503319
L6/17/0a.zst 0,0,1660491431,536526476,541392431,1556556958
L6/17/0b.zst 0,0,1660539182,536523137,541399888,1556505089
L6/17/01.zst 0,0,1660506157,537100407,541584084,1555776648
L6/17/02.zst 0,0,1660491869,536972306,541414305,1556088816
L6/17/0e.zst 0,0,1660658575,536413199,541372323,1556523199
L6/17/0f.zst 0,0,1660539673,536391039,541478691,1556557893
L6/17/07.zst 0,0,1672949612,525093671,541730029,1555193984
L6/17/0d.zst 0,0,1660533029,536517375,541409865,1556507027
L6/17/11.zst 0,0,1660536836,516149637,534756305,1583524518
L6/17/14.zst 0,0,1660472821,515685975,534679772,1584128728
L6/17/15.zst 0,0,1660418647,515178512,534621436,1584748701
L6/17/19.zst 0,0,1668905509,527866834,541148719,1557046234
L6/17/1a.zst 0,0,1661498607,531344745,542015142,1560108802
L6/17/1b.zst 0,0,1661440324,529766637,541901737,1561858598
L6/17/18.zst 0,0,1668930329,528079678,541077508,1556879781
L6/17/12.zst 0,0,1660520209,516046334,534863436,1583537317
L6/17/1d.zst 0,0,1661326741,529657363,543741289,1560241903
L6/17/13.zst 0,0,1660479163,515434683,534954529,1584098921
L6/17/1e.zst 0,0,1668326317,527549379,541250571,1557841029
L6/17/1f.zst 0,0,1660824512,514619396,535299154,1584224234
L6/17/16.zst 0,0,1660428922,515016499,534892925,1584628950
L6/17/23.zst 0,0,1660274167,510800574,563780659,1560111896
L6/17/25.zst 0,0,1660266763,511444398,564404763,1558851372
L6/17/26.zst 0,0,1660334371,509938165,565680868,1559013892
L6/17/20.zst 0,0,1660221911,512671073,563810192,1558264120
L6/17/29.zst 0,0,1659805056,511672511,564597425,1558892304
L6/17/2a.zst 0,0,1659818734,510317055,564861431,1559970076
L6/17/2b.zst 0,0,1659771011,509698479,564745937,1560751869
L6/17/2c.zst 0,0,1659809308,508814716,564510568,1561832704
L6/17/2e.zst 0,0,1659798932,508585237,564357972,1562225155
L6/17/2f.zst 0,0,1659931149,509213103,564361286,1561461758
L6/17/30.zst 0,0,1668745561,526583818,541833780,1557804137
L6/17/22.zst 0,0,1660341072,511668674,563955130,1559002420
L6/17/24.zst 0,0,1660314681,510034751,563844694,1560773170
L6/17/28.zst 0,0,1661384370,509260482,564583939,1559738505
L6/17/35.zst 0,0,1668715688,528144282,541681967,1556425359
L6/17/34.zst 0,0,1668732916,527707866,541491369,1557035145
L6/17/33.zst 0,0,1668710755,527834487,541540233,1556881821
L6/17/32.zst 0,0,1668679011,526926677,541269594,1558092014
L6/17/3a.zst 0,0,1668590003,535076044,539744254,1551556995
L6/17/3b.zst 0,0,1668587910,535012439,538118593,1553248354
L6/17/3c.zst 0,0,1668577135,533482856,539239731,1553667574
L6/17/3f.zst 0,0,1668704654,533213179,537825156,1555224307
L6/17/40.zst 0,0,1680437995,512736400,541632219,1560160682
L6/17/41.zst 0,0,1680996726,515319366,541199301,1557451903
L6/17/36.zst 0,0,1668717578,527985972,541362017,1556901729
L6/17/37.zst 0,0,1854472134,543276502,559082591,1338136069
L6/17/3e.zst 0,0,1668566386,532691308,537695161,1556014441
L6/17/43.zst 0,0,1681261820,506014733,542257038,1565433705
L6/17/44.zst 0,0,1681329777,503764738,542001742,1567871039
L6/17/39.zst 0,0,1668598041,536226931,539672170,1550470154
L6/17/45.zst 0,0,1681664360,502543867,541862386,1568896683
L6/17/4a.zst 0,0,1896782039,544568535,554290055,1299326667
L6/17/4b.zst 0,0,1896783133,545438855,554529829,1298215479
L6/17/48.zst 0,0,1896788462,545263727,554383627,1298531480
L6/17/4d.zst 0,0,1896776463,545320246,554545610,1298324977
L6/17/4f.zst 0,0,1896726867,545567080,554791722,1297881627
L6/17/50.zst 0,0,874234,2088768605,542192991,1663131466
L6/17/46.zst 0,0,1891552813,544456380,553205139,1305752964
L6/17/52.zst 0,0,7949186,2456160638,497336576,1333520896
L6/17/47.zst 0,0,1891549128,544750472,553222939,1305444757
L6/17/54.zst 0,0,7870945,2434719519,498441984,1353934848
L6/17/55.zst 0,0,7913481,2432302071,493997824,1360753920
L6/17/51.zst 0,0,50086,2197993197,541730029,1555193984
L6/17/4c.zst 0,0,1896783501,545347414,554513953,1298322428
L6/17/57.zst 0,0,1659581303,487452710,527520563,1620412720
L6/17/5a.zst 0,0,0,0,0,4294967296
L6/17/5b.zst 0,0,0,0,0,4294967296
L6/17/5e.zst 0,0,0,0,0,4294967296
L6/17/5c.zst 0,0,0,0,0,4294967296
L6/17/60.zst 0,0,1659264740,477630773,526838248,1631233535
L6/17/61.zst 0,0,1659369022,472700726,527605599,1635291949
L6/17/56.zst 0,0,1659607015,491592120,528194871,1615573290
L6/17/58.zst 0,0,0,0,0,4294967296
L6/17/62.zst 0,0,1659226807,423507638,516193119,1696039732
L6/17/65.zst 0,0,1660276772,450277944,522004007,1662408573
L6/17/66.zst 0,0,1660141760,486302252,526892299,1621630985
L6/17/5d.zst 0,0,0,0,0,4294967296
L6/17/64.zst 0,0,1660139420,446550858,520278696,1667998322
L6/17/69.zst 0,0,1668680187,505347279,535068721,1585871109
L6/17/6b.zst 0,0,1660230722,527538860,541148901,1566048813
L6/17/6c.zst 0,0,1660276677,529089546,541284491,1564316582
L6/17/6f.zst 0,0,1660276255,536875145,541716340,1556099556
L6/17/72.zst 0,0,1668583318,530819818,541829616,1553734544
L6/17/71.zst 0,0,4294967296,0,0,0
L6/17/6e.zst 0,0,1660226195,531378899,540680506,1562681696
L6/17/67.zst 0,0,1660195104,486791569,527030991,1620949632
L6/17/68.zst 0,0,1668633639,500483707,533756182,1592093768
L6/17/73.zst 0,0,1923326319,528914538,511102065,1331624374
L6/17/76.zst 0,0,4294967296,0,0,0
L6/17/75.zst 0,0,3031528939,375562752,287541637,600333968
L6/17/6d.zst 0,0,1660277645,530583497,540700768,1563405386
L6/17/7a.zst 0,0,2364015302,459345293,440386417,1031220284
L6/17/7c.zst 0,0,4294967296,0,0,0
L6/17/7d.zst 0,0,4294967296,0,0,0
L6/17/77.zst 0,0,4294967296,0,0,0
L6/17/7f.zst 0,0,1923477096,522645461,511977714,1336867025
L6/17/81.zst 0,0,1668571528,527640297,541340054,1557415417
L6/17/82.zst 0,0,1660284070,536295143,541637870,1556750213
L6/17/79.zst 0,0,1923306750,528764097,511032897,1331863552
L6/17/78.zst 0,0,1668592104,530900767,542082015,1553392410
L6/17/84.zst 0,0,1662287894,532563787,541900048,1558215567
L6/17/83.zst 0,0,1660307598,536562204,541387373,1556710121
L6/17/85.zst 0,0,1665880450,528284864,542002583,1558799399
L6/17/87.zst 0,0,1668573844,527104728,541304883,1557983841
L6/17/7e.zst 0,0,1668590281,529867904,541691745,1554817366
L6/17/8c.zst 0,0,1664648028,528020759,541214244,1561084265
L6/17/8e.zst 0,0,1660274213,524507255,538428751,1571757077
L6/17/8a.zst 0,0,1662281916,530848229,542039530,1559797621
L6/17/8b.zst 0,0,1665804218,525837209,541980209,1561345660
L6/17/90.zst 0,0,13841216,2177793348,546097071,1557235661
L6/17/91.zst 0,0,13154911,1955809238,497651564,1828351583
L6/17/93.zst 0,0,14680036,1990546834,497126770,1792613656
L6/17/95.zst 0,0,15461871,2013938816,497076685,1768489924
L6/17/96.zst 0,0,1667005718,501846859,534392691,1591722028
L6/17/88.zst 0,0,1660303713,535586093,541462752,1557614738
L6/17/89.zst 0,0,1660128933,535480437,541438307,1557919619
L6/17/98.zst 0,0,0,0,0,4294967296
L6/17/94.zst 0,0,14934001,2011162931,494333112,1774537252
L6/17/99.zst 0,0,0,0,0,4294967296
L6/17/9a.zst 0,0,0,0,0,4294967296
L6/17/8f.zst 0,0,1660184838,521061928,536827699,1576892831
L6/17/9e.zst 0,0,0,0,0,4294967296
L6/17/a0.zst 0,0,13446047,2128762858,528010904,1624747487
L6/17/a1.zst 0,0,13153771,2129791074,527568728,1624453723
L6/17/a4.zst 0,0,14968541,1980942565,482764287,1816291903
L6/17/9f.zst 0,0,0,0,0,4294967296
L6/17/a5.zst 0,0,15606155,1978748493,477937505,1822675143
L6/17/a6.zst 0,0,1658580772,465225464,520459017,1650702043
L6/17/9b.zst 0,0,0,0,0,4294967296
L6/17/9d.zst 0,0,0,0,0,4294967296
L6/17/a8.zst 0,0,0,0,0,4294967296
L6/17/aa.zst 0,0,0,0,0,4294967296
L6/17/ab.zst 0,0,0,0,0,4294967296
L6/17/a9.zst 0,0,0,0,0,4294967296
L6/17/a2.zst 0,0,13390564,1913778078,499933792,1867864862
L6/17/af.zst 0,0,0,0,0,4294967296
L6/17/b0.zst 0,0,1668058458,499114449,533460459,1594333930
L6/17/b1.zst 0,0,1668115029,498858389,533575354,1594418524
L6/17/b5.zst 0,0,1666910282,421536065,521956260,1684564689
L6/17/b6.zst 0,0,1667103118,486205179,540890764,1600768235
L6/17/b2.zst 0,0,1667208656,495484656,534182351,1598091633
L6/17/b7.zst 0,0,1667131065,495597713,534729868,1597508650
L6/17/ac.zst 0,0,0,0,0,4294967296
L6/17/ae.zst 0,0,0,0,0,4294967296
L6/17/b9.zst 0,0,1668140193,503942079,535116756,1587768268
L6/17/ba.zst 0,0,1667730090,517122307,542179757,1567935142
L6/17/bc.zst 0,0,1667583389,531280592,540544279,1555559036
L6/17/b4.zst 0,0,1667072762,509131026,532754605,1586008903
L6/17/c0.zst 0,0,1667846989,525097286,543938023,1558084998
L6/17/bb.zst 0,0,1668099389,516938092,540959698,1568970117
L6/17/c1.zst 0,0,1667892440,511282594,551311555,1564480707
L6/17/c2.zst 0,0,1669396352,510980891,541856051,1572734002
L6/17/c5.zst 0,0,1669985835,504883407,543373130,1576724924
L6/17/c7.zst 0,0,1668611068,506266781,562166907,1557922540
L6/17/c8.zst 0,0,1668263309,506052818,561884371,1558766798
L6/17/bd.zst 0,0,1667422960,442599053,529657538,1655287745
L6/17/c6.zst 0,0,1668678145,506142374,561915359,1558231418
L6/17/bf.zst 0,0,1667677875,518798052,542839587,1565651782
L6/17/ca.zst 0,0,1668684105,505270394,562506562,1558506235
L6/17/cb.zst 0,0,1668681800,504577408,563252914,1558455174
L6/17/cc.zst 0,0,1668684599,504589938,563318352,1558374407
L6/17/c4.zst 0,0,1669478829,506168037,543197514,1576122916
L6/17/d2.zst 0,0,0,0,2736044965,1558922331
L6/17/d1.zst 0,0,0,0,2736768528,1558198768
L6/17/d3.zst 0,0,0,0,2736243510,1558723786
L6/17/cf.zst 0,0,1668697733,501221369,566956528,1558091666
L6/17/d6.zst 0,0,0,0,2735295376,1559671920
L6/17/d7.zst 0,0,0,0,2712375102,1582592194
L6/17/d8.zst 0,0,0,0,2711756181,1583211115
L6/17/ce.zst 0,0,1668672486,504405764,563366845,1558522201
L6/17/d0.zst 0,0,0,0,2736620722,1558346574
L6/17/db.zst 0,0,0,0,2710849109,1584118187
L6/17/d9.zst 0,0,0,0,2711242640,1583724656
L6/17/dc.zst 0,0,0,0,2710093492,1584873804
L6/17/dd.zst 0,0,0,0,2710242386,1584724910
L6/17/d5.zst 0,0,0,0,2735478222,1559489074
L6/17/e1.zst 0,0,14118270,2180633233,540993038,1559222755
L6/17/e4.zst 0,0,264513245,1650769024,568713281,1810971746
L6/17/e3.zst 0,0,260706113,1630267343,576517055,1827476785
L6/17/e2.zst 0,0,235700610,1610888311,595573905,1852804470
L6/17/e7.zst 0,0,1666986722,480243587,528072729,1619664258
L6/17/e8.zst 0,0,0,0,0,4294967296
L6/17/e9.zst 0,0,0,0,0,4294967296
L6/17/df.zst 0,0,0,0,2709059987,1585907309
L6/17/e0.zst 0,0,87495093,1043796742,139639825,3024035636
L6/17/ec.zst 0,0,0,0,0,4294967296
L6/17/ed.zst 0,0,0,0,0,4294967296
L6/17/ee.zst 0,0,0,0,0,4294967296
L6/17/eb.zst 0,0,0,0,0,4294967296
L6/17/f2.zst 0,0,4294967296,0,0,0
L6/17/e6.zst 0,0,1666986745,483764562,528918659,1615297330
L6/17/f3.zst 0,0,4294967296,0,0,0
L6/17/f4.zst 0,0,4294967296,0,0,0
L6/17/f7.zst 0,0,4294967296,0,0,0
L6/17/f6.zst 0,0,4294967296,0,0,0
L6/17/f9.zst 0,0,4294967296,0,0,0
L6/17/f0.zst 0,0,4294967296,0,0,0
L6/17/f1.zst 0,0,4294967296,0,0,0
L6/17/fc.zst 0,0,4294967296,0,0,0
L6/17/fb.zst 0,0,4294967296,0,0,0
L6/17/fd.zst 0,0,4294967296,0,0,0
L6/17/ff.zst 0,0,4294967296,0,0,0
L6/17/f8.zst 0,0,4294967296,0,0,0
L6/18/03.zst 0,0,1668456604,551158338,552822755,1522529599
L6/18/04.zst 0,0,1668629095,550972016,552823568,1522542617
L6/18/06.zst 0,0,1668462441,551062512,552841039,1522601304
L6/18/09.zst 0,0,1668528489,550888968,552836873,1522712966
L6/18/05.zst 0,0,1668451575,551068678,552842082,1522604961
L6/18/0a.zst 0,0,1668497996,550906190,552828540,1522734570
L6/18/0b.zst 0,0,1668448986,550938711,552827344,1522752255
L6/18/00.zst 0,0,1671751386,552584340,553379741,1517251829
L6/18/01.zst 0,0,1668636915,551277596,552844334,1522208451
L6/18/0d.zst 0,0,1668446821,550943171,552836140,1522741164
L6/18/0f.zst 0,0,1668454285,550766907,552745313,1523000791
L6/18/10.zst 0,0,1897333240,545493208,555309808,1296831040
L6/18/07.zst 0,0,1668531822,550901236,552818427,1522715811
L6/18/14.zst 0,0,1668599535,528423995,542062220,1555881546
L6/18/0e.zst 0,0,1668537020,550878828,552811929,1522739519
L6/18/16.zst 0,0,1668641716,527668392,542119396,1556537792
L6/18/15.zst 0,0,1668428709,527834580,541995446,1556708561
L6/18/19.zst 0,0,1676953460,541491670,553055326,1523466840
L6/18/1b.zst 0,0,1669445760,543322507,553459099,1528739930
L6/18/1c.zst 0,0,1669579758,545098477,554073417,1526215644
L6/18/1a.zst 0,0,1669503449,545239104,553595346,1526629397
L6/18/11.zst 0,0,1668543729,529073951,542088402,1555261214
L6/18/12.zst 0,0,1668563013,528739235,542263783,1555401265
L6/18/1e.zst 0,0,1676388657,542399393,553540543,1522638703
L6/18/1f.zst 0,0,1669559690,548338444,553871453,1523197709
L6/18/20.zst 0,0,1668432110,526360229,576216365,1523958592
L6/18/17.zst 0,0,1668472970,528075819,542288815,1556129692
L6/18/25.zst 0,0,1668294339,522936838,578119043,1525617076
L6/18/26.zst 0,0,1668347935,524750621,576971159,1524897581
L6/18/21.zst 0,0,1668617608,524509394,576566756,1525273538
L6/18/27.zst 0,0,1668304608,523568509,577907162,1525187017
L6/18/29.zst 0,0,1667836133,522909173,576865192,1527356798
L6/18/2b.zst 0,0,1667785622,521582743,576998909,1528600022
L6/18/2d.zst 0,0,1667815972,521400464,576785265,1528965595
L6/18/2e.zst 0,0,1667797271,521619797,577246233,1528303995
L6/18/22.zst 0,0,1668313573,524496323,576507961,1525649439
L6/18/23.zst 0,0,1668299196,522948927,576352270,1527366903
L6/18/2c.zst 0,0,1667860304,522705710,577118304,1527282978
L6/18/30.zst 0,0,1676680510,540755493,553583555,1523947738
L6/18/31.zst 0,0,1676369952,541091990,553719930,1523785424
L6/18/32.zst 0,0,1676542832,540597402,553671651,1524155411
L6/18/28.zst 0,0,1667654524,525338425,577518256,1524456091
L6/18/37.zst 0,0,1676746229,541691916,553213556,1523315595
L6/18/38.zst 0,0,1861757926,555989215,570511552,1306708603
L6/18/39.zst 0,0,1676659945,554462205,550890638,1512954508
L6/18/36.zst 0,0,1676736092,541439465,553457696,1523334043
L6/18/3c.zst 0,0,1676611722,548319897,550338087,1519697590
L6/18/3e.zst 0,0,1676650760,543392016,550380196,1524544324
L6/18/3d.zst 0,0,1676603760,546856435,551085265,1520421836
L6/18/33.zst 0,0,1676696692,540013489,553792145,1524464970
L6/18/35.zst 0,0,1676862269,541161028,553583252,1523360747
L6/18/41.zst 0,0,1689098418,528334969,552966704,1524567205
L6/18/42.zst 0,0,1689389192,521976067,554948330,1528653707
L6/18/40.zst 0,0,1688570959,528089316,553938696,1524368325
L6/18/43.zst 0,0,1689410192,519227629,554236647,1532092828
L6/18/3a.zst 0,0,1676627076,549814975,551818736,1516706509
L6/18/47.zst 0,0,1898694987,557042182,564432131,1274797996
L6/18/48.zst 0,0,1904842485,558350626,566031575,1265742610
L6/18/4b.zst 0,0,1904830218,558530686,566240679,1265365713
L6/18/4d.zst 0,0,1904823906,558407159,566255182,1265481049
L6/18/4e.zst 0,0,1904826706,558510048,566271069,1265359473
L6/18/49.zst 0,0,1904832048,558289426,566037267,1265808555
L6/18/45.zst 0,0,1689800181,515830271,553900202,1535436642
L6/18/46.zst 0,0,1899573857,557454357,564908625,1273030457
L6/18/51.zst 0,0,50217,2220344755,552962351,1521609973
L6/18/50.zst 0,0,877078,2105809056,539861429,1648419733
L6/18/52.zst 0,0,8006748,2479510948,502496256,1304953344
L6/18/4c.zst 0,0,1904831757,558457389,566203627,1265474523
L6/18/57.zst 0,0,1667561777,500149712,534535761,1592720046
L6/18/58.zst 0,0,0,0,0,4294967296
L6/18/53.zst 0,0,7955144,2464674104,504262400,1318075648
L6/18/59.zst 0,0,0,0,0,4294967296
L6/18/5c.zst 0,0,0,0,0,4294967296
L6/18/5d.zst 0,0,0,0,0,4294967296
L6/18/5f.zst 0,0,0,0,0,4294967296
L6/18/55.zst 0,0,7943558,2453634426,499277824,1334111488
L6/18/61.zst 0,0,1667406344,485533463,535071905,1606955584
L6/18/5e.zst 0,0,0,0,0,4294967296
L6/18/62.zst 0,0,1667298346,431207646,522796808,1673664496
L6/18/56.zst 0,0,1667494991,504356233,535332281,1587783791
L6/18/63.zst 0,0,1667926354,448369982,524882488,1653788472
L6/18/66.zst 0,0,1668138681,499626865,534226064,1592975686
L6/18/5b.zst 0,0,0,0,0,4294967296
L6/18/68.zst 0,0,1676605960,514621428,545274799,1558465109
L6/18/6a.zst 0,0,1668250439,541308610,552935118,1532473129
L6/18/67.zst 0,0,1668197273,500157407,534365461,1592247155
L6/18/6c.zst 0,0,1668208850,543532163,552763732,1530462551
L6/18/6e.zst 0,0,1668181722,545889372,552552631,1528343571
L6/18/6f.zst 0,0,1668230969,550620876,549694717,1526420734
L6/18/65.zst 0,0,1668331228,460333881,529092600,1637209587
L6/18/72.zst 0,0,1676597497,545383999,553720476,1519265324
L6/18/69.zst 0,0,1676600570,519234846,547061872,1552070008
L6/18/74.zst 0,0,2384733867,462356110,445164489,1002712830
L6/18/73.zst 0,0,1929794100,546810324,519907704,1298455168
L6/18/71.zst 0,0,4294967296,0,0,0
L6/18/77.zst 0,0,4294967296,0,0,0
L6/18/6d.zst 0,0,1668199481,544698714,552269648,1529799453
L6/18/79.zst 0,0,1929790327,546762825,519881307,1298532837
L6/18/7a.zst 0,0,2384732169,462205616,445206608,1002822903
L6/18/7d.zst 0,0,4294967296,0,0,0
L6/18/7f.zst 0,0,1929955521,540623753,520924112,1303463910
L6/18/80.zst 0,0,1671975726,546755708,553270596,1522965266
L6/18/7b.zst 0,0,3031531336,392710910,287727878,582997172
L6/18/83.zst 0,0,1667622732,551451674,552833808,1523059082
L6/18/82.zst 0,0,1668244629,550832657,552872220,1523017790
L6/18/78.zst 0,0,1676597692,545366812,553692394,1519310398
L6/18/76.zst 0,0,4294967296,0,0,0
L6/18/84.zst 0,0,1670229928,546903596,553441136,1524392636
L6/18/86.zst 0,0,1671692085,546396330,553250891,1523627990
L6/18/88.zst 0,0,1668264210,549759288,552823173,1524120625
L6/18/7e.zst 0,0,1676591059,544522884,553651015,1520202338
L6/18/85.zst 0,0,1673387563,543090081,553764582,1524725070
L6/18/8b.zst 0,0,1673386366,540128655,553586341,1527865934
L6/18/8c.zst 0,0,1671686413,543398049,553050393,1526832441
L6/18/8d.zst 0,0,1675632909,531019853,550011469,1538303065
L6/18/91.zst 0,0,13250833,1974646019,566491409,1740579035
L6/18/92.zst 0,0,13548120,1974348732,566491409,1740579035
L6/18/93.zst 0,0,14779351,2007613287,557059959,1715514699
L6/18/90.zst 0,0,13940872,2177469333,546395774,1557161317
L6/18/89.zst 0,0,1667615150,550045127,552741314,1524565705
L6/18/8a.zst 0,0,1670227242,545231293,553398480,1526110281
L6/18/95.zst 0,0,15574075,2030112195,555484891,1693796135
L6/18/96.zst 0,0,1675021778,515185985,546338931,1558420602
L6/18/97.zst 0,0,1675031791,511394113,545502423,1563038969
L6/18/8f.zst 0,0,1667670186,535569036,548237888,1543490186
L6/18/9c.zst 0,0,0,0,0,4294967296
L6/18/99.zst 0,0,0,0,0,4294967296
L6/18/9d.zst 0,0,0,0,0,4294967296
L6/18/9e.zst 0,0,0,0,0,4294967296
L6/18/a1.zst 0,0,13250350,2149362570,532978683,1599375693
L6/18/a3.zst 0,0,14512318,1967568151,497635776,1815251051
L6/18/a4.zst 0,0,15070388,1994724285,493360475,1791812148
L6/18/9a.zst 0,0,0,0,0,4294967296
L6/18/9b.zst 0,0,0,0,0,4294967296
L6/18/a2.zst 0,0,13488030,1927127504,511221635,1843130127
L6/18/a6.zst 0,0,1666551650,477782270,527676406,1622956970
L6/18/a7.zst 0,0,1666601796,474987072,527107056,1626271372
L6/18/a8.zst 0,0,0,0,0,4294967296
L6/18/a0.zst 0,0,13536210,2128777461,527121787,1625531838
L6/18/ad.zst 0,0,0,0,0,4294967296
L6/18/ae.zst 0,0,0,0,0,4294967296
L6/18/af.zst 0,0,0,0,0,4294967296
L6/18/ac.zst 0,0,0,0,0,4294967296
L6/18/b3.zst 0,0,1675861453,510380626,545180600,1563544617
L6/18/b4.zst 0,0,1675289124,509891634,546719016,1563067522
L6/18/b2.zst 0,0,1676364932,510443243,547098458,1561060663
L6/18/aa.zst 0,0,0,0,0,4294967296
L6/18/ab.zst 0,0,0,0,0,4294967296
L6/18/b7.zst 0,0,1676106711,514166688,545961085,1558732812
L6/18/b8.zst 0,0,1676184960,515040935,545500880,1558240521
L6/18/b6.zst 0,0,1676110559,513482301,546260969,1559113467
L6/18/b9.zst 0,0,1675390204,518597521,547787582,1553191989
L6/18/b1.zst 0,0,1675362808,514287071,546204363,1559113054
L6/18/bd.zst 0,0,1676655809,535588003,553941961,1528781523
L6/18/be.zst 0,0,1676639506,536463396,554239124,1527625270
L6/18/c0.zst 0,0,1675930102,538852983,555943016,1524241195
L6/18/c3.zst 0,0,1677676607,493739321,545607777,1577943591
L6/18/bf.zst 0,0,1676644657,538180976,553979497,1526162166
L6/18/c4.zst 0,0,1677458883,501622365,548886917,1566999131
L6/18/c6.zst 0,0,1676647273,519486497,574019369,1524814157
L6/18/bb.zst 0,0,1676388799,532924992,553283044,1532370461
L6/18/bc.zst 0,0,1675826067,532765069,554834432,1531541728
L6/18/c7.zst 0,0,1676226087,520139115,574168081,1524434013
L6/18/c9.zst 0,0,1676734647,518405328,574581050,1525246271
L6/18/cb.zst 0,0,1676673169,517626819,575216847,1525450461
L6/18/c8.zst 0,0,1676657042,518363101,574630689,1525316464
L6/18/c2.zst 0,0,1677282365,473777811,543869598,1600037522
L6/18/ce.zst 0,0,1676677802,517991477,575691139,1524606878
L6/18/cf.zst 0,0,1676695434,514947939,579174031,1524149892
L6/18/d1.zst 0,0,0,0,2770733758,1524233538
L6/18/d4.zst 0,0,0,0,2770559815,1524407481
L6/18/d5.zst 0,0,0,0,2770582973,1524384323
L6/18/d2.zst 0,0,0,0,2770610553,1524356743
L6/18/d7.zst 0,0,0,0,2770284707,1524682589
L6/18/cc.zst 0,0,1676667567,517646667,575388234,1525264828
L6/18/cd.zst 0,0,1676650536,517882206,575466705,1524967849
L6/18/d8.zst 0,0,0,0,2770142802,1524824494
L6/18/d9.zst 0,0,0,0,2770253132,1524714164
L6/18/dc.zst 0,0,0,0,2769432416,1525534880
L6/18/df.zst 0,0,0,0,2768901874,1526065422
L6/18/d3.zst 0,0,0,0,2770648677,1524318619
L6/18/e0.zst 0,0,163068973,1994795396,572624612,1564478315
L6/18/db.zst 0,0,0,0,2769832747,1525134549
L6/18/e2.zst 0,0,236931653,1633376382,609527012,1815132249
L6/18/e3.zst 0,0,261881280,1651577134,589460092,1792048790
L6/18/e5.zst 0,0,275295085,1667550172,580491976,1771630063
L6/18/e8.zst 0,0,0,0,0,4294967296
L6/18/e9.zst 0,0,0,0,0,4294967296
L6/18/de.zst 0,0,0,0,2769453375,1525513921
L6/18/ea.zst 0,0,0,0,0,4294967296
L6/18/dd.zst 0,0,0,0,2769573805,1525393491
L6/18/e7.zst 0,0,1675020316,493742425,539689012,1586515543
L6/18/ec.zst 0,0,0,0,0,4294967296
L6/18/ed.zst 0,0,0,0,0,4294967296
L6/18/ef.zst 0,0,0,0,0,4294967296
L6/18/f1.zst 0,0,4294967296,0,0,0
L6/18/e4.zst 0,0,266645716,1670780683,581429162,1776111735
L6/18/f4.zst 0,0,4294967296,0,0,0
L6/18/f3.zst 0,0,4294967296,0,0,0
L6/18/f6.zst 0,0,4294967296,0,0,0
L6/18/f7.zst 0,0,4294967296,0,0,0
L6/18/fa.zst 0,0,4294967296,0,0,0
L6/18/fc.zst 0,0,4294967296,0,0,0
L6/18/fb.zst 0,0,4294967296,0,0,0
L6/18/f0.zst 0,0,4294967296,0,0,0
L6/18/ee.zst 0,0,0,0,0,4294967296
L6/18/fe.zst 0,0,4294967296,0,0,0
L6/18/ff.zst 0,0,4294967296,0,0,0
L6/18/f8.zst 0,0,4294967296,0,0,0
L6/19/01.zst 0,0,1668429645,550767980,552842650,1522927021
L6/19/02.zst 0,0,1668417263,550580488,552825595,1523143950
L6/19/06.zst 0,0,1668415632,550400108,552840258,1523311298
L6/19/09.zst 0,0,1680958170,538684296,552957149,1522367681
L6/19/0a.zst 0,0,1668489900,550192103,552827166,1523458127
L6/19/05.zst 0,0,1668412633,550360111,552816624,1523377928
L6/19/0b.zst 0,0,1668452731,550211440,552827304,1523475821
L6/19/0d.zst 0,0,1668455558,550206819,552842728,1523462191
L6/19/03.zst 0,0,1668416302,550491373,552829556,1523230065
L6/19/04.zst 0,0,1668495417,550370618,552842913,1523258348
L6/19/10.zst 0,0,1897305703,545524794,555360157,1296776642
L6/19/0e.zst 0,0,1668409766,550183223,552812917,1523561390
L6/19/07.zst 0,0,1668450363,550284427,552849706,1523382800
L6/19/12.zst 0,0,1668633211,528656927,542306228,1555370930
L6/19/0f.zst 0,0,1668534766,550034956,552766811,1523630763
L6/19/15.zst 0,0,1668505012,527934268,542058229,1556469787
L6/19/16.zst 0,0,1668469486,527985488,542182874,1556329448
L6/19/19.zst 0,0,1677150767,541442652,553122025,1523251852
L6/19/1b.zst 0,0,1669452777,543477393,553535185,1528501941
L6/19/1c.zst 0,0,1669388555,545140211,554104301,1526334229
L6/19/1a.zst 0,0,1669504172,545190913,553661383,1526610828
L6/19/1e.zst 0,0,1676377976,542369876,553568762,1522650682
L6/19/1f.zst 0,0,1669550295,548664275,553934027,1522818699
L6/19/13.zst 0,0,1668559702,528185326,542421125,1555801143
L6/19/14.zst 0,0,1668607453,528344944,542119606,1555895293
L6/19/20.zst 0,0,1668147275,525890502,576206586,1524722933
L6/19/17.zst 0,0,1668554007,528029643,542379814,1556003832
L6/19/23.zst 0,0,1668213520,525079707,576816763,1524857306
L6/19/24.zst 0,0,1668311068,523156166,578247192,1525252870
L6/19/22.zst 0,0,1668226031,522993280,576179786,1527568199
L6/19/27.zst 0,0,1667422498,525433668,577405705,1524705425
L6/19/2a.zst 0,0,1667717929,521563113,577014613,1528671641
L6/19/2b.zst 0,0,1667707882,521946071,577437912,1527875431
L6/19/2d.zst 0,0,1667431527,521371265,577190510,1528973994
L6/19/2f.zst 0,0,1667868033,525248381,577266180,1524584702
L6/19/30.zst 0,0,1676635285,540066545,553597789,1524667677
L6/19/2c.zst 0,0,1667803582,521295031,576788987,1529079696
L6/19/25.zst 0,0,1668206425,524212605,576916250,1525632016
L6/19/26.zst 0,0,1668256386,523557175,578188245,1524965490
L6/19/33.zst 0,0,1676351281,540872221,553397082,1524346712
L6/19/29.zst 0,0,1667380655,523127320,577317060,1527142261
L6/19/32.zst 0,0,1676772666,540280911,554077544,1523836175
L6/19/34.zst 0,0,1676737951,540904684,553278742,1524045919
L6/19/39.zst 0,0,1861703286,555654887,570643079,1306966044
L6/19/3b.zst 0,0,1676618429,549694401,551715499,1516938967
L6/19/35.zst 0,0,1676713527,541161160,553257073,1523835536
L6/19/3c.zst 0,0,1676663779,548356276,551729606,1518217635
L6/19/3e.zst 0,0,1676588744,546971265,551338796,1520068491
L6/19/3f.zst 0,0,1676747587,543373646,550225408,1524620655
L6/19/41.zst 0,0,1689093276,528213347,553105901,1524554772
L6/19/36.zst 0,0,1676681729,541160947,553693366,1523431254
L6/19/37.zst 0,0,1676724748,541553532,553469224,1523219792
L6/19/43.zst 0,0,1689394323,519142832,554342990,1532087151
L6/19/40.zst 0,0,1688455830,527806941,553941537,1524762988
L6/19/3a.zst 0,0,1676646105,554349060,550957707,1513014424
L6/19/44.zst 0,0,1689461533,517048137,554068605,1534389021
L6/19/45.zst 0,0,1689795537,515772668,553951812,1535447279
L6/19/49.zst 0,0,1904821134,558257114,566106751,1265782297
L6/19/4c.zst 0,0,1904815807,558415673,566266116,1265469700
L6/19/4d.zst 0,0,1904808474,558362326,566315454,1265481042
L6/19/4a.zst 0,0,1904813258,558322632,566156909,1265674497
L6/19/4f.zst 0,0,1904760329,558525185,566498737,1265183045
L6/19/51.zst 0,0,50096,2219592370,552957149,1522367681
L6/19/50.zst 0,0,827499,2087473313,534453603,1672212881
L6/19/46.zst 0,0,1898688867,556781133,564480122,1275017174
L6/19/47.zst 0,0,1899553273,557828078,564983795,1272602150
L6/19/53.zst 0,0,7942203,2461860293,504528128,1320636672
L6/19/55.zst 0,0,7942623,2452325409,499196160,1335503104
L6/19/4b.zst 0,0,1904814492,558476573,566280595,1265395636
L6/19/56.zst 0,0,1667469640,503519785,535288391,1588689480
L6/19/52.zst 0,0,7997670,2478333466,502575360,1306060800
L6/19/59.zst 0,0,0,0,0,4294967296
L6/19/5b.zst 0,0,0,0,0,4294967296
L6/19/5d.zst 0,0,0,0,0,4294967296
L6/19/5f.zst 0,0,0,0,0,4294967296
L6/19/61.zst 0,0,1667432675,481892999,533199867,1612441755
L6/19/5e.zst 0,0,0,0,0,4294967296
L6/19/62.zst 0,0,1667287053,431216934,523351426,1673111883
L6/19/58.zst 0,0,0,0,0,4294967296
L6/19/57.zst 0,0,1667500076,499694913,534573699,1593198608
L6/19/63.zst 0,0,1667892303,448472596,525116265,1653486132
L6/19/65.zst 0,0,1668277243,460185027,529435572,1637069454
L6/19/5c.zst 0,0,0,0,0,4294967296
L6/19/67.zst 0,0,1668146272,499410317,534197836,1593212871
L6/19/6a.zst 0,0,1668160752,540823036,553005327,1532978181
L6/19/6c.zst 0,0,1668180931,542813497,552848552,1531124316
L6/19/66.zst 0,0,1668110953,498792623,534182377,1593881343
L6/19/6e.zst 0,0,1668141624,545074098,552582877,1529168697
L6/19/6f.zst 0,0,1668191302,549800741,550306456,1526668797
L6/19/71.zst 0,0,4294967296,0,0,0
L6/19/73.zst 0,0,1929790696,546080199,519960987,1299135414
L6/19/72.zst 0,0,1676553845,544702353,553773926,1519937172
L6/19/68.zst 0,0,1676565504,513886440,545456977,1559058375
L6/19/74.zst 0,0,2384672338,461767704,445265347,1003261907
L6/19/69.zst 0,0,1676560733,518497337,547048883,1552860343
L6/19/76.zst 0,0,4294967296,0,0,0
L6/19/6d.zst 0,0,1668167828,543917409,552223414,1530658645
L6/19/77.zst 0,0,4294967296,0,0,0
L6/19/7a.zst 0,0,2384685512,461632123,445290244,1003359417
L6/19/7d.zst 0,0,4294967296,0,0,0
L6/19/78.zst 0,0,1676554750,544660831,553700193,1520051522
L6/19/7f.zst 0,0,1929934806,539790111,520942502,1304299877
L6/19/80.zst 0,0,1671755822,546249552,553273329,1523688593
L6/19/81.zst 0,0,1675599370,542104584,553141553,1524121789
L6/19/84.zst 0,0,1670379412,545892852,553546996,1525148036
L6/19/85.zst 0,0,1673439297,542294439,553756500,1525477060
L6/19/86.zst 0,0,1671659089,545548982,553377385,1524381840
L6/19/79.zst 0,0,1929770919,546041087,519924151,1299231139
L6/19/83.zst 0,0,1667599708,550711995,552833298,1523822295
L6/19/7b.zst 0,0,3031532556,392637788,287735004,583061948
L6/19/7e.zst 0,0,1676548952,543803631,553660043,1520954670
L6/19/88.zst 0,0,1668202938,549036821,552862229,1524865308
L6/19/89.zst 0,0,1667590876,549646298,552847829,1524882293
L6/19/8a.zst 0,0,1670205423,544281490,553401337,1527079046
L6/19/91.zst 0,0,13253225,1973645822,566549397,1741518852
L6/19/90.zst 0,0,13774114,2167004207,545984682,1568204293
L6/19/8d.zst 0,0,1675588542,530547134,550163521,1538668099
L6/19/92.zst 0,0,13542182,1973356865,566549397,1741518852
L6/19/94.zst 0,0,15031223,2026440480,551278617,1702216976
L6/19/95.zst 0,0,15574840,2028457543,555511903,1695423010
L6/19/97.zst 0,0,1674978363,510812140,545557790,1563619003
L6/19/8b.zst 0,0,1673429920,539645945,553628734,1528262697
L6/19/8e.zst 0,0,1668200355,538038332,549879723,1538848886
L6/19/96.zst 0,0,1674989419,514360750,546444860,1559172267
L6/19/99.zst 0,0,0,0,0,4294967296
L6/19/8f.zst 0,0,1667639876,534523309,548214146,1544589965
L6/19/9a.zst 0,0,0,0,0,4294967296
L6/19/9b.zst 0,0,0,0,0,4294967296
L6/19/a0.zst 0,0,13932877,2148077050,532883799,1600073570
L6/19/a2.zst 0,0,13489476,1926122061,511316921,1844038838
L6/19/a3.zst 0,0,14511954,1966677126,497655978,1816122238
L6/19/9f.zst 0,0,0,0,0,4294967296
L6/19/a5.zst 0,0,15717787,1991493005,489020492,1798736012
L6/19/a7.zst 0,0,1666562935,474699454,527195723,1626509184
L6/19/a6.zst 0,0,1666519074,476924747,527768443,1623755032
L6/19/9d.zst 0,0,0,0,0,4294967296
L6/19/aa.zst 0,0,0,0,0,4294967296
L6/19/9e.zst 0,0,0,0,0,4294967296
L6/19/ab.zst 0,0,0,0,0,4294967296
L6/19/a1.zst 0,0,13250166,2149204601,532599469,1599913060
L6/19/ac.zst 0,0,0,0,0,4294967296
L6/19/a9.zst 0,0,0,0,0,4294967296
L6/19/af.zst 0,0,0,0,0,4294967296
L6/19/b1.zst 0,0,1675273619,512518190,546069376,1561106111
L6/19/b3.zst 0,0,1675644237,511252430,545119030,1562951599
L6/19/b6.zst 0,0,1675786035,507508255,546493802,1565179204
L6/19/b7.zst 0,0,1675136835,508412181,545814204,1565604076
L6/19/b4.zst 0,0,1674987857,503003959,544869833,1572105647
L6/19/b8.zst 0,0,1676109757,514232350,545493899,1559131290
L6/19/ae.zst 0,0,0,0,0,4294967296
L6/19/ba.zst 0,0,1676196717,530144158,554061785,1534564636
L6/19/bb.zst 0,0,1676169163,533675741,553072774,1532049618
L6/19/b0.zst 0,0,1676033264,512618657,545194151,1561121224
L6/19/bd.zst 0,0,1675680293,529805234,555017705,1534464064
L6/19/b2.zst 0,0,1675673039,508540071,546797102,1563957084
L6/19/c0.zst 0,0,1675899381,538676919,556014563,1524376433
L6/19/bc.zst 0,0,1675507045,525915648,552851622,1540692981
L6/19/c1.zst 0,0,1676047277,525144392,562282385,1531493242
L6/19/c3.zst 0,0,1677745573,493533622,545426090,1578262011
L6/19/c6.zst 0,0,1676185860,519089200,574248697,1525443539
L6/19/c8.zst 0,0,1676717305,517732158,574466809,1526051024
L6/19/c9.zst 0,0,1676614869,517551564,574701126,1526099737
L6/19/bf.zst 0,0,1675678858,531816949,554131630,1533339859
L6/19/c7.zst 0,0,1676602924,518505062,574657830,1525201480
L6/19/cb.zst 0,0,1676669714,516909218,575228793,1526159571
L6/19/cc.zst 0,0,1676608471,516783937,575442196,1526132692
L6/19/c2.zst 0,0,1677287674,473463936,543293745,1600921941
L6/19/c4.zst 0,0,1677510920,501499434,548850187,1567106755
L6/19/ce.zst 0,0,1676648902,517131626,575849445,1525337323
L6/19/d1.zst 0,0,0,0,2769942965,1525024331
L6/19/d2.zst 0,0,0,0,2769700150,1525267146
L6/19/d0.zst 0,0,0,0,2769983490,1524983806
L6/19/d6.zst 0,0,0,0,2769770214,1525197082
L6/19/d7.zst 0,0,0,0,2769342891,1525624405
L6/19/d8.zst 0,0,0,0,2769405562,1525561734
L6/19/cf.zst 0,0,1676657614,514196558,579330416,1524782708
L6/19/dc.zst 0,0,0,0,2768841919,1526125377
L6/19/dd.zst 0,0,0,0,2769088717,1525878579
L6/19/db.zst 0,0,0,0,2769175909,1525791387
L6/19/da.zst 0,0,0,0,2768837840,1526129456
L6/19/d3.zst 0,0,0,0,2769885852,1525081444
L6/19/d4.zst 0,0,0,0,2769615297,1525351999
L6/19/e1.zst 0,0,14217501,2203172405,553238378,1524339012
L6/19/e0.zst 0,0,162923484,2006307190,578188590,1547548032
L6/19/e2.zst 0,0,236901022,1632343602,610051832,1815670840
L6/19/e7.zst 0,0,1674977756,493616280,539847180,1586526080
L6/19/e8.zst 0,0,0,0,0,4294967296
L6/19/e9.zst 0,0,0,0,0,4294967296
L6/19/e3.zst 0,0,261841266,1650611274,589797812,1792716944
L6/19/df.zst 0,0,0,0,2769153373,1525813923
L6/19/eb.zst 0,0,0,0,0,4294967296
L6/19/ec.zst 0,0,0,0,0,4294967296
L6/19/ed.zst 0,0,0,0,0,4294967296
L6/19/e4.zst 0,0,266520751,1669946452,581584758,1776915335
L6/19/f1.zst 0,0,4294967296,0,0,0
L6/19/f2.zst 0,0,4294967296,0,0,0
L6/19/e6.zst 0,0,1674980094,495978187,540576132,1583432883
L6/19/f3.zst 0,0,4294967296,0,0,0
L6/19/ee.zst 0,0,0,0,0,4294967296
L6/19/f6.zst 0,0,4294967296,0,0,0
L6/19/f7.zst 0,0,4294967296,0,0,0
L6/19/f9.zst 0,0,4294967296,0,0,0
L6/19/fa.zst 0,0,4294967296,0,0,0
L6/19/fc.zst 0,0,4294967296,0,0,0
L6/19/fd.zst 0,0,4294967296,0,0,0
L6/19/f0.zst 0,0,4294967296,0,0,0
L6/19/ff.zst 0,0,4294967296,0,0,0
L6/1a/02.zst 0,0,1660994911,554519058,553388556,1526064771
L6/1a/03.zst 0,0,1660987422,554338179,553380878,1526260817
L6/19/f4.zst 0,0,4294967296,0,0,0
L6/19/f8.zst 0,0,4294967296,0,0,0
L6/1a/05.zst 0,0,1661154714,554197293,553387202,1526228087
L6/1a/00.zst 0,0,1664226201,556055150,553937271,1520748674
L6/1a/07.zst 0,0,1660988388,554144409,553381939,1526452560
L6/1a/08.zst 0,0,1661125112,554102536,553376971,1526362677
L6/1a/0b.zst 0,0,1661066023,553905726,553422297,1526573250
L6/1a/0e.zst 0,0,1661042359,553994405,553401036,1526529496
L6/1a/0f.zst 0,0,1661009554,554050812,553297985,1526608945
L6/1a/0c.zst 0,0,1661037530,554066199,553427234,1526436333
L6/1a/04.zst 0,0,1660997341,554384084,553389592,1526196279
L6/1a/10.zst 0,0,1890052216,549185964,556749986,1298979130
L6/1a/12.zst 0,0,1661041058,532532017,543597281,1557796940
L6/1a/13.zst 0,0,1660994423,531806938,543947344,1558218591
L6/1a/09.zst 0,0,1661066189,553956266,553305880,1526638961
L6/1a/0a.zst 0,0,1673492329,542655411,553492633,1525326923
L6/1a/16.zst 0,0,1660963620,531711966,543512284,1558779426
L6/1a/17.zst 0,0,1660976468,531481902,543608171,1558900755
L6/1a/19.zst 0,0,1669335293,545415029,553547844,1526669130
L6/1a/14.zst 0,0,1661116502,532103817,543440312,1558306665
L6/1a/1c.zst 0,0,1661884209,548768664,554586282,1529728141
L6/1a/1d.zst 0,0,1661984023,547059555,556181079,1529742639
L6/1a/1f.zst 0,0,1661574772,548970825,555343347,1529078352
L6/1a/15.zst 0,0,1661019821,531521456,543310242,1559115777
L6/1a/21.zst 0,0,1660869242,526814993,576683095,1530599966
L6/1a/22.zst 0,0,1660783115,528678865,577254696,1528250620
L6/1a/20.zst 0,0,1660734251,529570596,576747240,1527915209
L6/1a/24.zst 0,0,1660739633,528304434,577199106,1528724123
L6/1a/1a.zst 0,0,1662247848,549040423,554506670,1529172355
L6/1a/1b.zst 0,0,1661934461,547109681,554069895,1531853259
L6/1a/27.zst 0,0,1659942697,527520794,577684609,1529819196
L6/1a/26.zst 0,0,1660017460,529239214,578271157,1527439465
L6/1a/2a.zst 0,0,1659929495,526203608,577479753,1531354440
L6/1a/28.zst 0,0,1659968040,527022196,577538770,1530438290
L6/1a/2d.zst 0,0,1660201477,525260849,577375880,1532129090
L6/1a/2e.zst 0,0,1660216191,527883746,578094382,1528772977
L6/1a/30.zst 0,0,1669172654,543848022,553988603,1527958017
L6/1a/25.zst 0,0,1660757768,527368991,578799029,1528041508
L6/1a/32.zst 0,0,1668887949,544368148,553932997,1527778202
L6/1a/33.zst 0,0,1669187073,544107213,553926455,1527746555
L6/1a/35.zst 0,0,1668838941,544632527,553696322,1527799506
L6/1a/31.zst 0,0,1668887870,543890510,553607381,1528581535
L6/1a/37.zst 0,0,1669154726,544775267,554259961,1526777342
L6/1a/2b.zst 0,0,1660262471,525215974,577238528,1532250323
L6/1a/2c.zst 0,0,1660440382,524785978,577573043,1532167893
L6/1a/38.zst 0,0,1669213480,545568030,553811407,1526374379
L6/1a/3a.zst 0,0,1855279737,557994445,571107557,1310585557
L6/1a/3c.zst 0,0,1669125969,553794650,552255499,1519791178
L6/1a/41.zst 0,0,1681464700,532079138,553414531,1528008927
L6/1a/40.zst 0,0,1680838201,530154666,555738818,1528235611
L6/1a/3b.zst 0,0,1669117025,558126714,551319249,1516404308
L6/1a/42.zst 0,0,1681751109,525830953,555339608,1532045626
L6/1a/36.zst 0,0,1669196289,545150607,553822976,1526797424
L6/1a/44.zst 0,0,1681832192,520825150,554360137,1537949817
L6/1a/45.zst 0,0,1682159976,519592583,554342765,1538871972
L6/1a/47.zst 0,0,1892343641,561430082,565508240,1275685333
L6/1a/3d.zst 0,0,1669058216,552564478,552249509,1521095093
L6/1a/3e.zst 0,0,1668884754,552664485,550629763,1522788294
L6/1a/46.zst 0,0,1892347866,561111586,565488381,1276019463
L6/1a/4a.zst 0,0,1897583576,562010753,566719882,1268653085
L6/1a/4b.zst 0,0,1897581830,562209029,566837617,1268338820
L6/1a/4c.zst 0,0,1897582618,562085552,566818568,1268480558
L6/1a/51.zst 0,0,49737,2216098003,553492633,1525326923
L6/1a/52.zst 0,0,7951947,2473662389,504224512,1309128448
L6/1a/53.zst 0,0,7896377,2458824391,505356288,1322890240
L6/1a/4f.zst 0,0,1897524381,562318613,567096298,1268028004
L6/1a/48.zst 0,0,1897588714,561984439,566651852,1268742291
L6/1a/54.zst 0,0,7871941,2451500859,504882944,1330711552
L6/1a/56.zst 0,0,1660033348,507680739,536624105,1590629104
L6/1a/57.zst 0,0,1660152143,502986750,535769969,1596058434
L6/1a/4d.zst 0,0,1897578297,562119792,566848179,1268421028
L6/1a/4e.zst 0,0,1897572784,562202161,566885618,1268306733
L6/1a/5b.zst 0,0,0,0,0,4294967296
L6/1a/5c.zst 0,0,0,0,0,4294967296
L6/1a/58.zst 0,0,0,0,0,4294967296
L6/1a/5d.zst 0,0,0,0,0,4294967296
L6/1a/61.zst 0,0,1659841706,484666797,536470705,1613988088
L6/1a/62.zst 0,0,1659793464,437774783,523981548,1673417501
L6/1a/64.zst 0,0,1660671264,461076956,529206188,1644012888
L6/1a/59.zst 0,0,0,0,0,4294967296
L6/1a/66.zst 0,0,1660676121,502748011,535373008,1596170156
L6/1a/63.zst 0,0,1660418015,453276355,526519407,1654753519
L6/1a/68.zst 0,0,1669100891,517739736,545867735,1562258934
L6/1a/67.zst 0,0,1660725262,502779619,535626559,1595835856
L6/1a/6a.zst 0,0,1660741721,544525433,553860465,1535839677
L6/1a/5e.zst 0,0,0,0,0,4294967296
L6/1a/5f.zst 0,0,0,0,0,4294967296
L6/1a/6d.zst 0,0,1660791843,547300333,552746958,1534128162
L6/1a/6e.zst 0,0,1660696525,548779629,553053857,1532437285
L6/1a/6f.zst 0,0,1660735826,553491478,552382995,1528356997
L6/1a/6c.zst 0,0,1660831486,546735884,553275891,1534124035
L6/1a/73.zst 0,0,1929601518,542813356,520797748,1301754674
L6/1a/74.zst 0,0,2369392979,473967617,446313738,1005292962
L6/1a/69.zst 0,0,1669091670,522682396,547478777,1555714453
L6/1a/75.zst 0,0,3048308978,375734228,287688620,583235470
L6/1a/78.zst 0,0,1669125946,548648930,554122132,1523070288
L6/1a/79.zst 0,0,1929598690,542639109,520768792,1301960705
L6/1a/76.zst 0,0,4294967296,0,0,0
L6/1a/7b.zst 0,0,3048305893,375734699,287689109,583237595
L6/1a/72.zst 0,0,1669117630,548724853,554149265,1522975548
L6/1a/7d.zst 0,0,4294967296,0,0,0
L6/1a/70.zst 0,0,4294967296,0,0,0
L6/1a/7e.zst 0,0,1669104923,547922284,554076211,1523863878
L6/1a/80.zst 0,0,1665238091,549306744,553649144,1526773317
L6/1a/83.zst 0,0,1660671195,554135338,553399809,1526760954
L6/1a/7f.zst 0,0,1929731237,536035445,521714931,1307485683
L6/1a/85.zst 0,0,1666735251,545190602,554223410,1528818033
L6/1a/86.zst 0,0,1665138624,548291185,553953732,1527583755
L6/1a/7a.zst 0,0,2369389346,474465194,446125142,1004987614
L6/1a/87.zst 0,0,1668991816,544696783,553555628,1527723069
L6/1a/8a.zst 0,0,1663489443,547244109,553944247,1530289497
L6/1a/8b.zst 0,0,1666731245,542513235,554146761,1531576055
L6/1a/81.zst 0,0,1668996290,545176425,553641326,1527153255
L6/1a/8d.zst 0,0,1668990229,533764577,550559021,1541653469
L6/1a/89.zst 0,0,1660660384,552724179,553322296,1528260437
L6/1a/84.zst 0,0,1663493866,549116938,554061361,1528295131
L6/1a/8f.zst 0,0,1660712266,537897530,548761363,1547596137
L6/1a/90.zst 0,0,14018612,2167019776,545946146,1567982762
L6/1a/92.zst 0,0,13445843,1970222530,560499231,1750799692
L6/1a/96.zst 0,0,1667499481,518307311,546792710,1562367794
L6/1a/97.zst 0,0,1667503304,514866697,545773749,1566823546
L6/1a/93.zst 0,0,14681757,2003532536,552405277,1724347726
L6/1a/8c.zst 0,0,1665139993,545906162,553452665,1530468476
L6/1a/98.zst 0,0,0,0,0,4294967296
L6/1a/9a.zst 0,0,0,0,0,4294967296
L6/1a/9b.zst 0,0,0,0,0,4294967296
L6/1a/9e.zst 0,0,0,0,0,4294967296
L6/1a/91.zst 0,0,13157575,1970510798,560499231,1750799692
L6/1a/9c.zst 0,0,0,0,0,4294967296
L6/1a/95.zst 0,0,15934132,2025544742,559572689,1693915733
L6/1a/a1.zst 0,0,13157453,2142345251,532453391,1607011201
L6/1a/a0.zst 0,0,13834225,2148620308,532623009,1599889754
L6/1a/a2.zst 0,0,13392734,1924466939,511031203,1846076420
L6/1a/a7.zst 0,0,1659126472,478498047,528359253,1628983524
L6/1a/a8.zst 0,0,0,0,0,4294967296
L6/1a/a9.zst 0,0,0,0,0,4294967296
L6/1a/9d.zst 0,0,0,0,0,4294967296
L6/1a/a5.zst 0,0,15820947,1988423654,490067256,1800655439
L6/1a/ab.zst 0,0,0,0,0,4294967296
L6/1a/ac.zst 0,0,0,0,0,4294967296
L6/1a/ad.zst 0,0,0,0,0,4294967296
L6/1a/a4.zst 0,0,14969256,1991827564,493040842,1795129634
L6/1a/b1.zst 0,0,1667795202,515999239,546544990,1564627865
L6/1a/a6.zst 0,0,1659078613,480966742,529009842,1625912099
L6/1a/b3.zst 0,0,1667607652,496531658,542651230,1588176756
L6/1a/b2.zst 0,0,1667787546,510203174,547414951,1569561625
L6/1a/b0.zst 0,0,1668570060,515833708,545468426,1565095102
L6/1a/b6.zst 0,0,1667634866,509952455,547315468,1570064507
L6/1a/b8.zst 0,0,1668640400,517720933,545722620,1562883343
L6/1a/b9.zst 0,0,1667829014,520301428,548078163,1558758691
L6/1a/af.zst 0,0,0,0,0,4294967296
L6/1a/bc.zst 0,0,1668018064,522283609,550200725,1554464898
L6/1a/bd.zst 0,0,1668930973,531650956,556571773,1537813594
L6/1a/ba.zst 0,0,1668309350,532558106,554258981,1539840859
L6/1a/be.zst 0,0,1668167428,533130812,555284808,1538384248
L6/1a/b5.zst 0,0,1668407994,505786323,543421810,1577351169
L6/1a/c1.zst 0,0,1668339766,525772617,563953669,1536901244
L6/1a/c2.zst 0,0,1669897409,479371090,544144266,1601554531
L6/1a/b7.zst 0,0,1668602388,513165675,544468506,1568730727
L6/1a/c4.zst 0,0,1669895821,505931393,549383817,1569756265
L6/1a/c3.zst 0,0,1670187880,498336289,545969647,1580473480
L6/1a/c7.zst 0,0,1669144380,522471366,574857520,1528494030
L6/1a/c8.zst 0,0,1669205812,521496224,574696191,1529569069
L6/1a/ca.zst 0,0,1669140965,521087094,574911996,1529827241
L6/1a/c0.zst 0,0,1668362742,542750765,556443265,1527410524
L6/1a/cd.zst 0,0,1669171769,521147971,576015006,1528632550
L6/1a/ce.zst 0,0,1669156920,520697549,576388877,1528723950
L6/1a/cf.zst 0,0,1669154965,518023483,579535852,1528252996
L6/1a/cc.zst 0,0,1669181124,520569960,575714383,1529501829
L6/1a/c6.zst 0,0,1669145732,521881340,574998956,1528941268
L6/1a/d2.zst 0,0,0,0,2766336571,1528630725
L6/1a/d3.zst 0,0,0,0,2766568629,1528398667
L6/1a/c9.zst 0,0,1669166407,521603168,574818300,1529379421
L6/1a/d4.zst 0,0,0,0,2766188433,1528778863
L6/1a/d8.zst 0,0,0,0,2763490426,1531476870
L6/1a/d9.zst 0,0,0,0,2763378377,1531588919
L6/1a/d6.zst 0,0,0,0,2765868918,1529098378
L6/1a/dc.zst 0,0,0,0,2763247243,1531720053
L6/1a/d1.zst 0,0,0,0,2766446573,1528520723
L6/1a/dd.zst 0,0,0,0,2763410186,1531557110
L6/1a/de.zst 0,0,0,0,2762567566,1532399730
L6/1a/e1.zst 0,0,14118419,2199339089,553701795,1527807993
L6/1a/d7.zst 0,0,0,0,2766238053,1528729243
L6/1a/e3.zst 0,0,260951225,1647105039,589607759,1797303273
L6/1a/e4.zst 0,0,265107005,1666861538,581522165,1781476588
L6/1a/df.zst 0,0,0,0,2763547519,1531419777
L6/1a/da.zst 0,0,0,0,2762952252,1532015044
L6/1a/e6.zst 0,0,1667499200,500357035,541067169,1586043892
L6/1a/e9.zst 0,0,0,0,0,4294967296
L6/1a/e8.zst 0,0,0,0,0,4294967296
L6/1a/e2.zst 0,0,236525853,1628402876,609588903,1820449664
L6/1a/ed.zst 0,0,0,0,0,4294967296
L6/1a/ea.zst 0,0,0,0,0,4294967296
L6/1a/ee.zst 0,0,0,0,0,4294967296
L6/1a/ef.zst 0,0,0,0,0,4294967296
L6/1a/f2.zst 0,0,4294967296,0,0,0
L6/1a/f4.zst 0,0,4294967296,0,0,0
L6/1a/f5.zst 0,0,4294967296,0,0,0
L6/1a/f3.zst 0,0,4294967296,0,0,0
L6/1a/e7.zst 0,0,1667497429,497644940,540200307,1589624620
L6/1a/eb.zst 0,0,0,0,0,4294967296
L6/1a/f9.zst 0,0,4294967296,0,0,0
L6/1a/fa.zst 0,0,4294967296,0,0,0
L6/1a/f8.zst 0,0,4294967296,0,0,0
L6/1a/fb.zst 0,0,4294967296,0,0,0
L6/1a/ff.zst 0,0,4294967296,0,0,0
L6/1a/f1.zst 0,0,4294967296,0,0,0
L6/1b/00.zst 0,0,1664411886,553937769,553655844,1522961797
L6/1b/01.zst 0,0,1661212612,552481548,553090495,1528182641
L6/1b/04.zst 0,0,1661195355,552101613,553150154,1528520174
L6/1a/fc.zst 0,0,4294967296,0,0,0
L6/1b/06.zst 0,0,1661193891,552003717,553069246,1528700442
L6/1b/03.zst 0,0,1661196793,552299441,553102832,1528368230
L6/1b/08.zst 0,0,1661205817,552036808,553086596,1528638075
L6/1a/fe.zst 0,0,4294967296,0,0,0
L6/1b/09.zst 0,0,1661240535,552041525,553084978,1528600258
L6/1b/0b.zst 0,0,1673702634,540451825,553310830,1527502007
L6/1b/0e.zst 0,0,1661192252,551966035,553032492,1528776517
L6/1b/10.zst 0,0,1890272996,548428241,556788341,1299477718
L6/1b/05.zst 0,0,1661231401,552056935,553052475,1528626485
L6/1b/0d.zst 0,0,1661242202,551995341,553092359,1528637394
L6/1b/11.zst 0,0,1661293311,531968203,543453788,1558251994
L6/1b/13.zst 0,0,1661236775,531043177,543892079,1558795265
L6/1b/14.zst 0,0,1661271750,531342837,543428680,1558924029
L6/1b/17.zst 0,0,1661222709,530625177,543575175,1559544235
L6/1b/0a.zst 0,0,1661270757,551886549,553150249,1528659741
L6/1b/19.zst 0,0,1669586370,544874628,553602398,1526903900
L6/1b/0f.zst 0,0,1661248895,551767072,553087646,1528863683
L6/1b/1a.zst 0,0,1662179509,548405633,554135816,1530246338
L6/1b/16.zst 0,0,1661260662,530774314,543523572,1559408748
L6/1b/1b.zst 0,0,1662446403,546658442,554364521,1531497930
L6/1b/1e.zst 0,0,1669106272,545045047,554026914,1526789063
L6/1b/20.zst 0,0,1660954356,527226176,576582612,1530204152
L6/1b/15.zst 0,0,1661236813,530868153,543400788,1559461542
L6/1b/22.zst 0,0,1660990913,526212173,578593666,1529170544
L6/1b/25.zst 0,0,1660172109,528247354,578251103,1528296730
L6/1b/21.zst 0,0,1661105169,527721200,577563294,1528577633
L6/1b/24.zst 0,0,1660986943,527028880,578534520,1528416953
L6/1b/27.zst 0,0,1660137784,526500789,577660666,1530668057
L6/1b/1d.zst 0,0,1662086433,546510709,556194390,1530175764
L6/1b/29.zst 0,0,1660103558,525796146,577617826,1531449766
L6/1b/1f.zst 0,0,1662234799,547894418,555336914,1529501165
L6/1b/2b.zst 0,0,1660102218,524618538,577712059,1532534481
L6/1b/2c.zst 0,0,1660507608,524294788,577949605,1532215295
L6/1b/2a.zst 0,0,1660354714,524608377,577642195,1532362010
L6/1b/2f.zst 0,0,1660523338,526724807,578868347,1528850804
L6/1b/31.zst 0,0,1669068469,543080302,553767938,1529050587
L6/1b/26.zst 0,0,1660209601,527008291,577851676,1529897728
L6/1b/32.zst 0,0,1669441322,543181017,553613430,1528731527
L6/1b/35.zst 0,0,1669403875,543785329,553763632,1528014460
L6/1b/36.zst 0,0,1669413908,543537602,553720446,1528295340
L6/1b/38.zst 0,0,1669417600,544065036,554144422,1527340238
L6/1b/34.zst 0,0,1669409087,543226355,553701695,1528630159
L6/1b/2e.zst 0,0,1660433016,526697421,578168524,1529668335
L6/1b/3a.zst 0,0,1669459115,544073987,553668861,1527765333
L6/1b/30.zst 0,0,1669382767,541787584,553742560,1530054385
L6/1b/3b.zst 0,0,1855361025,557237952,570829077,1311539242
L6/1b/3c.zst 0,0,1669404137,557799541,551427485,1516336133
L6/1b/40.zst 0,0,1681166653,529169631,556169257,1528461755
L6/1b/3d.zst 0,0,1669368929,553365133,552258440,1519974794
L6/1b/37.zst 0,0,1669438674,544677275,553776176,1527075171
L6/1b/43.zst 0,0,1682032740,522501635,554615804,1535817117
L6/1b/42.zst 0,0,1682003919,525216982,555365611,1532380784
L6/1b/45.zst 0,0,1682425279,518838102,554212637,1539491278
L6/1b/48.zst 0,0,1897833648,561172505,566617414,1269343729
L6/1b/49.zst 0,0,1897824043,561115457,566627531,1269400265
L6/1b/4b.zst 0,0,1897832734,561461857,566814169,1268858536
L6/1b/3f.zst 0,0,1669692818,551975476,550610656,1522688346
L6/1b/46.zst 0,0,1892594423,560430390,565484784,1276457699
L6/1b/41.zst 0,0,1681718040,531438051,553442479,1528368726
L6/1b/4c.zst 0,0,1897829771,560889819,566704495,1269543211
L6/1b/4d.zst 0,0,1897823509,561344625,566822547,1268976615
L6/1b/4f.zst 0,0,1897772474,561512535,567071182,1268611105
L6/1b/53.zst 0,0,7903886,2456500082,505343488,1325219840
L6/1b/47.zst 0,0,1892589176,560747294,565501539,1276129287
L6/1b/54.zst 0,0,7899014,2452788602,503117568,1331162112
L6/1b/51.zst 0,0,49938,2214104521,553310830,1527502007
L6/1b/56.zst 0,0,1660303379,505499444,536551793,1592612680
L6/1b/57.zst 0,0,1660285587,501475839,535701384,1597504486
L6/1b/5a.zst 0,0,0,0,0,4294967296
L6/1b/5c.zst 0,0,0,0,0,4294967296
L6/1b/50.zst 0,0,547146,2082656068,532721156,1679042926
L6/1b/5d.zst 0,0,0,0,0,4294967296
L6/1b/5b.zst 0,0,0,0,0,4294967296
L6/1b/52.zst 0,0,7958682,2471547238,503684864,1311776512
L6/1b/5f.zst 0,0,0,0,0,4294967296
L6/1b/60.zst 0,0,1660076366,493541526,535030659,1606318745
L6/1b/62.zst 0,0,1660086055,444542128,525572610,1664766503
L6/1b/58.zst 0,0,0,0,0,4294967296
L6/1b/66.zst 0,0,1660889726,500284065,535329031,1598464474
L6/1b/67.zst 0,0,1660938622,500715263,535414018,1597899393
L6/1b/63.zst 0,0,1660666852,456887384,527653344,1649759716
L6/1b/68.zst 0,0,1669309611,515685649,545545450,1564426586
L6/1b/6c.zst 0,0,1660989264,544350723,553051749,1536575560
L6/1b/6b.zst 0,0,1660906910,543092177,553601796,1537366413
L6/1b/61.zst 0,0,1660161642,488119373,536338495,1610347786
L6/1b/6e.zst 0,0,1660915739,546689260,552829732,1534532565
L6/1b/64.zst 0,0,1660967219,462531795,530096680,1641371602
L6/1b/70.zst 0,0,4294967296,0,0,0
L6/1b/71.zst 0,0,4294967296,0,0,0
L6/1b/6d.zst 0,0,1661050247,545574205,552803762,1535539082
L6/1b/73.zst 0,0,1926597122,543538839,520798184,1304033151
L6/1b/69.zst 0,0,1669302245,520460013,547042882,1558162156
L6/1b/76.zst 0,0,4294967296,0,0,0
L6/1b/77.zst 0,0,4294967296,0,0,0
L6/1b/79.zst 0,0,1926597583,543736150,520776138,1303857425
L6/1b/78.zst 0,0,1669300710,546499672,554009479,1525157435
L6/1b/7c.zst 0,0,4294967296,0,0,0
L6/1b/7d.zst 0,0,4294967296,0,0,0
L6/1b/72.zst 0,0,1669296769,546141323,553926762,1525602442
L6/1b/7e.zst 0,0,1669295710,545560730,553919236,1526191620
L6/1b/81.zst 0,0,1669209090,543090199,553264360,1529403647
L6/1b/74.zst 0,0,2369216422,473378730,446277209,1006094935
L6/1b/82.zst 0,0,1660987496,551789033,553120249,1529070518
L6/1b/84.zst 0,0,1663378867,547536183,553714186,1530338060
L6/1b/7f.zst 0,0,1926780289,537664431,521720437,1308802139
L6/1b/85.zst 0,0,1667365074,543053953,553876176,1530672093
L6/1b/7a.zst 0,0,2369195157,473574010,446227600,1005970529
L6/1b/88.zst 0,0,1660984264,550558016,553036355,1530388661
L6/1b/89.zst 0,0,1661198181,550172096,552967407,1530629612
L6/1b/8b.zst 0,0,1667196215,540539623,553818456,1533413002
L6/1b/8e.zst 0,0,1660980233,539233512,549854625,1544898926
L6/1b/8f.zst 0,0,1661253277,535408723,548466628,1549838668
L6/1b/83.zst 0,0,1661211441,551338995,553145618,1529271242
L6/1b/8a.zst 0,0,1663372732,545646895,553499189,1532448480
L6/1b/90.zst 0,0,13695553,2165731134,546324791,1569215818
L6/1b/87.zst 0,0,1669206853,542613650,553280533,1529866260
L6/1b/92.zst 0,0,13447228,1967872275,560076026,1753571767
L6/1b/93.zst 0,0,14684020,2001391845,552361119,1726530312
L6/1b/96.zst 0,0,1667714530,516683315,546436657,1564132794
L6/1b/8c.zst 0,0,1665358323,543846345,553150665,1532611963
L6/1b/95.zst 0,0,15462482,2024523450,552876485,1702104879
L6/1b/99.zst 0,0,0,0,0,4294967296
L6/1b/9a.zst 0,0,0,0,0,4294967296
L6/1b/9b.zst 0,0,0,0,0,4294967296
L6/1b/9f.zst 0,0,0,0,0,4294967296
L6/1b/a0.zst 0,0,13676502,2140171490,532134053,1608985251
L6/1b/94.zst 0,0,15441602,2021734229,554696348,1703095117
L6/1b/a1.zst 0,0,13156551,2140363850,532028666,1609418229
L6/1b/9e.zst 0,0,0,0,0,4294967296
L6/1b/98.zst 0,0,0,0,0,4294967296
L6/1b/a4.zst 0,0,15629596,1988263634,494086663,1796987403
L6/1b/a3.zst 0,0,14417764,1962230318,497073876,1821245338
L6/1b/a6.zst 0,0,1659290374,479124425,528843672,1627708825
L6/1b/9c.zst 0,0,0,0,0,4294967296
L6/1b/aa.zst 0,0,0,0,0,4294967296
L6/1b/ab.zst 0,0,0,0,0,4294967296
L6/1b/a8.zst 0,0,0,0,0,4294967296
L6/1b/ac.zst 0,0,0,0,0,4294967296
L6/1b/af.zst 0,0,0,0,0,4294967296
L6/1b/b0.zst 0,0,1668950580,513301030,545298116,1567417570
L6/1b/a5.zst 0,0,15604288,1988635966,487788765,1802938277
L6/1b/b2.zst 0,0,1667968908,508301490,546653131,1572043767
L6/1b/b4.zst 0,0,1667937836,502731414,544849741,1579448305
L6/1b/a9.zst 0,0,0,0,0,4294967296
L6/1b/b1.zst 0,0,1668005901,512937494,546589140,1567434761
L6/1b/b5.zst 0,0,1667864466,501733367,544939495,1580429968
L6/1b/b7.zst 0,0,1667895925,509183169,546533143,1571355059
L6/1b/ae.zst 0,0,0,0,0,4294967296
L6/1b/b9.zst 0,0,1668030383,517448460,548147261,1561341192
L6/1b/bd.zst 0,0,1668396158,523244156,553460885,1549866097
L6/1b/bc.zst 0,0,1668458019,525160642,552911146,1548437489
L6/1b/bb.zst 0,0,1668356145,449606769,526871892,1650132490
L6/1b/c0.zst 0,0,1668613007,541235805,556380673,1528737811
L6/1b/c1.zst 0,0,1668523546,522999715,563139524,1540304511
L6/1b/b6.zst 0,0,1668563095,497003509,547011377,1582389315
L6/1b/c2.zst 0,0,1670081059,478202776,544015978,1602667483
L6/1b/c5.zst 0,0,1670688788,508166637,551075112,1565036759
L6/1b/ba.zst 0,0,1668496826,530892954,553530139,1542047377
L6/1b/c6.zst 0,0,1669351218,520085301,574738991,1530791786
L6/1b/c8.zst 0,0,1669376858,519506642,574579957,1531503839
L6/1b/c4.zst 0,0,1669733240,505817737,549382517,1570033802
L6/1b/bf.zst 0,0,1668432341,532394233,554546918,1539593804
L6/1b/ca.zst 0,0,1669431694,519416883,574689098,1531429621
L6/1b/cc.zst 0,0,1669395371,518763537,575750974,1531057414
L6/1b/cd.zst 0,0,1669388059,518927710,575846964,1530804563
L6/1b/d1.zst 0,0,0,0,2764502047,1530465249
L6/1b/d2.zst 0,0,0,0,2764358975,1530608321
L6/1b/c7.zst 0,0,1669348350,520228651,574726916,1530663379
L6/1b/cf.zst 0,0,1669372820,515633840,579438200,1530522436
L6/1b/d3.zst 0,0,0,0,2764509044,1530458252
L6/1b/d5.zst 0,0,0,0,2764130689,1530836607
L6/1b/d6.zst 0,0,0,0,2764357892,1530609404
L6/1b/cb.zst 0,0,1669357676,518444266,576082605,1531082749
L6/1b/d9.zst 0,0,0,0,2761389031,1533578265
L6/1b/d0.zst 0,0,0,0,2764805110,1530162186
L6/1b/db.zst 0,0,0,0,2761943363,1533023933
L6/1b/dc.zst 0,0,0,0,2761630230,1533337066
L6/1b/d8.zst 0,0,0,0,2761213449,1533753847
L6/1b/de.zst 0,0,0,0,2760316032,1534651264
L6/1b/e1.zst 0,0,14119755,2197886952,553524286,1529436303
L6/1b/e2.zst 0,0,236624199,1627119630,609473336,1821750131
L6/1b/d7.zst 0,0,0,0,2763608589,1531358707
L6/1b/e5.zst 0,0,273667438,1663443363,580925384,1776931111
L6/1b/e6.zst 0,0,1667709734,498639176,540738394,1587879992
L6/1b/e3.zst 0,0,261289310,1645309700,589559003,1798809283
L6/1b/e7.zst 0,0,1667713562,495483823,539930947,1591838964
L6/1b/dd.zst 0,0,0,0,2760703449,1534263847
L6/1b/ea.zst 0,0,0,0,0,4294967296
L6/1b/e0.zst 0,0,169916987,1776433888,608590783,1740025638
L6/1b/eb.zst 0,0,0,0,0,4294967296
L6/1b/ed.zst 0,0,0,0,0,4294967296
L6/1b/ec.zst 0,0,0,0,0,4294967296
L6/1b/f0.zst 0,0,4294967296,0,0,0
L6/1b/f2.zst 0,0,4294967296,0,0,0
L6/1b/f3.zst 0,0,4294967296,0,0,0
L6/1b/f7.zst 0,0,4294967296,0,0,0
L6/1b/f4.zst 0,0,4294967296,0,0,0
L6/1b/f6.zst 0,0,4294967296,0,0,0
L6/1b/f8.zst 0,0,4294967296,0,0,0
L6/1b/e8.zst 0,0,0,0,0,4294967296
L6/1b/fa.zst 0,0,4294967296,0,0,0
L6/1b/fd.zst 0,0,4294967296,0,0,0
L6/1b/f1.zst 0,0,4294967296,0,0,0
L6/1b/ee.zst 0,0,0,0,0,4294967296
L6/1b/fb.zst 0,0,4294967296,0,0,0
L6/1b/fc.zst 0,0,4294967296,0,0,0
L6/1c/01.zst 0,0,1661126775,554608848,553832301,1525399372
L6/1c/02.zst 0,0,1661043452,554512011,553800109,1525611724
L6/1c/06.zst 0,0,1661248692,554060707,553801645,1525856252
L6/1b/ff.zst 0,0,4294967296,0,0,0
L6/1c/08.zst 0,0,1661092845,554111826,553787097,1525975528
L6/1c/09.zst 0,0,1661033906,554194670,553793047,1525945673
L6/1c/05.zst 0,0,1661029225,554176413,553763321,1525998337
L6/1c/0a.zst 0,0,1661086925,554107460,553781517,1525991394
L6/1c/0d.zst 0,0,1661155345,554068677,553803352,1525939922
L6/1c/0e.zst 0,0,1661080793,554175428,553780127,1525930948
L6/1c/04.zst 0,0,1661081792,554344482,553799486,1525741536
L6/1c/03.zst 0,0,1661202275,554258459,553796022,1525710540
L6/1c/10.zst 0,0,1890102658,548630170,556881561,1299352907
L6/1c/12.zst 0,0,1661106489,532097044,543731582,1558032181
L6/1c/13.zst 0,0,1661104349,531578906,543826163,1558457878
L6/1c/0f.zst 0,0,1661037478,554101430,553718964,1526109424
L6/1c/0b.zst 0,0,1661112073,553946931,553742493,1526165799
L6/1c/16.zst 0,0,1661127746,531216039,543626036,1558997475
L6/1c/18.zst 0,0,1669458813,545267480,553567618,1526673385
L6/1c/19.zst 0,0,1669443546,545048236,553826205,1526649309
L6/1c/1c.zst 0,0,1662222022,548667113,554968953,1529109208
L6/1c/1a.zst 0,0,1662013853,548734465,554263755,1529955223
L6/1c/1e.zst 0,0,1669092432,545513032,554184399,1526177433
L6/1c/1f.zst 0,0,1661904974,548215908,555475489,1529370925
L6/1c/14.zst 0,0,1661119093,531625992,543697599,1558524612
L6/1c/15.zst 0,0,1661053018,531172000,543476261,1559266017
L6/1c/24.zst 0,0,1660035078,529099018,578270696,1527562504
L6/1c/23.zst 0,0,1660814504,527379101,578919357,1527854334
L6/1c/20.zst 0,0,1660778079,529263703,577454406,1527471108
L6/1c/21.zst 0,0,1660936921,526870438,579056250,1528103687
L6/1c/1b.zst 0,0,1661953143,546644179,554000133,1532369841
L6/1c/28.zst 0,0,1660252213,525976598,578101995,1530636490
L6/1c/29.zst 0,0,1660011481,524975929,577454218,1532525668
L6/1c/2a.zst 0,0,1660010920,524767013,578256983,1531932380
L6/1c/2e.zst 0,0,1660307098,525976210,579675144,1529008844
L6/1c/2f.zst 0,0,1660368998,526549754,579408566,1528639978
L6/1c/30.zst 0,0,1669426157,543797900,554403176,1527340063
L6/1c/25.zst 0,0,1660003608,526916629,577938228,1530108831
L6/1c/26.zst 0,0,1659991471,526552179,578132124,1530291522
L6/1c/2b.zst 0,0,1659949686,525140586,577764371,1532112653
L6/1c/32.zst 0,0,1668930793,543011651,553927417,1529097435
L6/1c/33.zst 0,0,1668931532,543148927,553807410,1529079427
L6/1c/34.zst 0,0,1668943155,544421588,553855822,1527746731
L6/1c/38.zst 0,0,1669309833,545038781,553989327,1526629355
L6/1c/2c.zst 0,0,1659975266,527464522,578825718,1528701790
L6/1c/3a.zst 0,0,1669304816,544456431,553813984,1527392065
L6/1c/37.zst 0,0,1669234650,543987301,553762619,1527982726
L6/1c/3b.zst 0,0,1669292419,544227622,553636658,1527810597
L6/1c/3c.zst 0,0,1855138562,557789469,571233478,1310805787
L6/1c/3f.zst 0,0,1669404876,552345964,552214489,1521001967
L6/1c/41.zst 0,0,1681554996,531789690,553690063,1527932547
L6/1c/35.zst 0,0,1669403679,543981054,553934492,1527648071
L6/1c/36.zst 0,0,1668932038,544556157,554027133,1527451968
L6/1c/42.zst 0,0,1681839592,525916802,555511696,1531699206
L6/1c/44.zst 0,0,1681929218,520814692,554519660,1537703726
L6/1c/40.zst 0,0,1681007315,530832321,554478894,1528648766
L6/1c/45.zst 0,0,1682260070,519654723,554453747,1538598756
L6/1c/48.zst 0,0,1897623347,561726483,566812833,1268804633
L6/1c/49.zst 0,0,1897616019,561656513,566829738,1268865026
L6/1c/3d.zst 0,0,1669247688,558092222,551482943,1516144443
L6/1c/4c.zst 0,0,1897621467,561941826,567009984,1268394019
L6/1c/4b.zst 0,0,1897619114,561946016,567107051,1268295115
L6/1c/4d.zst 0,0,1897610875,561940186,567049498,1268366737
L6/1c/4e.zst 0,0,1897608616,561991709,567069926,1268297045
L6/1c/46.zst 0,0,1892378527,560834394,565634957,1276119418
L6/1c/51.zst 0,0,49952,2216111786,553905687,1524899871
L6/1c/47.zst 0,0,1892373569,561149382,565651708,1275792637
L6/1c/53.zst 0,0,7952522,2463617654,504616960,1318780160
L6/1c/54.zst 0,0,7876823,2452187433,505395712,1329507328
L6/1c/52.zst 0,0,7957327,2473632433,504608768,1308768768
L6/1c/57.zst 0,0,1660123831,503404358,536495747,1594943360
L6/1c/59.zst 0,0,0,0,0,4294967296
L6/1c/5a.zst 0,0,0,0,0,4294967296
L6/1c/50.zst 0,0,536365,2089895798,545458800,1659076333
L6/1c/5d.zst 0,0,0,0,0,4294967296
L6/1c/5e.zst 0,0,0,0,0,4294967296
L6/1c/5f.zst 0,0,0,0,0,4294967296
L6/1c/5c.zst 0,0,0,0,0,4294967296
L6/1c/56.zst 0,0,1660068557,507644791,537292655,1589961293
L6/1c/62.zst 0,0,1659987951,453249907,527039812,1654689626
L6/1c/58.zst 0,0,0,0,0,4294967296
L6/1c/63.zst 0,0,1660495989,461587772,529155213,1643728322
L6/1c/64.zst 0,0,1660763500,465052207,530489695,1638661894
L6/1c/68.zst 0,0,1669147429,517867126,546253527,1561699214
L6/1c/6a.zst 0,0,1660819634,544925231,553985674,1535236757
L6/1c/6b.zst 0,0,1660774835,545248768,553624100,1535319593
L6/1c/66.zst 0,0,1660729647,502607134,536097371,1595533144
L6/1c/61.zst 0,0,1659929559,484474998,537094867,1613467872
L6/1c/6e.zst 0,0,1660791698,548909267,553478366,1531787965
L6/1c/6d.zst 0,0,1660790120,548104067,553346959,1532726150
L6/1c/6f.zst 0,0,1660803282,554135412,553490159,1526538443
L6/1c/73.zst 0,0,1926525792,545871021,521028430,1301542053
L6/1c/69.zst 0,0,1669142465,522724459,547861227,1555239145
L6/1c/67.zst 0,0,1660774982,503151450,536103267,1594937597
L6/1c/74.zst 0,0,2384721006,461926553,445280637,1003039100
L6/1c/75.zst 0,0,3031529487,392673459,287701696,583062654
L6/1c/71.zst 0,0,4294967296,0,0,0
L6/1c/77.zst 0,0,4294967296,0,0,0
L6/1c/7a.zst 0,0,2384715187,462054256,445114067,1003083786
L6/1c/7b.zst 0,0,3031527971,392677422,287701843,583060060
L6/1c/72.zst 0,0,1669170459,548734025,554532665,1522530147
L6/1c/7e.zst 0,0,1669170734,547879040,554471322,1523446200
L6/1c/7c.zst 0,0,4294967296,0,0,0
L6/1c/7f.zst 0,0,1926687761,539744209,522058124,1306477202
L6/1c/80.zst 0,0,1665281008,549523673,553975831,1526186784
L6/1c/83.zst 0,0,1661039507,553817712,553677859,1526432218
L6/1c/78.zst 0,0,1669148622,548741193,554614017,1522463464
L6/1c/86.zst 0,0,1665181193,549012847,554050059,1526723197
L6/1c/79.zst 0,0,1926493518,545937564,521151949,1301384265
L6/1c/85.zst 0,0,1666374478,545984878,554648755,1527959185
L6/1c/88.zst 0,0,1660826353,552889421,553795343,1527456179
L6/1c/84.zst 0,0,1662856235,550049024,554404309,1527657728
L6/1c/8a.zst 0,0,1662854527,548399893,554384887,1529327989
L6/1c/8c.zst 0,0,1665177094,545694059,553755283,1530340860
L6/1c/8e.zst 0,0,1660823738,541658561,550659560,1541825437
L6/1c/82.zst 0,0,1660832198,553959795,553720333,1526454970
L6/1c/90.zst 0,0,13513357,2166537703,547892608,1567023628
L6/1c/91.zst 0,0,13155597,1970569454,560202607,1751039638
L6/1c/8f.zst 0,0,1661084805,537638098,549166499,1547077894
L6/1c/93.zst 0,0,15029828,2004404554,560460850,1715072064
L6/1c/95.zst 0,0,15463868,2027690243,553054372,1698758813
L6/1c/89.zst 0,0,1661031549,552620398,553759557,1527555792
L6/1c/8b.zst 0,0,1666371052,543354546,554522145,1530719553
L6/1c/96.zst 0,0,1667547690,518950565,547209967,1561259074
L6/1c/99.zst 0,0,0,0,0,4294967296
L6/1c/9a.zst 0,0,0,0,0,4294967296
L6/1c/98.zst 0,0,0,0,0,4294967296
L6/1c/9d.zst 0,0,0,0,0,4294967296
L6/1c/9f.zst 0,0,0,0,0,4294967296
L6/1c/a0.zst 0,0,13985092,2140429336,532415380,1608137488
L6/1c/94.zst 0,0,14932638,2025315925,549075620,1705643113
L6/1c/a2.zst 0,0,13394557,1924500641,511245051,1845827047
L6/1c/a4.zst 0,0,14969998,1992622754,492809814,1794564730
L6/1c/a1.zst 0,0,13154507,2141283429,532528377,1608000983
L6/1c/a5.zst 0,0,15604459,1990362433,488379094,1800621310
L6/1c/9b.zst 0,0,0,0,0,4294967296
L6/1c/9c.zst 0,0,0,0,0,4294967296
L6/1c/a9.zst 0,0,0,0,0,4294967296
L6/1c/a8.zst 0,0,0,0,0,4294967296
L6/1c/ab.zst 0,0,0,0,0,4294967296
L6/1c/af.zst 0,0,0,0,0,4294967296
L6/1c/b0.zst 0,0,1668612713,516714857,546357439,1563282287
L6/1c/aa.zst 0,0,0,0,0,4294967296
L6/1c/b1.zst 0,0,1667886105,516016041,546977117,1564088033
L6/1c/a6.zst 0,0,1659128433,481212391,529526170,1625100302
L6/1c/b3.zst 0,0,1667684139,504613885,545064307,1577604965
L6/1c/b4.zst 0,0,1667714163,497649673,562274756,1567328704
L6/1c/b6.zst 0,0,1668669293,516306009,547252035,1562739959
L6/1c/ac.zst 0,0,0,0,0,4294967296
L6/1c/b8.zst 0,0,1668688061,518298010,546719058,1561262167
L6/1c/ad.zst 0,0,0,0,0,4294967296
L6/1c/b5.zst 0,0,1667719941,511242927,547667100,1568337328
L6/1c/ba.zst 0,0,1668529220,535862594,553791931,1536783551
L6/1c/bb.zst 0,0,1668213785,526952121,552917155,1546884235
L6/1c/bd.zst 0,0,1668254991,533908077,555606752,1537197476
L6/1c/c1.zst 0,0,1668357565,523481984,566430061,1536697686
L6/1c/c2.zst 0,0,1669908949,478758722,545085469,1601214156
L6/1c/b7.zst 0,0,1668657064,516821430,546915330,1562573472
L6/1c/c0.zst 0,0,1668530971,542352463,556474194,1527609668
L6/1c/c3.zst 0,0,1669805819,498889333,546648682,1579623462
L6/1c/c5.zst 0,0,1670470846,508973698,551054720,1564468032
L6/1c/c6.zst 0,0,1669189175,522357235,575221448,1528199438
L6/1c/c9.zst 0,0,1669186625,521710666,575265180,1528804825
L6/1c/bc.zst 0,0,1668244978,520587542,570185921,1535948855
L6/1c/be.zst 0,0,1669194904,539237741,554953609,1531581042
L6/1c/cb.zst 0,0,1669219854,520841967,576270974,1528634501
L6/1c/cc.zst 0,0,1669196360,520834336,576611228,1528325372
L6/1c/c8.zst 0,0,1669205277,521751098,575191557,1528819364
L6/1c/cd.zst 0,0,1669271910,521151577,576521691,1528022118
L6/1c/d1.zst 0,0,0,0,2767335265,1527632031
L6/1c/d2.zst 0,0,0,0,2767434871,1527532425
L6/1c/c7.zst 0,0,1669189847,522586041,575348476,1527842932
L6/1c/d4.zst 0,0,0,0,2766996590,1527970706
L6/1c/d3.zst 0,0,0,0,2767189037,1527778259
L6/1c/d7.zst 0,0,0,0,2764243680,1530723616
L6/1c/d6.zst 0,0,0,0,2766852058,1528115238
L6/1c/d9.zst 0,0,0,0,2764353907,1530613389
L6/1c/ce.zst 0,0,1669251706,521082146,576639395,1527994049
L6/1c/d0.zst 0,0,0,0,2767415657,1527551639
L6/1c/dc.zst 0,0,0,0,2763622351,1531344945
L6/1c/de.zst 0,0,0,0,2763289913,1531677383
L6/1c/dd.zst 0,0,0,0,2763492488,1531474808
L6/1c/db.zst 0,0,0,0,2764615325,1530351971
L6/1c/e2.zst 0,0,236484445,1628994565,609845965,1819642321
L6/1c/e3.zst 0,0,266175363,1646141731,589593026,1793057176
L6/1c/e4.zst 0,0,265177691,1667783871,582153601,1779852133
L6/1c/d8.zst 0,0,0,0,2764228895,1530738401
L6/1c/e7.zst 0,0,1667551706,497585346,540647330,1589182914
L6/1c/e8.zst 0,0,0,0,0,4294967296
L6/1c/e9.zst 0,0,0,0,0,4294967296
L6/1c/e6.zst 0,0,1667548418,500661842,541415739,1585341297
L6/1c/e0.zst 0,0,134688484,1796786095,611929492,1751563225
L6/1c/e1.zst 0,0,14120162,2199537951,553967899,1527341284
L6/1c/ec.zst 0,0,0,0,0,4294967296
L6/1c/ed.zst 0,0,0,0,0,4294967296
L6/1c/ee.zst 0,0,0,0,0,4294967296
L6/1c/f3.zst 0,0,4294967296,0,0,0
L6/1c/f5.zst 0,0,4294967296,0,0,0
L6/1c/ef.zst 0,0,0,0,0,4294967296
L6/1c/f6.zst 0,0,4294967296,0,0,0
L6/1c/f8.zst 0,0,4294967296,0,0,0
L6/1c/ea.zst 0,0,0,0,0,4294967296
L6/1c/f9.zst 0,0,4294967296,0,0,0
L6/1c/fd.zst 0,0,4294967296,0,0,0
L6/1c/fb.zst 0,0,4294967296,0,0,0
L6/1c/f1.zst 0,0,4294967296,0,0,0
L6/1c/fc.zst 0,0,4294967296,0,0,0
L6/1c/f2.zst 0,0,4294967296,0,0,0
L6/1d/00.zst 0,0,1664184458,554308100,555645135,1520829603
L6/1d/02.zst 0,0,1660961308,552696320,555117033,1526192635
L6/1d/05.zst 0,0,1661003813,552469416,555107890,1526386177
L6/1d/07.zst 0,0,1661008708,552301473,555181233,1526475882
L6/1c/fe.zst 0,0,4294967296,0,0,0
L6/1d/03.zst 0,0,1661002721,552541370,555119174,1526304031
L6/1d/09.zst 0,0,1661003935,552332286,555090641,1526540434
L6/1d/0a.zst 0,0,1660960550,552318473,555085674,1526602599
L6/1d/0b.zst 0,0,1661003340,552310513,555087028,1526566415
L6/1d/0f.zst 0,0,1661006087,552193220,555006099,1526761890
L6/1d/04.zst 0,0,1660966702,552542613,555110830,1526347151
L6/1d/06.zst 0,0,1660958683,552472337,555113024,1526423252
L6/1d/10.zst 0,0,1889781884,547986079,556986956,1300212377
L6/1d/11.zst 0,0,1661047518,532018471,543675012,1558226295
L6/1d/0e.zst 0,0,1661081190,552258069,555084706,1526543331
L6/1d/13.zst 0,0,1660961052,530847504,543884055,1559274685
L6/1d/17.zst 0,0,1660984833,530873072,543703821,1559405570
L6/1d/16.zst 0,0,1660940917,530741796,543742674,1559541909
L6/1d/0c.zst 0,0,1661040186,552303347,555094501,1526529262
L6/1d/1a.zst 0,0,1661938785,548302924,554631994,1530093593
L6/1d/1b.zst 0,0,1661837958,546624505,554479857,1532024976
L6/1d/18.zst 0,0,1669326745,544879957,553805552,1526955042
L6/1d/1c.zst 0,0,1661790537,548438432,555104765,1529633562
L6/1d/1f.zst 0,0,1661642855,548374342,555928563,1529021536
L6/1d/14.zst 0,0,1661027311,531115548,543810001,1559014436
L6/1d/15.zst 0,0,1660939389,530666868,543576331,1559784708
L6/1d/20.zst 0,0,1660698436,526920572,579362079,1527986209
L6/1d/22.zst 0,0,1660693893,527278839,579270946,1527723618
L6/1d/24.zst 0,0,1659911223,526731998,578563313,1529760762
L6/1d/21.zst 0,0,1660818655,527930323,578389295,1527829023
L6/1d/27.zst 0,0,1659816660,525596873,578348199,1531205564
L6/1d/28.zst 0,0,1659968223,523761931,579126772,1532110370
L6/1d/1d.zst 0,0,1662033506,546820127,556759098,1529354565
L6/1d/2a.zst 0,0,1659893563,524975421,578354399,1531743913
L6/1d/2c.zst 0,0,1659820598,526712095,578882361,1529552242
L6/1d/2d.zst 0,0,1659818343,525466021,580119145,1529563787
L6/1d/30.zst 0,0,1669162397,542008866,556010016,1527786017
L6/1d/2b.zst 0,0,1659813088,526479795,579122075,1529552338
L6/1d/25.zst 0,0,1659844171,526052672,578468254,1530602199
L6/1d/31.zst 0,0,1668788058,543717977,554601062,1527860199
L6/1d/26.zst 0,0,1659991759,525043592,578436636,1531495309
L6/1d/32.zst 0,0,1669143985,541441279,553601868,1530780164
L6/1d/34.zst 0,0,1669167583,543269508,553886806,1528643399
L6/1d/37.zst 0,0,1669116363,544258398,554222671,1527369864
L6/1d/35.zst 0,0,1669153103,543477503,554042526,1528294164
L6/1d/3b.zst 0,0,1669159353,543995161,554108867,1527703915
L6/1d/39.zst 0,0,1669167691,544386518,554303651,1527109436
L6/1d/2f.zst 0,0,1660218782,527209921,578633029,1528905564
L6/1d/3c.zst 0,0,1669180397,544198449,554031478,1527556972
L6/1d/3f.zst 0,0,1669352875,553227182,552545792,1519841447
L6/1d/40.zst 0,0,1680795122,527739649,555743258,1530689267
L6/1d/36.zst 0,0,1669132191,543998292,554263023,1527573790
L6/1d/42.zst 0,0,1681715653,525299807,555953738,1531998098
L6/1d/38.zst 0,0,1669141496,544199553,554074848,1527551399
L6/1d/3d.zst 0,0,1854991419,557686718,571155959,1311133200
L6/1d/43.zst 0,0,1681759315,522276923,555817321,1535113737
L6/1d/45.zst 0,0,1682156617,519454923,554897417,1538458339
L6/1d/47.zst 0,0,1892100777,560640732,565732330,1276493457
L6/1d/4a.zst 0,0,1897340971,560984840,567373592,1269267893
L6/1d/41.zst 0,0,1681439564,531441562,554144417,1527941753
L6/1d/4c.zst 0,0,1897344198,561451083,567259402,1268912613
L6/1d/4d.zst 0,0,1897338009,561460194,567283269,1268885824
L6/1d/49.zst 0,0,1897342614,561038076,567050288,1269536318
L6/1d/4e.zst 0,0,1897332570,561511749,567319539,1268803438
L6/1d/52.zst 0,0,7995964,2473976004,504449280,1308546048
L6/1d/46.zst 0,0,1892101565,560344043,565714682,1276807006
L6/1d/51.zst 0,0,50961,2214220892,555233296,1525462147
L6/1d/48.zst 0,0,1897349813,561036751,567027635,1269553097
L6/1d/54.zst 0,0,7871829,2448553643,506962688,1331579136
L6/1d/56.zst 0,0,1659993150,505543227,538528221,1590902698
L6/1d/53.zst 0,0,7902430,2456902946,509304320,1320857600
L6/1d/58.zst 0,0,0,0,0,4294967296
L6/1d/5a.zst 0,0,0,0,0,4294967296
L6/1d/5c.zst 0,0,0,0,0,4294967296
L6/1d/50.zst 0,0,533421,2078841470,546052646,1669539759
L6/1d/5e.zst 0,0,0,0,0,4294967296
L6/1d/5f.zst 0,0,0,0,0,4294967296
L6/1d/5d.zst 0,0,0,0,0,4294967296
L6/1d/61.zst 0,0,1659822435,488920266,537935437,1608289158
L6/1d/63.zst 0,0,1660413309,464639091,530400738,1639514158
L6/1d/57.zst 0,0,1660042428,501287203,537718918,1595918747
L6/1d/59.zst 0,0,0,0,0,4294967296
L6/1d/64.zst 0,0,1660689910,465901676,532344706,1636031004
L6/1d/67.zst 0,0,1660709718,500439468,537214601,1596603509
L6/1d/68.zst 0,0,1669245665,515482171,547611119,1562628341
L6/1d/65.zst 0,0,1660775278,467381466,533384812,1633425740
L6/1d/6b.zst 0,0,1660699678,543092752,555236077,1535938789
L6/1d/6d.zst 0,0,1660716486,545982536,555299108,1532969166
L6/1d/62.zst 0,0,1659874622,463099032,529739305,1642254337
L6/1d/6e.zst 0,0,1660666240,546846613,555520985,1531933458
L6/1d/70.zst 0,0,4294967296,0,0,0
L6/1d/72.zst 0,0,1669066693,547077979,556093615,1522729009
L6/1d/6f.zst 0,0,1660766840,552222048,555019387,1526959021
L6/1d/74.zst 0,0,2384684668,460755499,446119828,1003407301
L6/1d/69.zst 0,0,1669071714,520621148,549278387,1555996047
L6/1d/6a.zst 0,0,1660746730,542550094,555421366,1536249106
L6/1d/75.zst 0,0,3031533095,392525153,287784662,583124386
L6/1d/76.zst 0,0,4294967296,0,0,0
L6/1d/79.zst 0,0,1929643505,544662989,521407175,1299253627
L6/1d/7d.zst 0,0,4294967296,0,0,0
L6/1d/7c.zst 0,0,4294967296,0,0,0
L6/1d/78.zst 0,0,1669067468,547064878,556070911,1522764039
L6/1d/73.zst 0,0,1929625242,544575173,521436191,1299330690
L6/1d/7f.zst 0,0,1929788266,538372061,522439880,1304367089
L6/1d/80.zst 0,0,1665142678,547701686,555500306,1526622626
L6/1d/81.zst 0,0,1668915765,543664180,555453369,1526933982
L6/1d/85.zst 0,0,1666572429,544143024,555926817,1528325026
L6/1d/7a.zst 0,0,2384662807,460853571,446099928,1003350990
L6/1d/82.zst 0,0,1660756371,552147355,555100536,1526963034
L6/1d/86.zst 0,0,1665213103,546915096,555410196,1527428901
L6/1d/87.zst 0,0,1668911053,542973794,555475804,1527606645
L6/1d/7b.zst 0,0,3031532977,392526661,287786271,583121387
L6/1d/89.zst 0,0,1660706767,551129822,555092989,1528037718
L6/1d/8c.zst 0,0,1665041463,543858604,555107163,1530960066
L6/1d/8d.zst 0,0,1668905865,531758028,552455157,1541848246
L6/1d/84.zst 0,0,1663137704,548056665,555648832,1528124095
L6/1d/8b.zst 0,0,1666561791,541063078,555712251,1531630176
L6/1d/90.zst 0,0,13797671,2172143236,549515056,1559511333
L6/1d/91.zst 0,0,13156637,1969714233,571698600,1740397826
L6/1d/92.zst 0,0,13607823,1969263047,571698600,1740397826
L6/1d/8a.zst 0,0,1663136291,546430186,555625697,1529775122
L6/1d/96.zst 0,0,1667473427,517131396,548586560,1561775913
L6/1d/97.zst 0,0,1667475438,513290116,547735968,1566465774
L6/1d/98.zst 0,0,0,0,0,4294967296
L6/1d/8e.zst 0,0,1660751882,539840935,552022299,1542352180
L6/1d/95.zst 0,0,15457722,2025208180,555616825,1698684569
L6/1d/9b.zst 0,0,0,0,0,4294967296
L6/1d/9c.zst 0,0,0,0,0,4294967296
L6/1d/9d.zst 0,0,0,0,0,4294967296
L6/1d/94.zst 0,0,14929083,2022577476,551468300,1705992437
L6/1d/a1.zst 0,0,13234135,2137691380,533128449,1610913332
L6/1d/a2.zst 0,0,13510671,1921915212,513430371,1846111042
L6/1d/a3.zst 0,0,14417235,1963366349,498372934,1818810778
L6/1d/a0.zst 0,0,13692841,2138593593,533271305,1609409557
L6/1d/9a.zst 0,0,0,0,0,4294967296
L6/1d/a7.zst 0,0,1659099804,475850034,530171623,1629845835
L6/1d/a6.zst 0,0,1659052200,478761419,530635725,1626517952
L6/1d/a8.zst 0,0,0,0,0,4294967296
L6/1d/9f.zst 0,0,0,0,0,4294967296
L6/1d/ac.zst 0,0,0,0,0,4294967296
L6/1d/ad.zst 0,0,0,0,0,4294967296
L6/1d/a9.zst 0,0,0,0,0,4294967296
L6/1d/ae.zst 0,0,0,0,0,4294967296
L6/1d/a5.zst 0,0,15602367,1988376445,489538778,1801449706
L6/1d/b1.zst 0,0,1667777070,513214807,549067680,1564907739
L6/1d/b4.zst 0,0,1667524242,421709084,638247114,1567486856
L6/1d/b2.zst 0,0,1668024712,510215093,549681039,1567046452
L6/1d/b3.zst 0,0,1667634101,503646919,548279872,1575406404
L6/1d/b7.zst 0,0,1667728752,508617855,549427213,1569193476
L6/1d/b8.zst 0,0,1668619883,515306544,548996567,1562044302
L6/1d/ab.zst 0,0,0,0,0,4294967296
L6/1d/b9.zst 0,0,1667805915,518207809,551676286,1557277286
L6/1d/b0.zst 0,0,1668544725,512961487,547925042,1565536042
L6/1d/bc.zst 0,0,1668053809,444150015,647122869,1535640603
L6/1d/bd.zst 0,0,1668021351,481532835,592828175,1552584935
L6/1d/bf.zst 0,0,1668249107,532716874,557222259,1536779056
L6/1d/bb.zst 0,0,1668157014,526437148,556174789,1544198345
L6/1d/c2.zst 0,0,1669292124,478661439,544451162,1602562571
L6/1d/b6.zst 0,0,1668317236,508237024,549596067,1568816969
L6/1d/c3.zst 0,0,1670073993,498210979,546459773,1580222551
L6/1d/c4.zst 0,0,1669846199,505914616,549636517,1569569964
L6/1d/c7.zst 0,0,1669121245,520487922,576833558,1528524571
L6/1d/c9.zst 0,0,1669129017,519691078,576692119,1529455082
L6/1d/be.zst 0,0,1668839437,531733765,557181294,1537212800
L6/1d/c6.zst 0,0,1669125179,520269793,576546443,1529025881
L6/1d/cb.zst 0,0,1669161458,518891186,577787661,1529126991
L6/1d/cc.zst 0,0,1669211814,519028992,577890716,1528835774
L6/1d/c1.zst 0,0,1668232725,523783707,564555791,1538395073
L6/1d/cd.zst 0,0,1669126102,519051608,578128551,1528661035
L6/1d/d1.zst 0,0,0,0,2766877519,1528089777
L6/1d/d2.zst 0,0,0,0,2766897226,1528070070
L6/1d/d4.zst 0,0,0,0,2766837928,1528129368
L6/1d/c8.zst 0,0,1669125802,519747440,576625905,1529468149
L6/1d/cf.zst 0,0,1669190524,516121234,581541666,1528113872
L6/1d/d6.zst 0,0,0,0,2766348155,1528619141
L6/1d/d7.zst 0,0,0,0,2763803816,1531163480
L6/1d/d8.zst 0,0,0,0,2763840712,1531126584
L6/1d/ce.zst 0,0,1669151299,519222872,578009516,1528583609
L6/1d/dc.zst 0,0,0,0,2763221875,1531745421
L6/1d/dd.zst 0,0,0,0,2763232386,1531734910
L6/1d/da.zst 0,0,0,0,2764151390,1530815906
L6/1d/de.zst 0,0,0,0,2763112242,1531855054
L6/1d/d3.zst 0,0,0,0,2766546701,1528420595
L6/1d/e1.zst 0,0,14123197,2198261969,555274333,1527307797
L6/1d/e2.zst 0,0,241323837,1625987564,611175277,1816480618
L6/1d/e4.zst 0,0,265111089,1666076673,583133254,1780646280
L6/1d/d9.zst 0,0,0,0,2764160919,1530806377
L6/1d/e8.zst 0,0,0,0,0,4294967296
L6/1d/e3.zst 0,0,261238512,1646121999,591385135,1796221650
L6/1d/e7.zst 0,0,1667477022,495298688,541944665,1590246921
L6/1d/e9.zst 0,0,0,0,0,4294967296
L6/1d/df.zst 0,0,0,0,2763036014,1531931282
L6/1d/ec.zst 0,0,0,0,0,4294967296
L6/1d/ef.zst 0,0,0,0,0,4294967296
L6/1d/ee.zst 0,0,0,0,0,4294967296
L6/1d/e5.zst 0,0,273475633,1662965931,582298214,1776227518
L6/1d/f2.zst 0,0,4294967296,0,0,0
L6/1d/ed.zst 0,0,0,0,0,4294967296
L6/1d/f4.zst 0,0,4294967296,0,0,0
L6/1d/f5.zst 0,0,4294967296,0,0,0
L6/1d/f7.zst 0,0,4294967296,0,0,0
L6/1d/f9.zst 0,0,4294967296,0,0,0
L6/1d/fa.zst 0,0,4294967296,0,0,0
L6/1d/ea.zst 0,0,0,0,0,4294967296
L6/1d/f0.zst 0,0,4294967296,0,0,0
L6/1d/fb.zst 0,0,4294967296,0,0,0
L6/1d/fd.zst 0,0,4294967296,0,0,0
L6/1d/ff.zst 0,0,4294967296,0,0,0
L6/1d/fe.zst 0,0,4294967296,0,0,0
L6/1d/f6.zst 0,0,4294967296,0,0,0
L6/1e/04.zst 0,0,1660423751,559833407,553171488,1521538650
L6/1e/03.zst 0,0,1660370831,559811493,553121053,1521663919
L6/1e/05.zst 0,0,1660372318,559716258,553114795,1521763925
L6/1e/09.zst 0,0,1660382673,559592132,553091037,1521901454
L6/1e/0a.zst 0,0,1660426697,559611456,553117843,1521811300
L6/1e/0b.zst 0,0,1660378455,559521701,553142264,1521924876
L6/1e/06.zst 0,0,1660435122,559858264,553188891,1521485019
L6/1e/00.zst 0,0,1663613352,561522674,553737887,1516093383
L6/1e/02.zst 0,0,1660425257,559934534,553134386,1521473119
L6/1e/0d.zst 0,0,1660464175,559520002,553119322,1521863797
L6/1e/0e.zst 0,0,1672904879,548110473,553334289,1520617655
L6/1e/0f.zst 0,0,1660506621,558900310,553193890,1522366475
L6/1e/08.zst 0,0,1660438307,559573219,553210664,1521745106
L6/1e/14.zst 0,0,1660467465,515686037,535225720,1583588074
L6/1e/10.zst 0,0,1889188527,533715317,548894219,1323169233
L6/1e/16.zst 0,0,1660432140,515137830,535402252,1583995074
L6/1e/15.zst 0,0,1660457789,515173461,535167662,1584168384
L6/1e/19.zst 0,0,1669505445,548568008,553578747,1523315096
L6/1e/1b.zst 0,0,1662211753,546318127,554660497,1531776919
L6/1e/1c.zst 0,0,1661861586,548137580,555511613,1529456517
L6/1e/12.zst 0,0,1660522266,516021618,535413254,1583010158
L6/1e/13.zst 0,0,1660424746,515563740,535506307,1583472503
L6/1e/1a.zst 0,0,1661655986,548754495,554899517,1529657298
L6/1e/1e.zst 0,0,1676494375,541762734,554358761,1522351426
L6/1e/1f.zst 0,0,1661656586,555538546,554969509,1522802655
L6/1e/20.zst 0,0,1660130129,512754288,598404669,1523678210
L6/1e/18.zst 0,0,1669582303,548462786,553399916,1523522291
L6/1e/25.zst 0,0,1659289914,509382575,597877047,1528417760
L6/1e/26.zst 0,0,1659357853,510064727,598099636,1527445080
L6/1e/27.zst 0,0,1659332530,508963182,597878190,1528793394
L6/1e/24.zst 0,0,1659516443,510818374,598020210,1526612269
L6/1e/2a.zst 0,0,1659332921,511358545,598517842,1525757988
L6/1e/2b.zst 0,0,1659299282,511122546,598510432,1526035036
L6/1e/2c.zst 0,0,1659312026,510017375,599836550,1525801345
L6/1e/22.zst 0,0,1659391857,513347319,598460372,1523767748
L6/1e/2f.zst 0,0,1659729338,509215994,598993922,1527028042
L6/1e/23.zst 0,0,1659358545,511542739,598187581,1525878431
L6/1e/30.zst 0,0,1669292489,547458951,554938537,1523277319
L6/1e/2e.zst 0,0,1659289323,510893976,599197914,1525586083
L6/1e/32.zst 0,0,1669011329,547000511,554208008,1524747448
L6/1e/34.zst 0,0,1669364550,546452058,553602745,1525547943
L6/1e/29.zst 0,0,1659317378,509255229,597723356,1528671333
L6/1e/36.zst 0,0,1669368080,547517935,553621294,1524459987
L6/1e/39.zst 0,0,1669367983,547539801,553649219,1524410293
L6/1e/3a.zst 0,0,1669343077,547425594,553828344,1524370281
L6/1e/37.zst 0,0,1668930716,548296398,554167089,1523573093
L6/1e/3c.zst 0,0,1669350903,547503185,553792569,1524320639
L6/1e/3f.zst 0,0,1669120040,561260933,551679473,1512906850
L6/1e/3e.zst 0,0,1855276271,561292713,571106564,1307291748
L6/1e/33.zst 0,0,1669344605,545038138,553301375,1527283178
L6/1e/35.zst 0,0,1669375118,546643083,553857209,1525091886
L6/1e/41.zst 0,0,1681648496,535205282,553482740,1524630778
L6/1e/43.zst 0,0,1681951053,526316419,554851405,1531848419
L6/1e/44.zst 0,0,1682017536,524232673,554527052,1534190035
L6/1e/40.zst 0,0,1681017669,534905037,554401393,1524643197
L6/1e/3b.zst 0,0,1669323833,546696863,553636029,1525310571
L6/1e/47.zst 0,0,1892341955,563369745,565150107,1274105489
L6/1e/49.zst 0,0,1897580643,563805755,566403054,1267177844
L6/1e/4a.zst 0,0,1897579150,563849803,566479303,1267059040
L6/1e/4d.zst 0,0,1897571512,563942966,566634657,1266818161
L6/1e/4b.zst 0,0,1897585330,563930652,566623686,1266827628
L6/1e/4f.zst 0,0,1897531105,563797472,566769598,1266869121
L6/1e/45.zst 0,0,1682356146,523020129,554514891,1535076130
L6/1e/50.zst 0,0,550139,2089361766,542184779,1662870612
L6/1e/46.zst 0,0,1892338475,563057785,565149254,1274421782
L6/1e/51.zst 0,0,50327,2220965025,553334289,1520617655
L6/1e/54.zst 0,0,7871613,2432716419,498833152,1355546112
L6/1e/4c.zst 0,0,1897577497,564002609,566586581,1266800609
L6/1e/56.zst 0,0,1659436225,491328129,528803211,1615399731
L6/1e/58.zst 0,0,0,0,0,4294967296
L6/1e/53.zst 0,0,7901256,2440453560,499784704,1346827776
L6/1e/5a.zst 0,0,0,0,0,4294967296
L6/1e/5c.zst 0,0,0,0,0,4294967296
L6/1e/5d.zst 0,0,0,0,0,4294967296
L6/1e/60.zst 0,0,1659308625,476338336,527127473,1632192862
L6/1e/55.zst 0,0,7913689,2430255399,494502144,1362296064
L6/1e/61.zst 0,0,1659474975,470337509,533761304,1631393508
L6/1e/57.zst 0,0,1659475822,487016749,527950500,1620524225
L6/1e/62.zst 0,0,1659376590,456282192,522223346,1657085168
L6/1e/5e.zst 0,0,0,0,0,4294967296
L6/1e/64.zst 0,0,1660165368,453546378,524614651,1656640899
L6/1e/68.zst 0,0,1669238855,521550769,546244545,1557933127
L6/1e/5b.zst 0,0,0,0,0,4294967296
L6/1e/66.zst 0,0,1660077467,486400047,527499330,1620990452
L6/1e/6b.zst 0,0,1660087804,545454399,554101328,1535323765
L6/1e/69.zst 0,0,1669232197,526141317,547830292,1551763490
L6/1e/6c.zst 0,0,1660138790,547418308,553815255,1533594943
L6/1e/6e.zst 0,0,1660087923,551119987,553141737,1530617649
L6/1e/6f.zst 0,0,1660643657,556262641,554273086,1523787912
L6/1e/72.zst 0,0,1669145107,552436947,554578732,1518806510
L6/1e/65.zst 0,0,1660287312,453473331,525257132,1655949521
L6/1e/67.zst 0,0,1660123076,486749609,527591690,1620502921
L6/1e/73.zst 0,0,1927730155,544161307,521381103,1301694731
L6/1e/74.zst 0,0,2363897956,475384972,447213179,1008471189
L6/1e/71.zst 0,0,4294967296,0,0,0
L6/1e/6d.zst 0,0,1660137005,550043229,553556537,1531230525
L6/1e/76.zst 0,0,4294967296,0,0,0
L6/1e/79.zst 0,0,1927725235,544253361,521395357,1301593343
L6/1e/7a.zst 0,0,2363894536,475242197,447217488,1008613075
L6/1e/7e.zst 0,0,1669141970,551506121,554500607,1519818598
L6/1e/7f.zst 0,0,1927869935,538081363,522499148,1306516850
L6/1e/80.zst 0,0,1667990578,549978254,554128020,1522870444
L6/1e/7b.zst 0,0,3031965638,385160002,289850215,587991441
L6/1e/82.zst 0,0,1660179956,559289881,553339108,1522158351
L6/1e/78.zst 0,0,1669146903,552396806,554689231,1518734356
L6/1e/83.zst 0,0,1661358056,557384287,553423901,1522801052
L6/1e/84.zst 0,0,1666443614,550096907,554173668,1524253107
L6/1e/77.zst 0,0,4294967296,0,0,0
L6/1e/87.zst 0,0,1669129322,548375248,553920711,1523542015
L6/1e/89.zst 0,0,1661183702,556440601,553482859,1523860134
L6/1e/8a.zst 0,0,1666440535,548003369,554070800,1526452592
L6/1e/85.zst 0,0,1679454876,536318528,554493073,1524700819
L6/1e/7d.zst 0,0,4294967296,0,0,0
L6/1e/8d.zst 0,0,1669119061,536931384,550734564,1538182287
L6/1e/8e.zst 0,0,1660170634,546952168,549855104,1537989390
L6/1e/8f.zst 0,0,1661235990,541442222,548735848,1543553236
L6/1e/93.zst 0,0,14678852,2007830396,560171808,1712286240
L6/1e/88.zst 0,0,1660197617,558420964,553398931,1522949784
L6/1e/95.zst 0,0,15463306,2030743497,560383849,1688376644
L6/1e/90.zst 0,0,13435650,2154181539,568631916,1558718191
L6/1e/94.zst 0,0,14930195,2027782826,554837318,1697416957
L6/1e/8b.zst 0,0,1679456664,533366430,554234624,1527909578
L6/1e/97.zst 0,0,1667608631,518840235,546168228,1562350202
L6/1e/99.zst 0,0,0,0,0,4294967296
L6/1e/9b.zst 0,0,0,0,0,4294967296
L6/1e/91.zst 0,0,13153402,1974974686,568585490,1738253718
L6/1e/9e.zst 0,0,0,0,0,4294967296
L6/1e/9a.zst 0,0,0,0,0,4294967296
L6/1e/9f.zst 0,0,0,0,0,4294967296
L6/1e/a0.zst 0,0,13481853,2138590568,532372325,1610522550
L6/1e/a3.zst 0,0,14415628,1953052178,488026502,1839472988
L6/1e/a5.zst 0,0,15599747,1978537809,478803446,1822026294
L6/1e/98.zst 0,0,0,0,0,4294967296
L6/1e/a6.zst 0,0,1658480138,465409791,521328160,1649749207
L6/1e/a4.zst 0,0,14963890,1980120824,483369399,1816513183
L6/1e/9c.zst 0,0,0,0,0,4294967296
L6/1e/a8.zst 0,0,0,0,0,4294967296
L6/1e/a9.zst 0,0,0,0,0,4294967296
L6/1e/ab.zst 0,0,0,0,0,4294967296
L6/1e/a1.zst 0,0,13153055,2129309088,526994053,1625511100
L6/1e/af.zst 0,0,0,0,0,4294967296
L6/1e/b0.zst 0,0,1668849514,520164635,546055743,1559897404
L6/1e/ac.zst 0,0,0,0,0,4294967296
L6/1e/b1.zst 0,0,1668098208,519451073,546703978,1560714037
L6/1e/b4.zst 0,0,1667777305,500053195,556847030,1570289766
L6/1e/b5.zst 0,0,1667986152,511836440,552557783,1562586921
L6/1e/aa.zst 0,0,0,0,0,4294967296
L6/1e/b7.zst 0,0,1668903170,520933647,546369273,1558761206
L6/1e/b9.zst 0,0,1668117323,525055859,548969711,1552824403
L6/1e/ad.zst 0,0,0,0,0,4294967296
L6/1e/ba.zst 0,0,1668783860,537385212,553724940,1535073284
L6/1e/b6.zst 0,0,1667980107,516279969,548118362,1562588858
L6/1e/be.zst 0,0,1668353134,537750606,555862589,1533000967
L6/1e/bc.zst 0,0,1668124727,517720379,564431981,1544690209
L6/1e/b2.zst 0,0,1668410956,515224994,546211456,1565119890
L6/1e/c0.zst 0,0,1668550852,545667498,556403599,1524345347
L6/1e/c2.zst 0,0,1670083441,481603769,544413229,1598866857
L6/1e/c4.zst 0,0,1670051508,508784556,549323083,1566808149
L6/1e/c6.zst 0,0,1669270916,526286781,575089252,1524320347
L6/1e/c1.zst 0,0,1668038972,527853665,566693914,1532380745
L6/1e/bb.zst 0,0,1668272725,552998363,552292707,1521403501
L6/1e/c7.zst 0,0,1669275596,526187291,575319934,1524184475
L6/1e/c9.zst 0,0,1669305377,525354717,575154754,1525152448
L6/1e/bf.zst 0,0,1669274379,543689366,554330337,1527673214
L6/1e/ca.zst 0,0,1669278454,525279092,575259886,1525149864
L6/1e/cd.zst 0,0,1669286606,524737262,575925139,1525018289
L6/1e/cb.zst 0,0,1669277275,524674982,576187770,1524827269
L6/1e/c5.zst 0,0,1670645121,511998906,551072720,1561250549
L6/1e/d1.zst 0,0,0,0,2770711927,1524255369
L6/1e/cf.zst 0,0,1669344565,521871686,580012627,1523738418
L6/1e/d2.zst 0,0,0,0,2770588938,1524378358
L6/1e/d6.zst 0,0,0,0,2770127968,1524839328
L6/1e/d7.zst 0,0,0,0,2770195316,1524771980
L6/1e/cc.zst 0,0,1669330133,524472521,576159217,1525005425
L6/1e/d3.zst 0,0,0,0,2770875350,1524091946
L6/1e/d8.zst 0,0,0,0,2770646401,1524320895
L6/1e/da.zst 0,0,0,0,2769545860,1525421436
L6/1e/d0.zst 0,0,0,0,2771155660,1523811636
L6/1e/db.zst 0,0,0,0,2770105724,1524861572
L6/1e/de.zst 0,0,0,0,2770108144,1524859152
L6/1e/e0.zst 0,0,152442112,2006140185,594788595,1541596404
L6/1e/d5.zst 0,0,0,0,2770079861,1524887435
L6/1e/e2.zst 0,0,236322911,1633166184,610835918,1814642283
L6/1e/dd.zst 0,0,0,0,2770171309,1524795987
L6/1e/e3.zst 0,0,261850301,1651025266,590171423,1791920306
L6/1e/e5.zst 0,0,274977452,1667828746,581290968,1770870130
L6/1e/e7.zst 0,0,1667627882,501498986,540787029,1585053399
L6/1e/dc.zst 0,0,0,0,2769957317,1525009979
L6/1e/e9.zst 0,0,0,0,0,4294967296
L6/1e/eb.zst 0,0,0,0,0,4294967296
L6/1e/e8.zst 0,0,0,0,0,4294967296
L6/1e/e1.zst 0,0,14214999,2204042110,554358761,1522351426
L6/1e/ec.zst 0,0,0,0,0,4294967296
L6/1e/ee.zst 0,0,0,0,0,4294967296
L6/1e/ef.zst 0,0,0,0,0,4294967296
L6/1e/e6.zst 0,0,1667624869,504526681,541572782,1581242964
L6/1e/f1.zst 0,0,4294967296,0,0,0
L6/1e/f3.zst 0,0,4294967296,0,0,0
L6/1e/f5.zst 0,0,4294967296,0,0,0
L6/1e/f6.zst 0,0,4294967296,0,0,0
L6/1e/f9.zst 0,0,4294967296,0,0,0
L6/1e/f2.zst 0,0,4294967296,0,0,0
L6/1e/fa.zst 0,0,4294967296,0,0,0
L6/1e/fc.zst 0,0,4294967296,0,0,0
L6/1e/fd.zst 0,0,4294967296,0,0,0
L6/1e/ed.zst 0,0,0,0,0,4294967296
L6/1e/ff.zst 0,0,4294967296,0,0,0
L6/1e/f8.zst 0,0,4294967296,0,0,0
L6/1f/02.zst 0,0,1668217285,551166410,553741799,1521841802
L6/1f/03.zst 0,0,1668268377,551055321,553734051,1521909547
L6/1f/01.zst 0,0,1668283515,551302935,553747299,1521633547
L6/1f/08.zst 0,0,1668227477,550897911,553732139,1522109769
L6/1f/09.zst 0,0,1668264610,550845396,553720464,1522136826
L6/1f/0b.zst 0,0,1668266759,550819935,553721480,1522159122
L6/1f/06.zst 0,0,1668224690,550980835,553736275,1522025496
L6/1f/0c.zst 0,0,1668304634,550806246,553723157,1522133259
L6/1f/0d.zst 0,0,1668274522,550812953,553734716,1522145105
L6/1f/00.zst 0,0,1671537953,552480976,554287864,1516660503
L6/1f/04.zst 0,0,1668217658,551036908,553733073,1521979657
L6/1f/0f.zst 0,0,1680751374,539176995,553779333,1521259594
L6/1f/12.zst 0,0,1668247781,528654716,542643649,1555421150
L6/1f/11.zst 0,0,1668284478,529028105,542500807,1555153906
L6/1f/07.zst 0,0,1668269482,550893752,553744746,1522059316
L6/1f/16.zst 0,0,1668205381,527863335,542562685,1556335895
L6/1f/10.zst 0,0,1896720328,545865630,555765439,1296615899
L6/1f/17.zst 0,0,1668320673,527893053,542710911,1556042659
L6/1f/18.zst 0,0,1676686371,541900010,553496205,1522884710
L6/1f/1b.zst 0,0,1669097536,543733064,554050017,1528086679
L6/1f/1d.zst 0,0,1668969295,543926689,556133165,1525938147
L6/1f/1e.zst 0,0,1676268206,542486839,554310766,1521901485
L6/1f/1c.zst 0,0,1669103458,545238983,554582252,1526042603
L6/1f/13.zst 0,0,1668214815,528238389,542743476,1555770616
L6/1f/15.zst 0,0,1668211144,527882422,542426519,1556447211
L6/1f/20.zst 0,0,1668005334,524786343,578627248,1523548371
L6/1f/21.zst 0,0,1667263660,526186463,578400953,1523116220
L6/1f/22.zst 0,0,1667474283,523946074,578193673,1525353266
L6/1f/1a.zst 0,0,1669155084,545292856,554129116,1526390240
L6/1f/27.zst 0,0,1667068848,521975345,578288454,1527634649
L6/1f/28.zst 0,0,1667153021,522067179,577845963,1527901133
L6/1f/24.zst 0,0,1667089533,522652364,577879528,1527345871
L6/1f/29.zst 0,0,1667072902,523694858,578348601,1525850935
L6/1f/2c.zst 0,0,1667064234,522306905,579937057,1525659100
L6/1f/2d.zst 0,0,1667053937,523554280,578602816,1525756263
L6/1f/2f.zst 0,0,1667152925,523543618,580026956,1524243797
L6/1f/26.zst 0,0,1667123829,522082705,577985163,1527775599
L6/1f/25.zst 0,0,1667072074,523039403,578261942,1526593877
L6/1f/31.zst 0,0,1676091890,540545788,554696990,1523632628
L6/1f/2e.zst 0,0,1667053655,521217689,579596097,1527099855
L6/1f/32.zst 0,0,1676411765,538648100,555233297,1524674134
L6/1f/33.zst 0,0,1676109173,540217150,553956719,1524684254
L6/1f/2b.zst 0,0,1667080216,522699269,579494675,1525693136
L6/1f/37.zst 0,0,1676442600,540690820,553566749,1524267127
L6/1f/39.zst 0,0,1676428519,541307166,554002372,1523229239
L6/1f/3a.zst 0,0,1676435646,539825147,553791315,1524915188
L6/1f/38.zst 0,0,1676622581,540982504,554203729,1523158482
L6/1f/3d.zst 0,0,1676461904,540252000,553884260,1524369132
L6/1f/3e.zst 0,0,1676496691,541014956,553928533,1523527116
L6/1f/3f.zst 0,0,1861834871,555371028,571131616,1306629781
L6/1f/35.zst 0,0,1676144863,539356885,553475660,1525989888
L6/1f/36.zst 0,0,1676466624,539389502,553660784,1525450386
L6/1f/43.zst 0,0,1689163968,519572017,554861764,1531369547
L6/1f/42.zst 0,0,1689093669,522261052,555551638,1528060937
L6/1f/44.zst 0,0,1689193582,517420515,554639426,1533713773
L6/1f/41.zst 0,0,1688898077,529062521,553722641,1523284057
L6/1f/3c.zst 0,0,1676511326,540068348,554077070,1524310552
L6/1f/48.zst 0,0,1904237332,559000793,566623486,1265105685
L6/1f/49.zst 0,0,1904232845,558917901,566659159,1265157391
L6/1f/4a.zst 0,0,1904225542,558963243,566694807,1265083704
L6/1f/4e.zst 0,0,1904222036,559138454,566859641,1264747165
L6/1f/50.zst 0,0,517521,2088165703,535386961,1670897111
L6/1f/4f.zst 0,0,1904175777,559365999,567050122,1264375398
L6/1f/4c.zst 0,0,1904226439,559106822,566819606,1264814429
L6/1f/46.zst 0,0,1898970809,558239984,565423374,1272333129
L6/1f/47.zst 0,0,1898968539,558516654,565435467,1272046636
L6/1f/52.zst 0,0,8005829,2474810683,502800640,1309350144
L6/1f/53.zst 0,0,7951888,2461509104,505229312,1320276992
L6/1f/54.zst 0,0,7896085,2452783851,504214272,1330073088
L6/1f/59.zst 0,0,0,0,0,4294967296
L6/1f/55.zst 0,0,7932572,2449484644,499903744,1337646336
L6/1f/4d.zst 0,0,1904220625,559060115,566840841,1264845715
L6/1f/5a.zst 0,0,0,0,0,4294967296
L6/1f/5b.zst 0,0,0,0,0,4294967296
L6/1f/5d.zst 0,0,0,0,0,4294967296
L6/1f/60.zst 0,0,1667097519,486712050,532699160,1608458567
L6/1f/61.zst 0,0,1667046783,505134004,535048394,1587738115
L6/1f/5e.zst 0,0,0,0,0,4294967296
L6/1f/57.zst 0,0,1667306890,499044371,535188708,1593427327
L6/1f/58.zst 0,0,0,0,0,4294967296
L6/1f/63.zst 0,0,1667723503,467402668,532578932,1627262193
L6/1f/64.zst 0,0,1667940128,466507695,533139283,1627380190
L6/1f/65.zst 0,0,1668126312,466227062,533771059,1626842863
L6/1f/6a.zst 0,0,1667977236,541650845,554049295,1531289920
L6/1f/5f.zst 0,0,0,0,0,4294967296
L6/1f/6b.zst 0,0,1667928141,542175093,553781603,1531082459
L6/1f/67.zst 0,0,1667965161,498461574,534710595,1593829966
L6/1f/6c.zst 0,0,1667995635,543402854,553868745,1529700062
L6/1f/6e.zst 0,0,1667940353,545454263,553509851,1528062829
L6/1f/70.zst 0,0,4294967296,0,0,0
L6/1f/72.zst 0,0,1676376014,545016730,554666084,1518908468
L6/1f/74.zst 0,0,2363502392,482715695,445595490,1003153719
L6/1f/69.zst 0,0,1676407718,519441281,547960774,1551157523
L6/1f/68.zst 0,0,1676413241,514396267,546431516,1557726272
L6/1f/75.zst 0,0,3048376662,375854823,287767693,582968118
L6/1f/71.zst 0,0,4294967296,0,0,0
L6/1f/77.zst 0,0,4294967296,0,0,0
L6/1f/78.zst 0,0,1676533624,544963558,554697966,1518772148
L6/1f/6f.zst 0,0,1667974272,550221480,554734144,1522037400
L6/1f/7b.zst 0,0,3048379672,375855635,287768313,582963676
L6/1f/7f.zst 0,0,1929605453,540413633,521551467,1303396743
L6/1f/7e.zst 0,0,1676361665,544248750,554612302,1519744579
L6/1f/7c.zst 0,0,4294967296,0,0,0
L6/1f/81.zst 0,0,1677460248,540545217,554117813,1522844018
L6/1f/82.zst 0,0,1668019182,550596205,553841345,1522510564
L6/1f/84.zst 0,0,1670021803,546630529,554343875,1523971089
L6/1f/79.zst 0,0,1929441320,546405813,520513933,1298606230
L6/1f/7a.zst 0,0,2363499378,482718184,445593840,1003155894
L6/1f/86.zst 0,0,1673582606,544037345,554238543,1523108802
L6/1f/87.zst 0,0,1677633567,539644916,554376458,1523312355
L6/1f/89.zst 0,0,1668300549,548493172,553863530,1524310045
L6/1f/85.zst 0,0,1674718922,541289269,554677018,1524282087
L6/1f/80.zst 0,0,1673676504,544568833,554251169,1522470790
L6/1f/8c.zst 0,0,1673573187,540380451,554182019,1526831639
L6/1f/8d.zst 0,0,1677452854,528490453,551169354,1537854635
L6/1f/8f.zst 0,0,1668352786,534194194,549310700,1543109616
L6/1f/92.zst 0,0,13523113,1975166240,569427412,1736850531
L6/1f/93.zst 0,0,14800203,2007439321,559327520,1713400252
L6/1f/90.zst 0,0,13532069,2151373393,569458862,1560602972
L6/1f/95.zst 0,0,15559302,2030166540,557287540,1691953914
L6/1f/8a.zst 0,0,1670017637,544197619,554417785,1526334255
L6/1f/8b.zst 0,0,1674715768,537998551,554706090,1527546887
L6/1f/96.zst 0,0,1674784478,515493040,547409494,1557280284
L6/1f/97.zst 0,0,1674786684,511690859,546541796,1561947957
L6/1f/9a.zst 0,0,0,0,0,4294967296
L6/1f/91.zst 0,0,13252769,1975436584,569427412,1736850531
L6/1f/9d.zst 0,0,0,0,0,4294967296
L6/1f/9e.zst 0,0,0,0,0,4294967296
L6/1f/99.zst 0,0,0,0,0,4294967296
L6/1f/a0.zst 0,0,13557094,2128688174,527057809,1625664219
L6/1f/a2.zst 0,0,13491342,1926058454,511956958,1843460542
L6/1f/a3.zst 0,0,14524574,1966066788,498690784,1815685150
L6/1f/9b.zst 0,0,0,0,0,4294967296
L6/1f/a6.zst 0,0,1666320815,476374137,527976826,1624295518
L6/1f/a4.zst 0,0,15074421,1993185441,494069332,1792638102
L6/1f/a7.zst 0,0,1666368574,473631901,527399531,1627567290
L6/1f/9c.zst 0,0,0,0,0,4294967296
L6/1f/a8.zst 0,0,0,0,0,4294967296
L6/1f/ab.zst 0,0,0,0,0,4294967296
L6/1f/ad.zst 0,0,0,0,0,4294967296
L6/1f/a1.zst 0,0,13250445,2129401077,527752813,1624562961
L6/1f/af.zst 0,0,0,0,0,4294967296
L6/1f/ac.zst 0,0,0,0,0,4294967296
L6/1f/b1.zst 0,0,1675119930,512639445,546760566,1560447355
L6/1f/b2.zst 0,0,1675546372,506593957,547598288,1565228679
L6/1f/b4.zst 0,0,1674921584,520485590,542832454,1556727668
L6/1f/aa.zst 0,0,0,0,0,4294967296
L6/1f/b7.zst 0,0,1674983339,508298738,547331753,1564353466
L6/1f/b9.zst 0,0,1675153847,518306899,549184768,1552321782
L6/1f/b8.zst 0,0,1675923663,515561820,546671004,1556810809
L6/1f/ae.zst 0,0,0,0,0,4294967296
L6/1f/b6.zst 0,0,1675134405,496841196,553266915,1569724780
L6/1f/bd.zst 0,0,1676099463,518752150,562980909,1537134774
L6/1f/be.zst 0,0,1675658165,518932303,561066787,1539310041
L6/1f/bc.zst 0,0,1675447526,542108735,550594724,1526816311
L6/1f/b3.zst 0,0,1674908948,520311954,545011488,1554734906
L6/1f/c2.zst 0,0,1677276617,474964465,543841638,1598884576
L6/1f/c3.zst 0,0,1677724245,494288123,546292038,1576662890
L6/1f/c4.zst 0,0,1677385956,502313952,549369082,1565898306
L6/1f/c1.zst 0,0,1675540617,518425267,566241005,1534760407
L6/1f/c7.zst 0,0,1676426187,518794397,575703738,1524042974
L6/1f/c8.zst 0,0,1676465305,518019593,575474985,1525007413
L6/1f/bb.zst 0,0,1675457294,542387083,552686372,1524436547
L6/1f/c9.zst 0,0,1676461414,518070947,575743189,1524691746
L6/1f/bf.zst 0,0,1675485999,531156192,555420456,1532904649
L6/1f/cc.zst 0,0,1676448416,517260160,576392982,1524865738
L6/1f/ca.zst 0,0,1676416857,517674885,575633937,1525241617
L6/1f/cd.zst 0,0,1676486154,517507947,576370563,1524602632
L6/1f/cf.zst 0,0,1676439105,514515606,580240674,1523771911
L6/1f/c5.zst 0,0,1677951218,505221910,551100932,1560693236
L6/1f/d2.zst 0,0,0,0,2771006683,1523960613
L6/1f/d4.zst 0,0,0,0,2770464641,1524502655
L6/1f/d5.zst 0,0,0,0,2770741909,1524225387
L6/1f/d3.zst 0,0,0,0,2770675803,1524291493
L6/1f/d8.zst 0,0,0,0,2770894155,1524073141
L6/1f/d9.zst 0,0,0,0,2770314328,1524652968
L6/1f/ce.zst 0,0,1676508085,517497823,576549369,1524412019
L6/1f/d0.zst 0,0,0,0,2771049147,1523918149
L6/1f/da.zst 0,0,0,0,2769942014,1525025282
L6/1f/dd.zst 0,0,0,0,2770310320,1524656976
L6/1f/de.zst 0,0,0,0,2770044760,1524922536
L6/1f/e1.zst 0,0,14397489,2203487227,553944454,1523138126
L6/1f/dc.zst 0,0,0,0,2769954845,1525012451
L6/1f/d6.zst 0,0,0,0,2770708080,1524259216
L6/1f/e3.zst 0,0,262745293,1650526049,590191694,1791504260
L6/1f/e4.zst 0,0,265824660,1671405764,582227846,1775509026
L6/1f/e5.zst 0,0,273934331,1668658273,581458159,1770916533
L6/1f/e9.zst 0,0,0,0,0,4294967296
L6/1f/ea.zst 0,0,0,0,0,4294967296
L6/1f/e6.zst 0,0,1674781908,497232775,541558331,1581394282
L6/1f/df.zst 0,0,0,0,2770518673,1524448623
L6/1f/ec.zst 0,0,0,0,0,4294967296
L6/1f/e0.zst 0,0,141229859,2005351232,599743217,1548642988
L6/1f/ed.zst 0,0,0,0,0,4294967296
L6/1f/ee.zst 0,0,0,0,0,4294967296
L6/1f/f2.zst 0,0,4294967296,0,0,0
L6/1f/f4.zst 0,0,4294967296,0,0,0
L6/1f/e8.zst 0,0,0,0,0,4294967296
L6/1f/f5.zst 0,0,4294967296,0,0,0
L6/1f/ef.zst 0,0,0,0,0,4294967296
L6/1f/f7.zst 0,0,4294967296,0,0,0
L6/1f/f8.zst 0,0,4294967296,0,0,0
L6/1f/fb.zst 0,0,4294967296,0,0,0
L6/1f/f3.zst 0,0,4294967296,0,0,0
L6/1f/fc.zst 0,0,4294967296,0,0,0
L6/1f/f1.zst 0,0,4294967296,0,0,0
L6/1f/ff.zst 0,0,4294967296,0,0,0
L6/1f/fe.zst 0,0,4294967296,0,0,0
L6/20/00.zst 610561965,408501524,846304503,535387839,576973044,1317238421
L6/20/05.zst 585415745,400091060,863286622,542319138,575821740,1328032991
L6/1f/fa.zst 0,0,4294967296,0,0,0
L6/20/06.zst 585415739,400091060,863307383,542210436,575841736,1328100942
L6/20/07.zst 585415739,400091060,863288113,541742497,575679993,1328749894
L6/20/03.zst 585415740,400091060,863285575,542491311,575825505,1327858105
L6/20/09.zst 585415739,400091060,863292259,541313633,575505692,1329348913
L6/20/0b.zst 585415745,400091060,863322880,541215379,575474195,1329448037
L6/20/0c.zst 585415739,400091060,863341080,541255482,575485859,1329378076
L6/20/02.zst 585416102,400091076,863349206,542673511,575786544,1327650857
L6/20/04.zst 585415739,400091060,863331650,542461776,575786249,1327880822
L6/20/0f.zst 585417283,400091060,863324057,541017611,575394617,1329722668
L6/20/10.zst 585415735,400091060,903716183,534968593,576933666,1293842059
L6/20/11.zst 0,0,1660659097,515210885,563463680,1555633634
L6/20/0e.zst 585415747,400091060,863373398,541147470,575506350,1329433271
L6/20/15.zst 0,0,1660407234,514120035,563293241,1557146786
L6/20/16.zst 0,0,1660382613,513909258,563386737,1557288688
L6/20/17.zst 0,0,1660425090,512722530,564678097,1557141579
L6/20/0a.zst 585416231,400091060,863385388,541213473,575510034,1329351110
L6/20/1a.zst 0,0,1661386099,530506767,575670284,1527404146
L6/20/19.zst 0,0,1668688537,526818469,575069590,1524390700
L6/20/1c.zst 0,0,1661282883,529945851,576118102,1527620460
L6/20/1b.zst 0,0,1661293593,528411034,575641679,1529620990
L6/20/12.zst 0,0,1660644919,514743510,563495800,1556083067
L6/20/1f.zst 0,0,1660660126,513276136,597098782,1523932252
L6/20/14.zst 0,0,1660649961,514459435,563370217,1556487683
L6/20/21.zst 0,0,1660057006,508289873,598663811,1527956606
L6/20/22.zst 0,0,1660172451,506135113,599311669,1529348063
L6/20/25.zst 0,0,1659958203,502601865,598392914,1534014314
L6/20/20.zst 585418805,400091060,863599626,514319036,597691166,1333847603
L6/20/27.zst 0,0,1659964141,502716578,598937018,1533349559
L6/20/1d.zst 0,0,1661204977,528178183,578062954,1527521182
L6/20/28.zst 0,0,1660083929,502218542,598551850,1534112975
L6/20/2a.zst 0,0,1659990112,500209246,598728376,1536039562
L6/20/2c.zst 0,0,1659985163,501219365,598426857,1535335911
L6/20/23.zst 0,0,1659975955,505651125,598673295,1530666921
L6/20/2f.zst 0,0,1659998106,501875490,599354770,1533738930
L6/20/30.zst 587599869,400101782,869161655,528077086,575883125,1334143779
L6/20/2b.zst 0,0,1659996923,499178388,598188187,1537603798
L6/20/26.zst 0,0,1659973565,502613773,599854050,1532525908
L6/20/31.zst 0,0,1668320753,538270728,573036457,1515339358
L6/20/35.zst 0,0,1668270514,531822358,573134648,1521739776
L6/20/34.zst 0,0,1668278691,533286594,572265865,1521136146
L6/20/38.zst 0,0,1668254245,531025732,572119092,1523568227
L6/20/2d.zst 0,0,1659953471,498246452,599158230,1537609143
L6/20/36.zst 0,0,1668275057,528464868,572117066,1526110305
L6/20/3a.zst 0,0,1668274927,526582019,573214297,1526896053
L6/20/3b.zst 0,0,1668279658,525990373,571299155,1529398110
L6/20/3c.zst 0,0,1668259484,526708175,572861834,1527137803
L6/20/32.zst 0,0,1668294625,534103183,573613599,1518955889
L6/20/40.zst 0,0,1681823150,513536642,576260995,1523346509
L6/20/41.zst 0,0,1680958569,514903053,575251407,1523854267
L6/20/37.zst 0,0,1668251216,531046184,571707428,1523962468
L6/20/42.zst 3091644,1520374,1676604065,506394135,576279716,1531077362
L6/20/3f.zst 0,0,1668285719,528492507,572228803,1525960267
L6/20/45.zst 2972055,1531414,1677061932,500571364,575583107,1537247424
L6/20/46.zst 587615835,400101878,904396010,546079856,587324991,1269448726
L6/20/48.zst 587615839,400101878,909646677,547054439,588756176,1261792287
L6/20/4b.zst 587615839,400101878,909642336,547079827,588856970,1261670446
L6/20/3e.zst 0,0,1668389350,526612434,571693290,1528272222
L6/20/4c.zst 587615839,400101878,909639602,547073809,588809893,1261726275
L6/20/49.zst 587615839,400101878,909638067,546882824,588727302,1262001386
L6/20/4d.zst 587615839,400101878,909630073,547080999,588851647,1261686860
L6/20/44.zst 2777347,1553558,1676899503,501816012,575497610,1536423266
L6/20/4f.zst 587599873,400101782,909595163,547575024,589111550,1260983904
L6/20/47.zst 587615839,400101878,904384883,546203788,587511847,1269149061
L6/20/51.zst 0,0,225872,2400529959,576973044,1317238421
L6/20/53.zst 2844008,1696194,3718571,2546559531,537421824,1202727168
L6/20/56.zst 585415737,400091060,863019658,501342997,560322212,1384775632
L6/20/52.zst 3168825,1545684,3673664,2580206259,529259520,1177113344
L6/20/58.zst 585415739,400091060,372057129,289010233,288473115,2359920020
L6/20/59.zst 585415739,400091060,372058250,278493478,284733952,2374174817
L6/20/5b.zst 585416916,400091261,369107457,278802004,289260518,2372289140
L6/20/50.zst 2014,0,1349450,2330989132,545486950,1417139750
L6/20/5e.zst 585416067,400091060,369108136,275618578,282283242,2382450213
L6/20/5d.zst 585417101,400091094,369111046,277850182,290472937,2372024936
L6/20/55.zst 3018933,1597184,3688704,2545372235,529721600,1211568640
L6/20/60.zst 0,0,1663951373,466804071,555543367,1608668485
L6/20/5c.zst 585418662,400091286,369111887,278364353,289496746,2372484362
L6/20/57.zst 585415739,400091060,863068208,497651855,559844517,1388895917
L6/20/62.zst 3074234,1520342,1660574119,443297217,550981868,1635519516
L6/20/63.zst 2776328,1553174,1660703737,443687903,551082734,1635163420
L6/20/65.zst 2962353,1531382,1660758674,446335509,552364474,1631014904
L6/20/69.zst 585415739,400091060,871257413,512103628,570176816,1355922640
L6/20/6a.zst 585416304,400091092,863048198,529876409,575324765,1341210528
L6/20/6b.zst 585416254,400091097,863002273,531016936,575706203,1339734533
L6/20/67.zst 585415739,400091060,860063492,494554843,556388441,1398453721
L6/20/61.zst 0,0,1664278904,434613591,547153045,1648921756
L6/20/6d.zst 585416421,400091124,863045307,533636889,575089218,1337688337
L6/20/64.zst 2766289,1553526,1660799672,444986067,551692110,1633169632
L6/20/6f.zst 585417031,400091092,863028921,539500980,576420407,1330508865
L6/20/6e.zst 585416065,400091060,862997504,534712803,575512260,1336237604
L6/20/68.zst 585415739,400091060,871260714,508329812,568674368,1361195603
L6/20/73.zst 667671003,391586324,1026227834,542939943,548394825,1118147367
L6/20/75.zst 1598437700,290340452,1229373682,394579356,318290832,463945274
L6/20/76.zst 4294967296,0,0,0,0,0
L6/20/71.zst 4294967296,0,0,0,0,0
L6/20/79.zst 667671003,391586324,1026226115,543198669,548411382,1117873803
L6/20/7a.zst 875974480,371989988,1240782391,478982456,482242316,844995665
L6/20/7b.zst 1598437706,290340452,1229378306,394577570,318290623,463942639
L6/20/72.zst 585432259,400091220,868275569,540150445,576536130,1324481673
L6/20/7e.zst 585432259,400091220,868270130,539467480,576502632,1325203575
L6/20/7f.zst 667721919,391594708,1026289030,539863111,549016957,1120481571
L6/20/7c.zst 4294967296,0,0,0,0,0
L6/20/74.zst 875974480,371989988,1240785522,478778415,482243370,845195521
L6/20/80.zst 4294967296,0,0,0,0,0
L6/20/83.zst 667671003,391586324,843457079,551818779,579306983,1261127128
L6/20/78.zst 585432259,400091220,868282052,540305828,576540108,1324315829
L6/20/84.zst 875974480,371989988,819027697,528210762,567627725,1132136644
L6/20/87.zst 4294967296,0,0,0,0,0
L6/20/89.zst 667671003,391586324,843448665,551183386,579274630,1261803288
L6/20/8b.zst 1598437700,290340452,649473777,495113832,459195405,802406130
L6/20/85.zst 1598437700,290340452,649473464,495783858,459223185,801708637
L6/20/8c.zst 4294967296,0,0,0,0,0
L6/20/8e.zst 585432267,400091220,863025465,531980638,572886517,1341551189
L6/20/8f.zst 667672207,391586324,843408292,535690034,575443648,1281166791
L6/20/81.zst 4294967296,0,0,0,0,0
L6/20/91.zst 3724510,2054542,7792229,2171098350,598279629,1512018036
L6/20/86.zst 4294967296,0,0,0,0,0
L6/20/92.zst 4106611,2075993,7922891,2170564136,598279629,1512018036
L6/20/90.zst 3984644,2054734,7936596,2276467472,561740766,1442783084
L6/20/94.zst 4753421,2328746,8614163,2219807172,573978041,1485485753
L6/20/8a.zst 875974480,371989988,819027117,527359974,567626054,1132989683
L6/20/96.zst 0,0,1851901906,507277666,568528755,1367258969
L6/20/98.zst 0,0,0,0,0,4294967296
L6/20/9b.zst 0,0,0,0,0,4294967296
L6/20/9a.zst 0,0,0,0,0,4294967296
L6/20/9d.zst 0,0,0,0,0,4294967296
L6/20/9e.zst 0,0,0,0,0,4294967296
L6/20/a0.zst 3984671,2054766,7936672,2256394579,521789165,1502807443
L6/20/95.zst 4499819,2427079,9088183,2213276070,577044175,1488631970
L6/20/97.zst 0,0,1851898830,504331951,567831983,1370904532
L6/20/a3.zst 4579433,2247503,8243081,2150716990,523936157,1605244132
L6/20/a2.zst 3812901,2061842,7953669,2067005020,550594738,1663539126
L6/20/a5.zst 4576085,2426553,9183438,2176937400,513775945,1588067875
L6/20/a1.zst 3720350,2054542,7793689,2257043157,546077096,1478278462
L6/20/9c.zst 0,0,0,0,0,4294967296
L6/20/a8.zst 0,0,0,0,0,4294967296
L6/20/a9.zst 0,0,0,0,0,4294967296
L6/20/ab.zst 0,0,0,0,0,4294967296
L6/20/ae.zst 0,0,0,0,0,4294967296
L6/20/af.zst 0,0,0,0,0,4294967296
L6/20/b1.zst 587615839,400101878,869048914,499096761,567282873,1371821031
L6/20/ac.zst 0,0,0,0,0,4294967296
L6/20/a6.zst 0,0,1846408690,476459616,553509712,1418589278
L6/20/a7.zst 0,0,1846437137,474478061,553107397,1420944701
L6/20/b2.zst 587615839,400101878,869129446,496226813,569352819,1372540501
L6/20/b3.zst 587615839,400101878,869060032,494247588,567938899,1376003060
L6/20/b5.zst 587615839,400101878,869054730,493870879,568913311,1375410659
L6/20/ad.zst 0,0,0,0,0,4294967296
L6/20/b9.zst 587599893,400101788,869034927,502860170,568724475,1366646043
L6/20/bc.zst 585433689,400091092,870559829,516028244,575989664,1346864778
L6/20/b6.zst 587615839,400101878,868986429,494462410,568742344,1375058396
L6/20/ba.zst 585441375,400091672,870620258,514576440,575934959,1348302592
L6/20/be.zst 585415905,400091060,870498837,515986314,575914787,1347060393
L6/20/bf.zst 585415735,400091060,870533514,520785938,577141409,1340999640
L6/20/c2.zst 3074234,1520342,1668787892,497772219,577354337,1546458272
L6/20/b7.zst 587615839,400101878,869006064,497725495,569146371,1371371649
L6/20/c1.zst 0,0,1672466121,496064074,584675482,1541761619
L6/20/c3.zst 2776328,1553174,1669599898,497034210,577154999,1546848687
L6/20/b8.zst 587615839,400101878,869049940,504710913,568126699,1365362027
L6/20/c4.zst 2766289,1553526,1669727528,496131175,578218884,1546569894
L6/20/c6.zst 585415737,400091060,867880710,508163343,594144567,1339271879
L6/20/bd.zst 585432989,400091092,870554770,514461401,577002847,1347424197
L6/20/c9.zst 585415739,400091060,870594927,508508953,595086973,1335269644
L6/20/cb.zst 585415739,400091060,870600772,508433642,596014474,1334411609
L6/20/cd.zst 585415739,400091060,870595465,508125423,596039591,1334700018
L6/20/c8.zst 585415739,400091060,870600742,508492961,594995422,1335371372
L6/20/cf.zst 587583915,400101686,869146516,506810678,599019952,1332304549
L6/20/d0.zst 0,0,0,0,2962315750,1332651546
L6/20/d2.zst 0,0,0,0,2962450521,1332516775
L6/20/c7.zst 585415739,400091060,867883513,508514887,594373035,1338689062
L6/20/d4.zst 0,0,0,0,2961795379,1333171917
L6/20/d5.zst 0,0,0,0,2961768764,1333198532
L6/20/ca.zst 585415739,400091060,870598736,508462417,595183371,1335215973
L6/20/d3.zst 0,0,0,0,2962493037,1332474259
L6/20/d7.zst 0,0,0,0,2961782107,1333185189
L6/20/ce.zst 585431697,400091156,870585702,508103094,596276317,1334479330
L6/20/da.zst 0,0,0,0,2960871620,1334095676
L6/20/d9.zst 0,0,0,0,2961168385,1333798911
L6/20/de.zst 0,0,0,0,2960663846,1334303450
L6/20/e0.zst 117468132,2103786,22653447,1159410807,1645092387,1348238737
L6/20/e1.zst 4584632,2054526,8942465,2265160622,573789319,1440435732
L6/20/dd.zst 0,0,0,0,2960907672,1334059624
L6/20/d8.zst 0,0,0,0,2961322603,1333644693
L6/20/e3.zst 203037442,16501229,133638460,1763749891,606561988,1571478286
L6/20/e4.zst 187262531,13638825,141544216,1792122876,598237929,1562160919
L6/20/e5.zst 167424228,18555483,155261323,1791895845,595726370,1566104047
L6/20/db.zst 0,0,0,0,2961085165,1333882131
L6/20/e9.zst 0,0,0,0,0,4294967296
L6/20/ea.zst 0,0,0,0,0,4294967296
L6/20/eb.zst 0,0,0,0,0,4294967296
L6/20/e7.zst 0,0,1851226217,490285972,562864213,1390590894
L6/20/df.zst 0,0,0,0,2962970328,1331996968
L6/20/f0.zst 0,4294967296,0,0,0,0
L6/20/ee.zst 0,0,0,0,0,4294967296
L6/20/ef.zst 0,0,0,0,0,4294967296
L6/20/f1.zst 0,4294967296,0,0,0,0
L6/20/f4.zst 0,4294967296,0,0,0,0
L6/20/f7.zst 0,4294967296,0,0,0,0
L6/20/f6.zst 0,4294967296,0,0,0,0
L6/20/e8.zst 0,0,0,0,0,4294967296
L6/20/f8.zst 0,4294967296,0,0,0,0
L6/20/fa.zst 0,4294967296,0,0,0,0
L6/20/ec.zst 0,0,0,0,0,4294967296
L6/20/fb.zst 0,4294967296,0,0,0,0
L6/20/f2.zst 0,4294967296,0,0,0,0
L6/20/fc.zst 0,4294967296,0,0,0,0
L6/20/ff.zst 0,4294967296,0,0,0,0
L6/21/00.zst 0,0,1663619636,533971978,576158558,1521217124
L6/21/03.zst 0,0,1660136392,532247977,575671785,1526911142
L6/21/05.zst 0,0,1660064631,532282677,575602036,1527017952
L6/21/07.zst 0,0,1660062056,532135419,575645545,1527124276
L6/21/09.zst 0,0,1660211448,531751670,575565180,1527438998
L6/20/fe.zst 0,4294967296,0,0,0,0
L6/21/06.zst 0,0,1660113921,532211322,575560301,1527081752
L6/21/0a.zst 0,0,1660701934,531425301,575503284,1527336777
L6/21/01.zst 0,0,1665867969,527598199,575804880,1525696248
L6/21/0b.zst 0,0,1660838734,531154249,575638426,1527335887
L6/21/0d.zst 0,0,1660275246,531722213,575518074,1527451763
L6/21/04.zst 0,0,1660100091,532267363,575542486,1527057356
L6/21/10.zst 0,0,1889206111,531934013,576548432,1297278740
L6/21/12.zst 0,0,1660476404,514414910,563737271,1556338711
L6/21/14.zst 0,0,1660413526,513932397,563656339,1556965034
L6/21/0f.zst 0,0,1660122789,532164956,575552660,1527126891
L6/21/16.zst 0,0,1660344295,513032185,563534087,1558056729
L6/21/17.zst 0,0,1660367614,512420912,564906419,1557272351
L6/21/19.zst 0,0,1668896818,525897192,575390649,1524782637
L6/21/0e.zst 0,0,1660079547,531908557,575553698,1527425494
L6/21/1b.zst 0,0,1661322959,527666193,575703256,1530274888
L6/21/1c.zst 0,0,1661224760,529560042,576520901,1527661593
L6/21/11.zst 0,0,1660480637,514952885,563773892,1555759882
L6/21/1d.zst 0,0,1661143233,527725925,578364063,1527734075
L6/21/1a.zst 0,0,1661336979,529514777,576084993,1528030547
L6/21/15.zst 0,0,1660379244,513357206,563587451,1557643395
L6/21/21.zst 0,0,1660026280,505824290,598965048,1530151678
L6/21/23.zst 0,0,1659832325,505061976,598673394,1531399601
L6/21/20.zst 0,0,1659913605,508111789,598668209,1528273693
L6/21/27.zst 0,0,1659728223,501679714,598410214,1535149145
L6/21/28.zst 0,0,1659844416,500517448,597673409,1536932023
L6/21/25.zst 0,0,1659709844,501261805,599153028,1534842619
L6/21/29.zst 0,0,1659693291,498821696,598701037,1537751272
L6/21/1f.zst 0,0,1660675076,512534098,596954056,1524804066
L6/21/2b.zst 0,0,1659705907,500111545,597971417,1537178427
L6/21/2c.zst 0,0,1659747012,497579472,599161518,1538479294
L6/21/22.zst 0,0,1659919142,504718094,598673497,1531656563
L6/21/2e.zst 0,0,1659715521,500777277,599512234,1534962264
L6/21/26.zst 0,0,1659745439,502090595,599067035,1534064227
L6/21/2d.zst 0,0,1659675699,499633671,599702198,1535955728
L6/21/32.zst 0,0,1668073542,538123815,573503516,1515266423
L6/21/31.zst 0,0,1814477017,530392316,580372017,1369725946
L6/21/35.zst 0,0,1668145409,532518564,572690790,1521612533
L6/21/38.zst 0,0,1668159505,530573356,572217164,1524017271
L6/21/39.zst 0,0,1668149900,530545710,572575464,1523696222
L6/21/3b.zst 0,0,1668110798,526365092,573548585,1526942821
L6/21/37.zst 0,0,1668161169,528506035,572432112,1525867980
L6/21/30.zst 0,0,1668247766,521717706,576352491,1528649333
L6/21/3c.zst 0,0,1668125581,525908404,571836595,1529096716
L6/21/3d.zst 0,0,1668138983,526064365,572981931,1527782017
L6/21/33.zst 0,0,1668164976,533759507,573857315,1519185498
L6/21/3f.zst 0,0,1668118277,526211908,572205340,1528431771
L6/21/42.zst 0,0,1681205090,504247601,575795057,1533719548
L6/21/43.zst 0,0,1681218916,501749541,575390998,1536607841
L6/21/36.zst 0,0,1668168424,531392042,573404092,1522002738
L6/21/40.zst 0,0,1680476601,512452942,576596623,1525441130
L6/21/46.zst 0,0,1891512474,543330408,586894361,1273230053
L6/21/47.zst 0,0,1891510039,543103273,586957124,1273396860
L6/21/48.zst 0,0,1896758459,543897874,588131582,1266179381
L6/21/4c.zst 0,0,1896742008,543943825,588258567,1266022896
L6/21/4d.zst 0,0,1896735513,543944309,588325685,1265961789
L6/21/4e.zst 0,0,1896735317,544069698,588297849,1265864432
L6/21/41.zst 0,0,1680949286,514152685,575772957,1524092368
L6/21/4b.zst 0,0,1896742936,544044649,588330497,1265849214
L6/21/45.zst 0,0,1681614725,498231656,575230806,1539890109
L6/21/50.zst 0,0,162947,2113756530,542465463,1638582356
L6/21/51.zst 0,0,60378,2193405790,575804880,1525696248
L6/21/52.zst 0,0,7349005,2322672115,519867648,1445078528
L6/21/49.zst 0,0,1896744830,543789042,588165621,1266267803
L6/21/57.zst 0,0,1659136891,477238895,555801750,1602789760
L6/21/58.zst 0,0,0,0,0,4294967296
L6/21/55.zst 0,0,7364225,2293512831,511883264,1482206976
L6/21/59.zst 0,0,0,0,0,4294967296
L6/21/5c.zst 0,0,0,0,0,4294967296
L6/21/5d.zst 0,0,0,0,0,4294967296
L6/21/5f.zst 0,0,0,0,0,4294967296
L6/21/53.zst 0,0,7260995,2299722685,532467968,1455515648
L6/21/56.zst 0,0,1659087692,482176918,556592241,1597110445
L6/21/5e.zst 0,0,0,0,0,4294967296
L6/21/61.zst 0,0,1658888440,441011212,552084283,1642983361
L6/21/62.zst 0,0,1658923144,436407487,547466595,1652170070
L6/21/63.zst 0,0,1659352491,439038169,548177543,1648399093
L6/21/5b.zst 0,0,0,0,0,4294967296
L6/21/69.zst 0,0,1668171586,500453888,569213305,1557128517
L6/21/68.zst 0,0,1668174564,495853527,567567363,1563371842
L6/21/6a.zst 0,0,1659808818,522145750,576439273,1536573455
L6/21/67.zst 0,0,1659777684,482136295,555865552,1597187765
L6/21/6d.zst 0,0,1659808006,525553649,575186794,1534418847
L6/21/6e.zst 0,0,1659758012,526295632,575740991,1533172661
L6/21/6f.zst 0,0,1659805350,532144530,576535526,1526481890
L6/21/65.zst 0,0,1659911411,444898477,550563515,1639593893
L6/21/66.zst 0,0,1659732742,481426071,555768314,1598040169
L6/21/72.zst 0,0,1668064987,526512655,576655016,1523734638
L6/21/73.zst 0,0,1921893002,527423629,544528427,1301122238
L6/21/74.zst 0,0,2359810952,461744419,469198990,1004212935
L6/21/71.zst 0,0,4294967296,0,0,0
L6/21/6c.zst 0,0,1659809922,524356896,575986556,1534813922
L6/21/78.zst 0,0,1668061967,526705541,576426523,1523773265
L6/21/79.zst 0,0,1921896073,527454154,544566159,1301050910
L6/21/7a.zst 0,0,2359810494,461749036,469197397,1004210369
L6/21/7e.zst 0,0,1668059683,525760829,576687293,1524459491
L6/21/80.zst 0,0,1664614271,526559210,576288801,1527505014
L6/21/7f.zst 0,0,1922017183,521590807,545610529,1305748777
L6/21/7b.zst 0,0,3031467575,375437830,304815909,583245982
L6/21/81.zst 0,0,1668868275,522895116,576263318,1526940587
L6/21/76.zst 0,0,4294967296,0,0,0
L6/21/83.zst 0,0,1658673483,532666525,575894519,1527732769
L6/21/84.zst 0,0,1660272640,528530719,576760764,1529403173
L6/21/77.zst 0,0,4294967296,0,0,0
L6/21/86.zst 0,0,1664449516,526109589,576189978,1528218213
L6/21/89.zst 0,0,1658664634,531173471,575798779,1529330412
L6/21/7c.zst 0,0,4294967296,0,0,0
L6/21/85.zst 0,0,1664501731,523986302,576804888,1529674375
L6/21/8a.zst 0,0,1660261407,526510080,576411001,1531784808
L6/21/8c.zst 0,0,1664444345,522888301,575850446,1531784204
L6/21/8e.zst 0,0,1659801399,519554577,572176963,1543434357
L6/21/91.zst 0,0,13107388,1956709585,588508072,1736642251
L6/21/92.zst 0,0,13383105,1956433868,588508072,1736642251
L6/21/90.zst 0,0,13406050,2151611617,569716608,1560233021
L6/21/94.zst 0,0,14877957,2007026172,570931592,1702131575
L6/21/88.zst 0,0,1659813739,530786137,575557517,1528809903
L6/21/8b.zst 0,0,1664498506,521570973,576661267,1532236550
L6/21/95.zst 0,0,15426147,2009175578,574518927,1695846644
L6/21/96.zst 0,0,1666824426,496923024,568505974,1562713872
L6/21/99.zst 0,0,0,0,0,4294967296
L6/21/8f.zst 0,0,1658702445,516282912,571103694,1548878245
L6/21/9c.zst 0,0,0,0,0,4294967296
L6/21/9d.zst 0,0,0,0,0,4294967296
L6/21/98.zst 0,0,0,0,0,4294967296
L6/21/9f.zst 0,0,0,0,0,4294967296
L6/21/a1.zst 0,0,13136811,2127232000,555448139,1599150346
L6/21/a2.zst 0,0,13356157,1909237833,526966939,1845406367
L6/21/a5.zst 0,0,15573011,1974124491,504491865,1800777929
L6/21/9b.zst 0,0,0,0,0,4294967296
L6/21/9a.zst 0,0,0,0,0,4294967296
L6/21/a3.zst 0,0,14367101,1949104582,513497576,1817998037
L6/21/a6.zst 0,0,1658418486,460970401,549048735,1626529674
L6/21/a7.zst 0,0,1658467705,457703194,548183688,1630612709
L6/21/a9.zst 0,0,0,0,0,4294967296
L6/21/a0.zst 0,0,13414252,2128510383,554170487,1598872174
L6/21/ae.zst 0,0,0,0,0,4294967296
L6/21/ad.zst 0,0,0,0,0,4294967296
L6/21/b0.zst 0,0,1667629887,494150668,567821208,1565365533
L6/21/ac.zst 0,0,0,0,0,4294967296
L6/21/b2.zst 0,0,1667091945,483062507,569862114,1574950730
L6/21/b3.zst 0,0,1667073469,482249915,567666569,1577977343
L6/21/b5.zst 0,0,1666626811,469975064,568108889,1590256532
L6/21/aa.zst 0,0,0,0,0,4294967296
L6/21/ab.zst 0,0,0,0,0,4294967296
L6/21/b7.zst 0,0,1666385177,467349995,560769576,1600462548
L6/21/b8.zst 0,0,1667706663,495546369,568145949,1563568315
L6/21/b6.zst 0,0,1666333708,474324824,565657778,1588650986
L6/21/ba.zst 0,0,1667610780,504665636,577360352,1545330528
L6/21/b1.zst 0,0,1667136006,488700058,566993029,1572138203
L6/21/bd.zst 0,0,1667149175,491989576,575851181,1559977364
L6/21/be.zst 0,0,1666861193,497384380,574026878,1556694845
L6/21/c1.zst 0,0,1667031438,479564749,580247209,1568123900
L6/21/c3.zst 0,0,1667901542,494631762,574917462,1557516530
L6/21/bf.zst 0,0,1666908502,491258502,569412767,1567387525
L6/21/c4.zst 0,0,1667964983,495701185,576803987,1554497141
L6/21/c6.zst 0,0,1668187954,501144472,596489154,1529145716
L6/21/c7.zst 0,0,1668179048,501426349,596461111,1528900788
L6/21/bb.zst 0,0,1667597180,504478709,576127061,1546764346
L6/21/bc.zst 0,0,1667473426,506915779,577536192,1543041899
L6/21/cb.zst 0,0,1668217022,499830795,597241409,1529678070
L6/21/c9.zst 0,0,1668222924,500577318,596566587,1529600467
L6/21/cc.zst 0,0,1668246060,499223014,597336376,1530161846
L6/21/c8.zst 0,0,1668212537,500151171,596577469,1530026119
L6/21/c2.zst 0,0,1667936925,493976381,574611132,1558442858
L6/21/d0.zst 0,0,0,0,2766234516,1528732780
L6/21/d1.zst 0,0,0,0,2765875697,1529091599
L6/21/d2.zst 0,0,0,0,2765957549,1529009747
L6/21/d6.zst 0,0,0,0,2765631122,1529336174
L6/21/d3.zst 0,0,0,0,2765922911,1529044385
L6/21/d7.zst 0,0,0,0,2766018887,1528948409
L6/21/d8.zst 0,0,0,0,2765661255,1529306041
L6/21/cd.zst 0,0,1668211509,499646050,597469899,1529639838
L6/21/ce.zst 0,0,1668159578,499060968,598054027,1529692723
L6/21/da.zst 0,0,0,0,2765513720,1529453576
L6/21/dd.zst 0,0,0,0,2765745384,1529221912
L6/21/dc.zst 0,0,0,0,2765067155,1529900141
L6/21/d4.zst 0,0,0,0,2765431168,1529536128
L6/21/e0.zst 0,0,86993258,1025680549,1653175638,1529117851
L6/21/db.zst 0,0,0,0,2765869771,1529097525
L6/21/e2.zst 0,0,236217225,1608603835,634492507,1815653729
L6/21/e3.zst 0,0,262401363,1627101401,613806987,1791657545
L6/21/e5.zst 0,0,274485952,1644117161,604310936,1772053247
L6/21/e8.zst 0,0,0,0,0,4294967296
L6/21/e9.zst 0,0,0,0,0,4294967296
L6/21/de.zst 0,0,0,0,2765456449,1529510847
L6/21/df.zst 0,0,0,0,2766462770,1528504526
L6/21/e7.zst 0,0,1666820437,475927867,561833163,1590385829
L6/21/ea.zst 0,0,0,0,0,4294967296
L6/21/ec.zst 0,0,0,0,0,4294967296
L6/21/ed.zst 0,0,0,0,0,4294967296
L6/21/f1.zst 0,0,4294967296,0,0,0
L6/21/e4.zst 0,0,265614135,1647505676,605338789,1776508696
L6/21/f0.zst 0,0,4294967296,0,0,0
L6/21/f3.zst 0,0,4294967296,0,0,0
L6/21/f4.zst 0,0,4294967296,0,0,0
L6/21/f6.zst 0,0,4294967296,0,0,0
L6/21/f8.zst 0,0,4294967296,0,0,0
L6/21/fa.zst 0,0,4294967296,0,0,0
L6/21/fc.zst 0,0,4294967296,0,0,0
L6/21/fb.zst 0,0,4294967296,0,0,0
L6/21/ff.zst 0,0,4294967296,0,0,0
L6/21/fe.zst 0,0,4294967296,0,0,0
L6/21/ee.zst 0,0,0,0,0,4294967296
L6/21/ef.zst 0,0,0,0,0,4294967296
L6/22/01.zst 0,0,1660172415,530398692,576305259,1528090930
L6/21/f7.zst 0,0,4294967296,0,0,0
L6/22/03.zst 0,0,1660113568,530173129,576219318,1528461281
L6/22/02.zst 0,0,1666128059,524989714,576369365,1527480158
L6/22/08.zst 0,0,1660278963,529673810,576178248,1528836275
L6/22/0a.zst 0,0,1660196466,529808887,576214567,1528747376
L6/22/04.zst 0,0,1660609039,529511055,576170078,1528677124
L6/22/0b.zst 0,0,1660037124,529846170,576204566,1528879436
L6/22/0d.zst 0,0,1660072869,529968085,576218617,1528707725
L6/22/0e.zst 0,0,1660532147,529412424,576175536,1528847189
L6/22/05.zst 0,0,1660053980,530051162,576204827,1528657327
L6/22/10.zst 0,0,1889245409,531517882,576514832,1297689173
L6/22/06.zst 0,0,1660138940,529973312,576223670,1528631374
L6/22/12.zst 0,0,1660498323,514035935,563835826,1556597212
L6/22/0f.zst 0,0,1660028956,529918178,576138238,1528881924
L6/22/13.zst 0,0,1660420932,513570319,563835466,1557140579
L6/22/09.zst 0,0,1660036209,529852210,576183198,1528895679
L6/22/15.zst 0,0,1660399353,513110597,563561717,1557895629
L6/22/18.zst 0,0,1668803676,525954097,575357633,1524851890
L6/22/1a.zst 0,0,1661342738,529619165,576063391,1527942002
L6/22/1c.zst 0,0,1661246870,529727515,576382831,1527610080
L6/22/19.zst 0,0,1668809353,525767047,575479329,1524911567
L6/22/1e.zst 0,0,1668170780,525546687,577430852,1523818977
L6/22/1f.zst 0,0,1660650744,512662933,597546260,1524107359
L6/22/14.zst 0,0,1660510459,513740274,563658926,1557057637
L6/22/20.zst 0,0,1659925197,505919671,599155187,1529967241
L6/22/16.zst 0,0,1660384317,513174830,563628967,1557779182
L6/22/23.zst 0,0,1659716523,502073598,598283521,1534893654
L6/22/24.zst 0,0,1659785077,501516458,599227539,1534438222
L6/22/1b.zst 0,0,1661274043,527487008,575827304,1530378941
L6/22/22.zst 0,0,1660269868,504597832,598454372,1531645224
L6/22/26.zst 0,0,1659738417,500697444,598412712,1536118723
L6/22/29.zst 0,0,1659742454,498276426,597978414,1538970002
L6/22/2a.zst 0,0,1659719386,500330518,598015484,1536901908
L6/22/2f.zst 0,0,1659176184,501387405,598265246,1536138461
L6/22/2e.zst 0,0,1659272789,503911636,599299472,1532483399
L6/22/30.zst 0,0,1668236186,519645521,576846340,1530239249
L6/22/2c.zst 0,0,1659737074,499934869,599674289,1535621064
L6/22/25.zst 0,0,1659750295,501526338,598944029,1534746634
L6/22/28.zst 0,0,1659886332,499697401,598826442,1536557121
L6/22/32.zst 0,0,1814521354,529544014,580179222,1370722706
L6/22/33.zst 0,0,1668153430,538039736,573420324,1515353806
L6/22/34.zst 0,0,1668093136,533882345,573862309,1519129506
L6/22/2b.zst 0,0,1659695035,497310911,599201933,1538759417
L6/22/39.zst 0,0,1668138613,530428210,572094268,1524306205
L6/22/3b.zst 0,0,1668130890,529103434,572266991,1525465981
L6/22/35.zst 0,0,1668153843,532733159,573215685,1520864609
L6/22/3a.zst 0,0,1668150270,529935579,572395828,1524485619
L6/22/3e.zst 0,0,1668221709,525932429,572996823,1527816335
L6/22/3f.zst 0,0,1668185882,528019029,572499688,1526262697
L6/22/41.zst 0,0,1680950184,514222067,575926746,1523868299
L6/22/36.zst 0,0,1668166667,532461313,572642131,1521697185
L6/22/38.zst 0,0,1668187866,528475631,572366445,1525937354
L6/22/43.zst 0,0,1681244144,501472619,575097468,1537153065
L6/22/40.zst 0,0,1680607134,512228612,576750097,1525381453
L6/22/44.zst 0,0,1681272079,499339873,574966192,1539389152
L6/22/45.zst 0,0,1681603260,497758349,574912022,1540693665
L6/22/3c.zst 0,0,1668128504,526488876,573456167,1526893749
L6/22/49.zst 0,0,1896746275,543504544,588111049,1266605428
L6/22/4b.zst 0,0,1896745957,543767546,588312594,1266141199
L6/22/4c.zst 0,0,1896743900,543709622,588207574,1266306200
L6/22/4a.zst 0,0,1896742055,543595906,588149742,1266479593
L6/22/4f.zst 0,0,1896689098,543980751,588508440,1265789007
L6/22/50.zst 0,0,522093,2111791107,540092293,1642561803
L6/22/46.zst 0,0,1891516656,542980423,586849047,1273621170
L6/22/51.zst 0,0,60593,2191057180,576369365,1527480158
L6/22/54.zst 0,0,7229276,2267994532,530489600,1489253888
L6/22/55.zst 0,0,7274948,2268347708,523265024,1496079616
L6/22/48.zst 0,0,1896776258,543542338,588070803,1266577897
L6/22/52.zst 0,0,7292661,2292184331,534934784,1460555520
L6/22/4d.zst 0,0,1896737762,543554162,588294518,1266380854
L6/22/57.zst 0,0,1659121137,475473648,556313634,1604058877
L6/22/5a.zst 0,0,0,0,0,4294967296
L6/22/59.zst 0,0,0,0,0,4294967296
L6/22/5e.zst 0,0,0,0,0,4294967296
L6/22/60.zst 0,0,1658611006,463824255,553658964,1618873071
L6/22/61.zst 0,0,1658858248,442301385,556101628,1637706035
L6/22/5c.zst 0,0,0,0,0,4294967296
L6/22/56.zst 0,0,1659077370,480099233,557262677,1598528016
L6/22/62.zst 0,0,1658954770,435972825,547862502,1652177199
L6/22/63.zst 0,0,1659415422,437797095,548067343,1649687436
L6/22/65.zst 0,0,1659885468,442028723,550238626,1642814479
L6/22/5b.zst 0,0,0,0,0,4294967296
L6/22/5d.zst 0,0,0,0,0,4294967296
L6/22/69.zst 0,0,1668142519,498179566,569999696,1558645515
L6/22/68.zst 0,0,1668146751,493508929,568234238,1565077378
L6/22/6b.zst 0,0,1659752277,520951366,576436087,1537827566
L6/22/66.zst 0,0,1659709070,479028138,556336515,1599893573
L6/22/6e.zst 0,0,1659743958,524810443,576090976,1534321919
L6/22/6f.zst 0,0,1659795093,530008720,576957380,1528206103
L6/22/70.zst 0,0,4294967296,0,0,0
L6/22/72.zst 0,0,1668046428,524389820,577310851,1525220197
L6/22/67.zst 0,0,1659758989,479508661,556527307,1599172339
L6/22/73.zst 0,0,1922518790,525673032,545035408,1301740066
L6/22/74.zst 0,0,2362623611,460643611,468553097,1003146977
L6/22/75.zst 0,0,3031449291,375367598,304851119,583299288
L6/22/6c.zst 0,0,1659800027,522399399,576413827,1536354043
L6/22/79.zst 0,0,1922552356,525775099,544971170,1301668671
L6/22/6d.zst 0,0,1659796589,523604804,575765589,1535800314
L6/22/7b.zst 0,0,3031446942,375375309,304851168,583293877
L6/22/7a.zst 0,0,2362632898,460528602,468585809,1003219987
L6/22/7e.zst 0,0,1668034501,523505636,577225373,1526201786
L6/22/77.zst 0,0,4294967296,0,0,0
L6/22/80.zst 0,0,1664568577,524338535,576758894,1529301290
L6/22/82.zst 0,0,1659811990,529680484,576264212,1529210610
L6/22/83.zst 0,0,1659428845,529919982,576424701,1529193768
L6/22/78.zst 0,0,1668040976,524449956,577000229,1525476135
L6/22/85.zst 0,0,1665265584,521349504,577330517,1531021691
L6/22/84.zst 0,0,1661552511,525630861,577069960,1530713964
L6/22/87.zst 0,0,1668320786,520244183,576481256,1529921071
L6/22/88.zst 0,0,1659804826,528156666,576103354,1530902450
L6/22/7d.zst 0,0,4294967296,0,0,0
L6/22/7f.zst 0,0,1922670464,519442719,546061044,1306793069
L6/22/8a.zst 0,0,1661548923,523792734,576695333,1532930306
L6/22/8e.zst 0,0,1659791302,517067809,572874975,1545233210
L6/22/8d.zst 0,0,1668307155,508959076,573224623,1544476442
L6/22/91.zst 0,0,13138135,1954992974,588640517,1738195670
L6/22/8c.zst 0,0,1664431141,520391220,576487454,1533657481
L6/22/93.zst 0,0,14651993,1986209233,577604833,1716501237
L6/22/94.zst 0,0,14897032,2004786429,571085417,1704198418
L6/22/89.zst 0,0,1659421668,528362424,576246659,1530936545
L6/22/95.zst 0,0,15435243,2006831480,574648992,1698051581
L6/22/98.zst 0,0,0,0,0,4294967296
L6/22/99.zst 0,0,0,0,0,4294967296
L6/22/8f.zst 0,0,1659464782,513734419,571514625,1550253470
L6/22/9b.zst 0,0,0,0,0,4294967296
L6/22/90.zst 0,0,13412452,2150876411,569689279,1560989154
L6/22/96.zst 0,0,1666543385,494441580,568913651,1565068680
L6/22/9d.zst 0,0,0,0,0,4294967296
L6/22/9e.zst 0,0,0,0,0,4294967296
L6/22/a0.zst 0,0,13407191,2127110365,555545887,1598903853
L6/22/a4.zst 0,0,14931508,1973757235,509118717,1797159836
L6/22/a5.zst 0,0,15576320,1971543096,504133106,1803714774
L6/22/a2.zst 0,0,13342570,1908008079,526754364,1846862283
L6/22/9a.zst 0,0,0,0,0,4294967296
L6/22/a6.zst 0,0,1658156379,458264313,549444784,1629101820
L6/22/a8.zst 0,0,0,0,0,4294967296
L6/22/a9.zst 0,0,0,0,0,4294967296
L6/22/ac.zst 0,0,0,0,0,4294967296
L6/22/9f.zst 0,0,0,0,0,4294967296
L6/22/a1.zst 0,0,13134125,2125757088,555605999,1600470084
L6/22/ae.zst 0,0,0,0,0,4294967296
L6/22/aa.zst 0,0,0,0,0,4294967296
L6/22/af.zst 0,0,0,0,0,4294967296
L6/22/b0.zst 0,0,1667618819,492321417,568077650,1566949410
L6/22/b4.zst 0,0,1667128874,470737662,567283875,1589816885
L6/22/ab.zst 0,0,0,0,0,4294967296
L6/22/b6.zst 0,0,1666888103,461857251,563018216,1603203726
L6/22/b7.zst 0,0,1667603502,485356104,568464751,1573542939
L6/22/b9.zst 0,0,1667688408,493220977,569640774,1564417137
L6/22/b5.zst 0,0,1666860065,471834611,564913412,1591359208
L6/22/bc.zst 0,0,1667652613,492433675,575265244,1559615764
L6/22/bb.zst 0,0,1667456931,505855519,575983528,1545671318
L6/22/b1.zst 0,0,1667655140,488143435,567773238,1571395483
L6/22/b2.zst 0,0,1667533647,467944699,581322173,1578166777
L6/22/be.zst 0,0,1667418162,485138213,571721219,1570689702
L6/22/c0.zst 0,0,1667433145,511058744,579890016,1536585391
L6/22/c1.zst 0,0,1667498491,484085072,580636607,1562747126
L6/22/bf.zst 0,0,1668143655,507828773,574934193,1544060675
L6/22/c5.zst 0,0,1668113789,494072691,576218908,1556561908
L6/22/ba.zst 0,0,1668056643,489441099,589066473,1548403081
L6/22/c6.zst 0,0,1668176867,498352357,596901469,1531536603
L6/22/c7.zst 0,0,1668168152,498611666,597196645,1530990833
L6/22/ca.zst 0,0,1668159677,497927229,597118295,1531762095
L6/22/c8.zst 0,0,1668196297,498031000,597151108,1531588891
L6/22/cc.zst 0,0,1668218272,497162690,598100331,1531486003
L6/22/cd.zst 0,0,1668147332,497388068,598353740,1531078156
L6/22/c2.zst 0,0,1667967133,491979756,573824916,1561195491
L6/22/ce.zst 0,0,1668192594,496726350,599353352,1530695000
L6/22/c3.zst 0,0,1667928537,493057795,574197046,1559783918
L6/22/d1.zst 0,0,0,0,2764266971,1530700325
L6/22/d2.zst 0,0,0,0,2764160871,1530806425
L6/22/d4.zst 0,0,0,0,2763750857,1531216439
L6/22/d0.zst 0,0,0,0,2764524033,1530443263
L6/22/d7.zst 0,0,0,0,2764141298,1530825998
L6/22/cb.zst 0,0,1668201164,497390255,597911933,1531463944
L6/22/d9.zst 0,0,0,0,2763739827,1531227469
L6/22/d8.zst 0,0,0,0,2763744512,1531222784
L6/22/dc.zst 0,0,0,0,2763442190,1531525106
L6/22/de.zst 0,0,0,0,2763601780,1531365516
L6/22/df.zst 0,0,0,0,2764119990,1530847306
L6/22/d3.zst 0,0,0,0,2763983003,1530984293
L6/22/d6.zst 0,0,0,0,2763973034,1530994262
L6/22/db.zst 0,0,0,0,2763900211,1531067085
L6/22/e1.zst 0,0,14133925,2179675465,576698512,1524459394
L6/22/e2.zst 0,0,236149495,1607430327,634863205,1816524269
L6/22/e3.zst 0,0,262591118,1625803513,613982448,1792590217
L6/22/e8.zst 0,0,0,0,0,4294967296
L6/22/dd.zst 0,0,0,0,2763773866,1531193430
L6/22/e7.zst 0,0,1666550244,473345382,562441208,1592630462
L6/22/e9.zst 0,0,0,0,0,4294967296
L6/22/eb.zst 0,0,0,0,0,4294967296
L6/22/ec.zst 0,0,0,0,0,4294967296
L6/22/ef.zst 0,0,0,0,0,4294967296
L6/22/f1.zst 0,0,4294967296,0,0,0
L6/22/e4.zst 0,0,265950561,1645642310,605503356,1777871069
L6/22/e6.zst 0,0,1666546735,476563951,563248974,1588607636
L6/22/f3.zst 0,0,4294967296,0,0,0
L6/22/ee.zst 0,0,0,0,0,4294967296
L6/22/f4.zst 0,0,4294967296,0,0,0
L6/22/f5.zst 0,0,4294967296,0,0,0
L6/22/f9.zst 0,0,4294967296,0,0,0
L6/22/fb.zst 0,0,4294967296,0,0,0
L6/22/fa.zst 0,0,4294967296,0,0,0
L6/22/fd.zst 0,0,4294967296,0,0,0
L6/22/ed.zst 0,0,0,0,0,4294967296
L6/22/fe.zst 0,0,4294967296,0,0,0
L6/23/00.zst 0,0,1663519699,531053236,576546344,1523848017
L6/22/f6.zst 0,0,4294967296,0,0,0
L6/22/f7.zst 0,0,4294967296,0,0,0
L6/23/02.zst 0,0,1660069639,529714140,576028532,1529154985
L6/23/05.zst 0,0,1660080528,529416442,576047579,1529422747
L6/23/01.zst 0,0,1660217198,529890286,576099104,1528760708
L6/23/06.zst 0,0,1660085186,529436074,576074547,1529371489
L6/23/0a.zst 0,0,1660403816,528945091,576095818,1529522571
L6/23/0b.zst 0,0,1660755943,528594639,576119907,1529496807
L6/23/0d.zst 0,0,1660232500,529212049,576146630,1529376117
L6/23/10.zst 0,0,1889153748,531563948,576567997,1297681603
L6/23/0f.zst 0,0,1660084751,529356401,575929340,1529596804
L6/23/04.zst 0,0,1660111143,529497632,576069477,1529289044
L6/23/0c.zst 0,0,1660126727,529338944,576078317,1529423308
L6/23/11.zst 0,0,1660465277,514345820,563744929,1556411270
L6/23/07.zst 0,0,1660024493,529418514,576144577,1529379712
L6/23/08.zst 0,0,1660055840,529305856,576087804,1529517796
L6/23/13.zst 0,0,1660402738,513643150,563808485,1557112923
L6/23/14.zst 0,0,1660407191,513893422,563627231,1557039452
L6/23/17.zst 0,0,1660371299,512207317,564967512,1557421168
L6/23/1b.zst 0,0,1661271359,527651257,575870618,1530174062
L6/23/16.zst 0,0,1660338396,513076994,563363445,1558188461
L6/23/1c.zst 0,0,1661217531,529692706,576355717,1527701342
L6/23/1d.zst 0,0,1661152928,527724039,578229250,1527861079
L6/23/1f.zst 0,0,1660652087,512672675,597197844,1524444690
L6/23/15.zst 0,0,1660362596,513120556,563647297,1557836847
L6/23/21.zst 0,0,1659866445,505273076,598591168,1531236607
L6/23/22.zst 0,0,1659835387,501714156,598348746,1535069007
L6/23/20.zst 0,0,1659839474,505460181,598862127,1530805514
L6/23/18.zst 0,0,1668795343,526184533,575473591,1524513829
L6/23/19.zst 0,0,1668770754,525870061,575355224,1524971257
L6/23/24.zst 0,0,1659823476,502032402,598548558,1534562860
L6/23/26.zst 0,0,1659700392,501115838,597726020,1536425046
L6/23/27.zst 0,0,1659679862,499197920,598848124,1537241390
L6/23/2c.zst 0,0,1659720133,500744583,599944770,1534557810
L6/23/2e.zst 0,0,1659010994,500747971,599013340,1536194991
L6/23/2d.zst 0,0,1659252445,503108598,599208905,1533397348
L6/23/28.zst 0,0,1659765352,498971050,598144942,1538085952
L6/23/30.zst 0,0,1668273630,519106483,576602988,1530984195
L6/23/25.zst 0,0,1659732750,500873164,598302295,1536059087
L6/23/31.zst 0,0,1667856883,519134515,577016946,1530958952
L6/23/32.zst 0,0,1668220960,520467973,575827694,1530450669
L6/23/29.zst 0,0,1659689429,500825509,597953576,1536498782
L6/23/35.zst 0,0,1668063124,533691978,573569902,1519642292
L6/23/2b.zst 0,0,1659688924,499487311,599466209,1536324852
L6/23/33.zst 0,0,1814597899,529374162,580140132,1370855103
L6/23/37.zst 0,0,1668152757,532431069,572542192,1521841278
L6/23/38.zst 0,0,1668158480,531316533,573260641,1522231642
L6/23/3b.zst 0,0,1668134801,529797399,572259607,1524775489
L6/23/3e.zst 0,0,1668236169,525517926,572184687,1529028514
L6/23/3f.zst 0,0,1668107531,526080258,572984897,1527794610
L6/23/41.zst 0,0,1680946409,514184226,575767975,1524068686
L6/23/3d.zst 0,0,1668116261,526286889,573370952,1527193194
L6/23/42.zst 0,0,1681211455,503390042,575190008,1535175791
L6/23/36.zst 0,0,1668057434,532864666,573270033,1520775163
L6/23/43.zst 0,0,1681217389,501217727,574802048,1537730132
L6/23/45.zst 0,0,1681594749,497484980,574611217,1541276350
L6/23/3a.zst 0,0,1668143843,530089120,572096271,1524638062
L6/23/3c.zst 0,0,1668128332,529055574,572467423,1525315967
L6/23/47.zst 0,0,1891502004,542689378,586975838,1273800076
L6/23/46.zst 0,0,1891510110,542940428,586905040,1273611718
L6/23/49.zst 0,0,1896746538,543431542,588193498,1266595718
L6/23/4b.zst 0,0,1896743586,543709963,588340397,1266173350
L6/23/4e.zst 0,0,1896732032,543670513,588294218,1266270533
L6/23/52.zst 0,0,7210882,2269089918,528579072,1490087424
L6/23/50.zst 0,0,187624,2105603173,539854594,1649321905
L6/23/53.zst 0,0,7278732,2276667252,537530368,1473490944
L6/23/48.zst 0,0,1896793757,543454913,588127894,1266590732
L6/23/4f.zst 0,0,1896686902,543870685,588562301,1265847408
L6/23/55.zst 0,0,7365915,2276633061,522287872,1488680448
L6/23/4c.zst 0,0,1896761990,543606773,588262883,1266335650
L6/23/56.zst 0,0,1659056519,478929932,556936566,1600044279
L6/23/4d.zst 0,0,1896733618,543568939,588328275,1266336464
L6/23/57.zst 0,0,1659111883,474734535,556126129,1604994749
L6/23/5a.zst 0,0,0,0,0,4294967296
L6/23/5d.zst 0,0,0,0,0,4294967296
L6/23/5f.zst 0,0,0,0,0,4294967296
L6/23/59.zst 0,0,0,0,0,4294967296
L6/23/60.zst 0,0,1658866789,461093513,552828995,1622177999
L6/23/62.zst 0,0,1658946061,433424904,546088028,1656508303
L6/23/63.zst 0,0,1659433147,438709990,548721913,1648102246
L6/23/58.zst 0,0,0,0,0,4294967296
L6/23/65.zst 0,0,1659895789,440079187,548608115,1646384205
L6/23/64.zst 0,0,1659693206,439815466,548620562,1646838062
L6/23/5c.zst 0,0,0,0,0,4294967296
L6/23/67.zst 0,0,1659742190,478973805,556346417,1599904884
L6/23/68.zst 0,0,1668131143,493007473,568097997,1565730683
L6/23/5e.zst 0,0,0,0,0,4294967296
L6/23/6a.zst 0,0,1659781141,519689437,576394558,1539102160
L6/23/6f.zst 0,0,1659780870,529600764,576579125,1529006537
L6/23/6e.zst 0,0,1659730315,524112739,575720766,1535403476
L6/23/6c.zst 0,0,1659786521,521966160,576268773,1536945842
L6/23/71.zst 0,0,4294967296,0,0,0
L6/23/73.zst 0,0,1922419845,525274162,544481553,1302791736
L6/23/74.zst 0,0,2361861089,460148814,468720354,1004237039
L6/23/69.zst 0,0,1668126984,497925096,570021534,1558893682
L6/23/76.zst 0,0,4294967296,0,0,0
L6/23/78.zst 0,0,1667996835,524125542,576916226,1525928693
L6/23/6d.zst 0,0,1659783178,523433073,575358826,1536392219
L6/23/79.zst 0,0,1922460133,525485346,544462406,1302559411
L6/23/70.zst 0,0,4294967296,0,0,0
L6/23/75.zst 0,0,3031444613,375259542,304761139,583502002
L6/23/7b.zst 0,0,3031448350,375260981,304761284,583496681
L6/23/7c.zst 0,0,4294967296,0,0,0
L6/23/7f.zst 0,0,1922578916,519144323,545551813,1307692244
L6/23/82.zst 0,0,1659786452,528937893,576012002,1530230949
L6/23/83.zst 0,0,1659184751,529411828,576166676,1530204041
L6/23/85.zst 0,0,1665029265,520863722,577011722,1532062587
L6/23/81.zst 0,0,1668226709,520348874,576310373,1530081340
L6/23/7a.zst 0,0,2361860587,460206851,468744265,1004155593
L6/23/87.zst 0,0,1668177457,519503199,576272764,1531013876
L6/23/86.zst 0,0,1664344000,523076007,576479838,1531067451
L6/23/7e.zst 0,0,1667999079,523130607,576746060,1527091550
L6/23/89.zst 0,0,1659170131,527954315,576023394,1531819456
L6/23/80.zst 0,0,1664435069,523585486,576482906,1530463835
L6/23/8c.zst 0,0,1664338119,519839319,576160772,1534629086
L6/23/8d.zst 0,0,1668192841,508312173,573123602,1545338680
L6/23/8a.zst 0,0,1661117639,523347551,576633779,1533868327
L6/23/90.zst 0,0,13410973,2149767522,569220167,1562568634
L6/23/92.zst 0,0,13423272,1953445281,588438969,1739659774
L6/23/93.zst 0,0,14654156,1984699561,577509857,1718103722
L6/23/96.zst 0,0,1666521760,493693543,568644649,1566107344
L6/23/8b.zst 0,0,1665031501,517957629,576872665,1535105501
L6/23/97.zst 0,0,1666526372,490084706,567739896,1570616322
L6/23/98.zst 0,0,0,0,0,4294967296
L6/23/95.zst 0,0,15440802,2005322253,574301986,1699902255
L6/23/9a.zst 0,0,0,0,0,4294967296
L6/23/8f.zst 0,0,1659220968,513438967,571431493,1550875868
L6/23/9c.zst 0,0,0,0,0,4294967296
L6/23/9d.zst 0,0,0,0,0,4294967296
L6/23/91.zst 0,0,13153404,1953715149,588438969,1739659774
L6/23/a0.zst 0,0,13412998,2124974898,556264784,1600314616
L6/23/9e.zst 0,0,0,0,0,4294967296
L6/23/a2.zst 0,0,13354884,1906302686,526802100,1848507626
L6/23/a3.zst 0,0,14381142,1945800164,513487085,1821298905
L6/23/a6.zst 0,0,1658130949,457340439,549182041,1630313867
L6/23/a8.zst 0,0,0,0,0,4294967296
L6/23/9b.zst 0,0,0,0,0,4294967296
L6/23/a9.zst 0,0,0,0,0,4294967296
L6/23/a7.zst 0,0,1658177490,454797014,548465521,1633527271
L6/23/a1.zst 0,0,13136334,2123505596,555699313,1602626053
L6/23/ab.zst 0,0,0,0,0,4294967296
L6/23/ac.zst 0,0,0,0,0,4294967296
L6/23/ae.zst 0,0,0,0,0,4294967296
L6/23/a4.zst 0,0,14940649,1972114220,509037037,1798875390
L6/23/b2.zst 0,0,1667023480,479695604,569597845,1578650367
L6/23/b3.zst 0,0,1666803340,461026309,560298714,1606838933
L6/23/b4.zst 0,0,1666908950,475830699,567364341,1584863306
L6/23/b0.zst 0,0,1667603591,491555021,567650987,1568157697
L6/23/b7.zst 0,0,1666815525,466909011,561942102,1599300658
L6/23/b8.zst 0,0,1667679862,493221877,568183715,1565881842
L6/23/ad.zst 0,0,0,0,0,4294967296
L6/23/b9.zst 0,0,1667652932,490897756,569298036,1567118572
L6/23/b1.zst 0,0,1667621065,485734648,567276261,1574335322
L6/23/bd.zst 0,0,1667306651,475207007,577669397,1574784241
L6/23/bc.zst 0,0,1667435495,498023372,575772599,1553735830
L6/23/bf.zst 0,0,1667348010,490944733,570897823,1565776730
L6/23/bb.zst 0,0,1667329898,482833377,569019996,1575784025
L6/23/b5.zst 0,0,1666778944,453339827,568751319,1606097206
L6/23/c2.zst 0,0,1668602540,491374348,574162858,1560827550
L6/23/c4.zst 0,0,1668057767,492347946,575262941,1559298642
L6/23/c3.zst 0,0,1667949645,492179384,574487378,1560350889
L6/23/c8.zst 0,0,1668224578,497453806,596980166,1532308746
L6/23/c9.zst 0,0,1668193949,497330750,597079525,1532363072
L6/23/be.zst 0,0,1666803060,482525552,575405529,1570233155
L6/23/ca.zst 0,0,1668186429,497215015,597189690,1532376162
L6/23/c5.zst 0,0,1668114414,493122688,575888937,1557841257
L6/23/cc.zst 0,0,1668145266,496658738,598203080,1531960212
L6/23/c1.zst 0,0,1667885577,477118809,578169780,1571793130
L6/23/cd.zst 0,0,1668185316,496156580,598862507,1531762893
L6/23/cf.zst 0,0,1668183610,493020019,602501554,1531262113
L6/23/c6.zst 0,0,1668184392,497615388,596749159,1532418357
L6/23/d2.zst 0,0,0,0,2763110417,1531856879
L6/23/d0.zst 0,0,0,0,2763129016,1531838280
L6/23/d4.zst 0,0,0,0,2763042396,1531924900
L6/23/d5.zst 0,0,0,0,2763003571,1531963725
L6/23/d8.zst 0,0,0,0,2762740958,1532226338
L6/23/da.zst 0,0,0,0,2762927820,1532039476
L6/23/ce.zst 0,0,1668175896,495952232,599057290,1531781878
L6/23/db.zst 0,0,0,0,2763030668,1531936628
L6/23/d9.zst 0,0,0,0,2762900813,1532066483
L6/23/dd.zst 0,0,0,0,2762929385,1532037911
L6/23/de.zst 0,0,0,0,2762580993,1532386303
L6/23/d3.zst 0,0,0,0,2763054614,1531912682
L6/23/e1.zst 0,0,14124479,2179386305,576677188,1524779324
L6/23/d7.zst 0,0,0,0,2763406323,1531560973
L6/23/e3.zst 0,0,262166854,1625048858,613957007,1793794577
L6/23/e4.zst 0,0,265652537,1645194591,605290944,1778829224
L6/23/e2.zst 0,0,236158347,1607173936,634323710,1817311303
L6/23/e7.zst 0,0,1666533867,472752043,562096612,1593584774
L6/23/e9.zst 0,0,0,0,0,4294967296
L6/23/ea.zst 0,0,0,0,0,4294967296
L6/23/df.zst 0,0,0,0,2762570453,1532396843
L6/23/ed.zst 0,0,0,0,0,4294967296
L6/23/ee.zst 0,0,0,0,0,4294967296
L6/23/ef.zst 0,0,0,0,0,4294967296
L6/23/eb.zst 0,0,0,0,0,4294967296
L6/23/e5.zst 0,0,274014589,1641143381,604120534,1775688792
L6/23/f3.zst 0,0,4294967296,0,0,0
L6/23/f2.zst 0,0,4294967296,0,0,0
L6/23/f4.zst 0,0,4294967296,0,0,0
L6/23/e8.zst 0,0,0,0,0,4294967296
L6/23/f6.zst 0,0,4294967296,0,0,0
L6/23/f8.zst 0,0,4294967296,0,0,0
L6/23/fb.zst 0,0,4294967296,0,0,0
L6/23/f9.zst 0,0,4294967296,0,0,0
L6/23/f0.zst 0,0,4294967296,0,0,0
L6/23/ff.zst 0,0,4294967296,0,0,0
L6/23/fd.zst 0,0,4294967296,0,0,0
L6/23/f7.zst 0,0,4294967296,0,0,0
L6/24/00.zst 0,0,1664328335,531164387,576223557,1523251017
L6/24/01.zst 0,0,1660220422,530685329,575667900,1528393645
L6/24/04.zst 0,0,1666651044,524495282,575689853,1528131117
L6/23/fc.zst 0,0,4294967296,0,0,0
L6/24/07.zst 0,0,1660141661,530260320,575672911,1528892404
L6/24/08.zst 0,0,1660276908,530069114,575669666,1528951608
L6/24/05.zst 0,0,1660188632,530223385,575608940,1528946339
L6/24/0a.zst 0,0,1660376977,529966283,575658229,1528965807
L6/24/0c.zst 0,0,1660435143,529861062,575600114,1529070977
L6/24/02.zst 0,0,1660214104,530313347,575811025,1528628820
L6/24/0e.zst 0,0,1660218491,530166096,575696733,1528885976
L6/24/10.zst 0,0,1889736514,530950188,576513060,1297767534
L6/24/11.zst 0,0,1661273092,513359071,563658266,1556676867
L6/24/06.zst 0,0,1660214304,530035355,575674060,1529043577
L6/24/0f.zst 0,0,1660171217,530131310,575536278,1529128491
L6/24/14.zst 0,0,1660609317,513612180,563629020,1557116779
L6/24/15.zst 0,0,1660563162,512870609,563550092,1557983433
L6/24/0b.zst 0,0,1660140247,530201023,575665938,1528960088
L6/24/16.zst 0,0,1660504618,512799093,563657715,1558005870
L6/24/1a.zst 0,0,1661509063,529176208,576008941,1528273084
L6/24/1b.zst 0,0,1661369924,527479258,575965127,1530152987
L6/24/1d.zst 0,0,1661202622,527395441,578356231,1528013002
L6/24/19.zst 0,0,1669027539,525461481,575372336,1525105940
L6/24/12.zst 0,0,1661250741,512932870,563809362,1556974323
L6/24/20.zst 0,0,1660004053,505957470,598635194,1530370579
L6/24/1f.zst 0,0,1660691104,512435012,597412476,1524428704
L6/24/21.zst 0,0,1659831705,502227290,598407019,1534501282
L6/24/17.zst 0,0,1660529902,512002256,564725848,1557709290
L6/24/25.zst 0,0,1659755859,500189934,597627827,1537393676
L6/24/26.zst 0,0,1659699412,499433852,598835911,1536998121
L6/24/22.zst 0,0,1659926914,501459006,598987708,1534593668
L6/24/27.zst 0,0,1659691162,499251077,598175657,1537849400
L6/24/1c.zst 0,0,1661305985,529375449,576325001,1527960861
L6/24/2a.zst 0,0,1659746522,499828861,599426572,1535965341
L6/24/2b.zst 0,0,1659734317,500326970,599735548,1535170461
L6/24/2d.zst 0,0,1659027324,499973976,598457156,1537508840
L6/24/23.zst 0,0,1659818390,501713787,598338308,1535096811
L6/24/30.zst 0,0,1668417001,519426071,576221832,1530902392
L6/24/2c.zst 0,0,1659083984,503035171,599308803,1533539338
L6/24/31.zst 0,0,1667889711,519106344,575843056,1532128185
L6/24/32.zst 0,0,1667842232,519183472,576367697,1531573895
L6/24/35.zst 0,0,1668193299,537883842,573359118,1515531037
L6/24/28.zst 0,0,1659781882,501274686,598345102,1535565626
L6/24/37.zst 0,0,1668215604,532629086,573336917,1520785689
L6/24/38.zst 0,0,1668086332,532429398,572386095,1522065471
L6/24/2e.zst 0,0,1658805053,500337046,598674150,1537151047
L6/24/3a.zst 0,0,1668165889,527904337,572534815,1526362255
L6/24/36.zst 0,0,1668156692,533704143,573741985,1519364476
L6/24/3c.zst 0,0,1668162766,529796377,572310028,1524698125
L6/24/3d.zst 0,0,1667885320,529020584,572490722,1525570670
L6/24/40.zst 0,0,1680909374,512003904,576251453,1525802565
L6/24/34.zst 0,0,1814534554,529490200,580013928,1370928614
L6/24/42.zst 0,0,1681295956,503307171,575052851,1535311318
L6/24/43.zst 0,0,1681260189,500683084,574560387,1538463636
L6/24/41.zst 0,0,1680957777,514101595,575475633,1524432291
L6/24/44.zst 0,0,1681268264,498813985,574453501,1540431546
L6/24/3b.zst 0,0,1668154810,529991001,571987841,1524833644
L6/24/48.zst 0,0,1896781557,543381108,588055245,1266749386
L6/24/47.zst 0,0,1891532382,542592581,586933810,1273908523
L6/24/4a.zst 0,0,1896770041,543437513,588122444,1266637298
L6/24/3e.zst 0,0,1668232688,525908521,573077557,1527748530
L6/24/4d.zst 0,0,1896760251,543453124,588280428,1266473493
L6/24/49.zst 0,0,1896771749,543303771,588116277,1266775499
L6/24/4e.zst 0,0,1896764401,543587617,588233247,1266382031
L6/24/4f.zst 0,0,1896711843,543741683,588519493,1265994277
L6/24/46.zst 0,0,1891538506,542872375,586853870,1273702545
L6/24/52.zst 0,0,7294271,2279953857,527193856,1480525312
L6/24/55.zst 0,0,7320771,2262963261,528203264,1496480000
L6/24/54.zst 0,0,7246576,2260894224,542138880,1484687616
L6/24/4c.zst 0,0,1896769794,543556397,588215863,1266425242
L6/24/53.zst 0,0,7249917,2266364931,534219520,1487132928
L6/24/58.zst 0,0,0,0,0,4294967296
L6/24/59.zst 0,0,0,0,0,4294967296
L6/24/5a.zst 0,0,0,0,0,4294967296
L6/24/50.zst 0,0,1088996,2112907559,540865273,1640105468
L6/24/5e.zst 0,0,0,0,0,4294967296
L6/24/5f.zst 0,0,0,0,0,4294967296
L6/24/60.zst 0,0,1658572857,445041391,545651703,1645701345
L6/24/5d.zst 0,0,0,0,0,4294967296
L6/24/57.zst 0,0,1659232224,475082432,556050196,1604602444
L6/24/63.zst 0,0,1659408091,435706708,547199181,1652653316
L6/24/64.zst 0,0,1659677449,437251195,547843208,1650195444
L6/24/65.zst 0,0,1659851661,439358533,548209561,1647547541
L6/24/5c.zst 0,0,0,0,0,4294967296
L6/24/69.zst 0,0,1668256648,498600511,569599922,1558510215
L6/24/6a.zst 0,0,1659901811,520457156,576091476,1538516853
L6/24/67.zst 0,0,1659853684,479448181,556213215,1599452216
L6/24/6b.zst 0,0,1659857183,521134051,576015770,1537960292
L6/24/62.zst 0,0,1658967448,431792870,546385774,1657821204
L6/24/6e.zst 0,0,1659851541,524728477,575346045,1535041233
L6/24/6f.zst 0,0,1659900413,530247391,576404715,1528414777
L6/24/72.zst 0,0,1668154979,524634502,576496485,1525681330
L6/24/68.zst 0,0,1668260526,493881756,567887093,1564937921
L6/24/74.zst 0,0,2362217737,460277295,468685997,1003786267
L6/24/75.zst 0,0,3031454763,375219713,304839630,583453190
L6/24/70.zst 0,0,4294967296,0,0,0
L6/24/76.zst 0,0,4294967296,0,0,0
L6/24/6d.zst 0,0,1659905023,524045950,574960881,1536055442
L6/24/79.zst 0,0,1922545846,525919948,544350012,1302151490
L6/24/7a.zst 0,0,2362217996,460159900,468730818,1003858582
L6/24/7c.zst 0,0,4294967296,0,0,0
L6/24/73.zst 0,0,1922550376,525683292,544418489,1302315139
L6/24/7f.zst 0,0,1922670007,519550857,545628822,1307117610
L6/24/80.zst 0,0,1664788774,524203140,576130426,1529844956
L6/24/7b.zst 0,0,3031457233,375221428,304839740,583448895
L6/24/81.zst 0,0,1668544240,520544298,576100998,1529777760
L6/24/78.zst 0,0,1668158447,524989226,576513544,1525306079
L6/24/84.zst 0,0,1661032496,526231581,576449438,1531253781
L6/24/85.zst 0,0,1664962884,521430887,576687792,1531885733
L6/24/87.zst 0,0,1668526163,520069516,575840734,1530530883
L6/24/7e.zst 0,0,1668149360,523744356,576429065,1526644515
L6/24/8a.zst 0,0,1661020365,523855180,576195654,1533896097
L6/24/86.zst 0,0,1664634378,523478816,576086026,1530768076
L6/24/8b.zst 0,0,1664954661,518758544,576549830,1534704261
L6/24/8c.zst 0,0,1664665752,520470337,575836530,1533994677
L6/24/82.zst 0,0,1659912539,529483085,575632365,1529939307
L6/24/8f.zst 0,0,1659463655,514049247,570968569,1550485825
L6/24/91.zst 0,0,13135824,1953837604,588314748,1739679120
L6/24/90.zst 0,0,13416198,2148949568,569387009,1563214521
L6/24/92.zst 0,0,13413244,1953560184,588314748,1739679120
L6/24/94.zst 0,0,14893539,2003903423,570891744,1705278590
L6/24/89.zst 0,0,1659417880,528613683,575648277,1531287456
L6/24/96.zst 0,0,1666647750,494591725,568378988,1565348833
L6/24/98.zst 0,0,0,0,0,4294967296
L6/24/99.zst 0,0,0,0,0,4294967296
L6/24/9c.zst 0,0,0,0,0,4294967296
L6/24/8d.zst 0,0,1668560110,508944009,572792770,1544670407
L6/24/97.zst 0,0,1666646718,490669169,567449850,1570201559
L6/24/9d.zst 0,0,0,0,0,4294967296
L6/24/9e.zst 0,0,0,0,0,4294967296
L6/24/a0.zst 0,0,13412628,2124444193,555888906,1601221569
L6/24/93.zst 0,0,14651938,1984972041,577305349,1718037968
L6/24/a3.zst 0,0,14371902,1946232526,513151805,1821211063
L6/24/a4.zst 0,0,14928379,1971867058,508744779,1799427080
L6/24/a6.zst 0,0,1658251705,458169598,548738852,1629807141
L6/24/9b.zst 0,0,0,0,0,4294967296
L6/24/a2.zst 0,0,13346055,1906998868,526716012,1847906361
L6/24/a8.zst 0,0,0,0,0,4294967296
L6/24/a9.zst 0,0,0,0,0,4294967296
L6/24/ab.zst 0,0,0,0,0,4294967296
L6/24/a1.zst 0,0,13134726,2124002453,555723161,1602106956
L6/24/ae.zst 0,0,0,0,0,4294967296
L6/24/af.zst 0,0,0,0,0,4294967296
L6/24/ad.zst 0,0,0,0,0,4294967296
L6/24/b1.zst 0,0,1667616554,485524353,567360983,1574465406
L6/24/a7.zst 0,0,1658301276,455245411,548118651,1633301958
L6/24/b4.zst 0,0,1666862877,468871521,563001091,1596231807
L6/24/b3.zst 0,0,1667120679,467340296,577156606,1583349715
L6/24/b7.zst 0,0,1667600025,480328665,566805152,1580233454
L6/24/ac.zst 0,0,0,0,0,4294967296
L6/24/b5.zst 0,0,1666898498,473339131,566764166,1587965501
L6/24/b9.zst 0,0,1667646307,490000585,569592352,1567728052
L6/24/bc.zst 0,0,1667389190,491443538,571454644,1564679924
L6/24/ba.zst 0,0,1667475296,506052668,577034044,1544405288
L6/24/b2.zst 0,0,1666951903,484104712,569278693,1574631988
L6/24/bf.zst 0,0,1668132432,504482979,575338001,1547013884
L6/24/c0.zst 0,0,1667422663,511025067,580868966,1535650600
L6/24/c2.zst 0,0,1667891794,493644435,573961050,1559470017
L6/24/be.zst 0,0,1668111529,504771315,576512204,1545572248
L6/24/b8.zst 0,0,1667804747,494144200,568210383,1564807966
L6/24/c4.zst 0,0,1667966670,491129266,574282569,1561588791
L6/24/c5.zst 0,0,1668138095,492535086,575202639,1559091476
L6/24/c7.zst 0,0,1668264451,498565140,596310104,1531827601
L6/24/bd.zst 0,0,1667424534,495668547,575200211,1556674004
L6/24/cb.zst 0,0,1668258913,497617851,597548027,1531542505
L6/24/ca.zst 0,0,1668307858,497918732,596928358,1531812348
L6/24/c8.zst 0,0,1668310152,497939871,596655423,1532061850
L6/24/cd.zst 0,0,1668297806,497193598,598294002,1531181890
L6/24/c3.zst 0,0,1667817761,492928357,573772310,1560448868
L6/24/cf.zst 0,0,1668312030,493939240,601755254,1530960772
L6/24/d0.zst 0,0,0,0,2763561360,1531405936
L6/24/d3.zst 0,0,0,0,2763749228,1531218068
L6/24/c9.zst 0,0,1668323418,498067308,596604820,1531971750
L6/24/d5.zst 0,0,0,0,2763633874,1531333422
L6/24/d6.zst 0,0,0,0,2763662315,1531304981
L6/24/d2.zst 0,0,0,0,2763234825,1531732471
L6/24/d8.zst 0,0,0,0,2763497562,1531469734
L6/24/ce.zst 0,0,1668303731,496813309,598544116,1531306140
L6/24/da.zst 0,0,0,0,2763225591,1531741705
L6/24/db.zst 0,0,0,0,2763608342,1531358954
L6/24/de.zst 0,0,0,0,2762968887,1531998409
L6/24/d4.zst 0,0,0,0,2763691057,1531276239
L6/24/e0.zst 0,0,86999025,1024816622,1650847734,1532303915
L6/24/e1.zst 0,0,14132198,2179607252,576501016,1524726830
L6/24/dd.zst 0,0,0,0,2763659994,1531307302
L6/24/e3.zst 0,0,262171973,1625236127,613409916,1794149280
L6/24/e5.zst 0,0,274144493,1641743546,604006533,1775072724
L6/24/e6.zst 0,0,1666645769,476659318,562818228,1588843981
L6/24/d9.zst 0,0,0,0,2763437583,1531529713
L6/24/e7.zst 0,0,1666648020,473648727,561806182,1592864367
L6/24/e9.zst 0,0,0,0,0,4294967296
L6/24/df.zst 0,0,0,0,2763461001,1531506295
L6/24/ea.zst 0,0,0,0,0,4294967296
L6/24/eb.zst 0,0,0,0,0,4294967296
L6/24/f1.zst 0,0,4294967296,0,0,0
L6/24/ef.zst 0,0,0,0,0,4294967296
L6/24/f2.zst 0,0,4294967296,0,0,0
L6/24/e4.zst 0,0,265765608,1644714037,605350117,1779137534
L6/24/ee.zst 0,0,0,0,0,4294967296
L6/24/f4.zst 0,0,4294967296,0,0,0
L6/24/f7.zst 0,0,4294967296,0,0,0
L6/24/f6.zst 0,0,4294967296,0,0,0
L6/24/ec.zst 0,0,0,0,0,4294967296
L6/24/fb.zst 0,0,4294967296,0,0,0
L6/24/f0.zst 0,0,4294967296,0,0,0
L6/24/fc.zst 0,0,4294967296,0,0,0
L6/24/fa.zst 0,0,4294967296,0,0,0
L6/24/fd.zst 0,0,4294967296,0,0,0
L6/24/f8.zst 0,0,4294967296,0,0,0
L6/25/00.zst 0,0,1663521801,529392318,576178694,1525874483
L6/25/03.zst 0,0,1660006658,527840016,575567615,1531553007
L6/25/05.zst 0,0,1665728419,522837338,575695739,1530705800
L6/25/08.zst 0,0,1660623205,526832134,575623768,1531888189
L6/24/ff.zst 0,0,4294967296,0,0,0
L6/25/04.zst 0,0,1660016496,527784321,575618922,1531547557
L6/25/09.zst 0,0,1660052261,527306357,575565682,1532042996
L6/25/0a.zst 0,0,1660121648,527427006,575607142,1531811500
L6/25/0b.zst 0,0,1660043630,527326420,575668249,1531928997
L6/25/01.zst 0,0,1660051255,527958849,575718182,1531239010
L6/25/0f.zst 0,0,1660117581,527490566,575529657,1531829492
L6/25/10.zst 0,0,1889164683,531352940,576444128,1298005545
L6/25/06.zst 0,0,1660088268,527646021,575622087,1531610920
L6/25/0e.zst 0,0,1660042079,527431668,575573410,1531920139
L6/25/11.zst 0,0,1660458304,513971808,563559506,1556977678
L6/25/14.zst 0,0,1660435011,513162953,563410432,1557958900
L6/25/15.zst 0,0,1660378887,513090694,563557287,1557940428
L6/25/18.zst 0,0,1668764408,525603589,575103087,1525496212
L6/25/1a.zst 0,0,1661334266,529136052,575906906,1528590072
L6/25/0c.zst 0,0,1660003533,527645731,575687840,1531630192
L6/25/17.zst 0,0,1660369622,511973999,564835831,1557787844
L6/25/1b.zst 0,0,1661285453,527368146,575863072,1530450625
L6/25/1c.zst 0,0,1661226855,529107728,576119449,1528513264
L6/25/12.zst 0,0,1660490349,513333527,563632674,1557510746
L6/25/1e.zst 0,0,1668176168,525265533,577358885,1524166710
L6/25/21.zst 0,0,1659705777,501270833,599151538,1534839148
L6/25/22.zst 0,0,1659858860,501597065,598371764,1535139607
L6/25/16.zst 0,0,1660343961,512412750,563383813,1558826772
L6/25/25.zst 0,0,1659947747,498502521,598477794,1538039234
L6/25/20.zst 0,0,1659812417,503351760,598359275,1533443844
L6/25/26.zst 0,0,1659679517,498797709,597979652,1538510418
L6/25/27.zst 0,0,1659682817,500714243,598193819,1536376417
L6/25/2a.zst 0,0,1659726196,500181028,600088716,1534971356
L6/25/1f.zst 0,0,1660650101,512568191,597428710,1524320294
L6/25/2d.zst 0,0,1659009000,499388921,597694507,1538874868
L6/25/2c.zst 0,0,1659034003,499767804,598389995,1537775494
L6/25/2b.zst 0,0,1659226109,502772317,599048434,1533920436
L6/25/2f.zst 0,0,1659072129,493355980,596413169,1546126018
L6/25/24.zst 0,0,1659755387,500187809,597651761,1537372339
L6/25/31.zst 0,0,1667936847,518756049,575919651,1532354749
L6/25/32.zst 0,0,1668177164,517684141,575471692,1533634299
L6/25/35.zst 0,0,1814500560,529029600,579981989,1371455147
L6/25/29.zst 0,0,1659666784,499401274,599249997,1536649241
L6/25/37.zst 0,0,1668171631,533490221,573591596,1519713848
L6/25/34.zst 0,0,1668280516,520566256,575707091,1530413433
L6/25/38.zst 0,0,1668152391,532682866,573358910,1520773129
L6/25/3a.zst 0,0,1668057906,530944402,573003333,1522961655
L6/25/30.zst 0,0,1668198018,517092610,576193622,1533483046
L6/25/3c.zst 0,0,1668154331,529815194,572121733,1524876038
L6/25/3e.zst 0,0,1668248218,528796383,572380918,1525541777
L6/25/40.zst 0,0,1680287471,509795894,575092231,1529791700
L6/25/36.zst 0,0,1668189449,537808464,573330782,1515638601
L6/25/3d.zst 0,0,1668131707,529733795,572329723,1524772071
L6/25/42.zst 0,0,1681208334,502991556,574856685,1535910721
L6/25/45.zst 0,0,1681588276,497126981,574225764,1542026275
L6/25/44.zst 0,0,1681256511,498463321,574297038,1540950426
L6/25/3b.zst 0,0,1668175687,527967968,572269725,1526553916
L6/25/48.zst 0,0,1896740904,543210100,587993952,1267022340
L6/25/4a.zst 0,0,1896744069,543230176,588068552,1266924499
L6/25/4b.zst 0,0,1896742185,543466452,588226718,1266531941
L6/25/47.zst 0,0,1891499161,542456024,586866714,1274145397
L6/25/41.zst 0,0,1680948641,514072530,575490413,1524455712
L6/25/4d.zst 0,0,1896727799,543319448,588199781,1266720268
L6/25/4f.zst 0,0,1896680225,543666175,588458002,1266162894
L6/25/50.zst 0,0,108947,2107861016,538735184,1648262149
L6/25/46.zst 0,0,1891504736,542732090,586773462,1273957008
L6/25/53.zst 0,0,7072292,2221226972,534349824,1532318208
L6/25/55.zst 0,0,7262233,2248058599,526573568,1513072896
L6/25/51.zst 0,0,71716,2188494041,575695739,1530705800
L6/25/56.zst 0,0,1659191209,475634419,556778952,1603362716
L6/25/4c.zst 0,0,1896734577,543362671,588140573,1266729475
L6/25/58.zst 0,0,0,0,0,4294967296
L6/25/59.zst 0,0,0,0,0,4294967296
L6/25/5c.zst 0,0,0,0,0,4294967296
L6/25/5e.zst 0,0,0,0,0,4294967296
L6/25/52.zst 0,0,7148972,2241111636,533545728,1513160960
L6/25/5b.zst 0,0,0,0,0,4294967296
L6/25/5f.zst 0,0,0,0,0,4294967296
L6/25/61.zst 0,0,1658899556,449952880,554344448,1631770412
L6/25/57.zst 0,0,1659084082,472012951,555829593,1608040670
L6/25/62.zst 0,0,1658780223,424681704,544268034,1667237335
L6/25/65.zst 0,0,1659903039,436946968,547797626,1650319663
L6/25/5d.zst 0,0,0,0,0,4294967296
L6/25/67.zst 0,0,1659738688,476866930,556168697,1602192981
L6/25/64.zst 0,0,1659724903,436037164,546576905,1652628324
L6/25/69.zst 0,0,1668108069,495467371,569516350,1561875506
L6/25/6a.zst 0,0,1659763661,517586549,576176178,1541440908
L6/25/6d.zst 0,0,1659759453,520713054,574803438,1539691351
L6/25/6f.zst 0,0,1659760640,527469701,576432589,1531304366
L6/25/63.zst 0,0,1659446097,431952324,545208642,1658360233
L6/25/70.zst 0,0,4294967296,0,0,0
L6/25/6e.zst 0,0,1659710911,521923286,575285524,1538047575
L6/25/72.zst 0,0,1667985627,521630925,576717404,1528633340
L6/25/73.zst 0,0,1922576014,523534871,544767935,1304088476
L6/25/68.zst 0,0,1668113492,491115898,567732564,1568005342
L6/25/75.zst 0,0,3031464164,375094688,304738689,583669755
L6/25/6c.zst 0,0,1659760507,519980392,575765430,1539460967
L6/25/79.zst 0,0,1922575551,523644517,544359469,1304387759
L6/25/78.zst 0,0,1667984666,522436086,576517522,1528029022
L6/25/7b.zst 0,0,3031467637,375084339,304744729,583670591
L6/25/77.zst 0,0,4294967296,0,0,0
L6/25/7e.zst 0,0,1667988862,521056088,576543901,1529378445
L6/25/7f.zst 0,0,1922693669,517181109,545813750,1309278768
L6/25/74.zst 0,0,2362809178,459580376,468330650,1004247092
L6/25/80.zst 0,0,1664389792,521707871,576170872,1532698761
L6/25/83.zst 0,0,1659448127,527280095,575634363,1532604711
L6/25/84.zst 0,0,1661570077,523101201,576196071,1534099947
L6/25/7a.zst 0,0,2362814805,459490327,468321566,1004340598
L6/25/81.zst 0,0,1668028796,518019619,576042994,1532875887
L6/25/86.zst 0,0,1664285624,520836808,576238226,1533606638
L6/25/87.zst 0,0,1668032642,517420440,575825589,1533688625
L6/25/89.zst 0,0,1659441758,525516366,575540059,1534469113
L6/25/7d.zst 0,0,4294967296,0,0,0
L6/25/8c.zst 0,0,1664289121,517661294,575823696,1537193185
L6/25/8d.zst 0,0,1668023324,506404861,572896846,1547642265
L6/25/8b.zst 0,0,1665291067,515519859,576353014,1537803356
L6/25/8f.zst 0,0,1659488610,511302092,570898669,1553277925
L6/25/91.zst 0,0,13140730,1951689412,587833316,1742303838
L6/25/92.zst 0,0,13410725,1951419417,587833316,1742303838
L6/25/85.zst 0,0,1665299057,518321503,576645196,1534701540
L6/25/95.zst 0,0,15432083,2002867600,573399196,1703268417
L6/25/8a.zst 0,0,1661565822,520751380,575873154,1536776940
L6/25/96.zst 0,0,1666507822,491596822,568205098,1568657554
L6/25/97.zst 0,0,1666508504,487963375,567436692,1573058725
L6/25/94.zst 0,0,14896097,2000806830,570174135,1709090234
L6/25/9a.zst 0,0,0,0,0,4294967296
L6/25/90.zst 0,0,13414320,2148332859,569796094,1563424023
L6/25/9c.zst 0,0,0,0,0,4294967296
L6/25/9d.zst 0,0,0,0,0,4294967296
L6/25/a0.zst 0,0,13411484,2123197133,555624057,1602734622
L6/25/a2.zst 0,0,13359188,1904220509,526234687,1851152912
L6/25/9f.zst 0,0,0,0,0,4294967296
L6/25/a3.zst 0,0,14383777,1943129887,512590614,1824863018
L6/25/98.zst 0,0,0,0,0,4294967296
L6/25/a5.zst 0,0,15572657,1966885206,503247015,1809262418
L6/25/a6.zst 0,0,1658107014,454869293,548385485,1633605504
L6/25/9b.zst 0,0,0,0,0,4294967296
L6/25/a8.zst 0,0,0,0,0,4294967296
L6/25/a7.zst 0,0,1658161118,452640645,548203208,1635962325
L6/25/ab.zst 0,0,0,0,0,4294967296
L6/25/ac.zst 0,0,0,0,0,4294967296
L6/25/ae.zst 0,0,0,0,0,4294967296
L6/25/a1.zst 0,0,13138702,2121778985,555679735,1604369874
L6/25/b1.zst 0,0,1667546459,473998857,563681355,1589740625
L6/25/b2.zst 0,0,1666801734,465269037,562625220,1600271305
L6/25/b3.zst 0,0,1666774720,461635400,563949690,1602607486
L6/25/aa.zst 0,0,0,0,0,4294967296
L6/25/b0.zst 0,0,1667584991,488840458,567060722,1571481125
L6/25/b7.zst 0,0,1666800313,463918350,561883448,1602365185
L6/25/b8.zst 0,0,1667658310,491466020,567851364,1567991602
L6/25/b6.zst 0,0,1666780025,450615674,555240022,1622331575
L6/25/ad.zst 0,0,0,0,0,4294967296
L6/25/bc.zst 0,0,1667253035,494371367,572931138,1560411756
L6/25/bd.zst 0,0,1667209676,475455458,577373040,1574929122
L6/25/be.zst 0,0,1667426216,495797009,572014981,1559729090
L6/25/b4.zst 0,0,1666726982,472225197,564968347,1591046770
L6/25/bb.zst 0,0,1667298172,483715489,571751106,1572202529
L6/25/c1.zst 0,0,1667401332,478702339,584323724,1564539901
L6/25/c2.zst 0,0,1668027605,491238540,573044065,1562657086
L6/25/c3.zst 0,0,1667927144,491223855,573724086,1562092211
L6/25/ba.zst 0,0,1667354227,495168418,573947377,1558497274
L6/25/c8.zst 0,0,1668166740,495322245,596675117,1534803194
L6/25/c7.zst 0,0,1668146935,495659591,596386339,1534774431
L6/25/c6.zst 0,0,1668152882,495392297,596573622,1534848495
L6/25/bf.zst 0,0,1667350575,488017923,570357159,1569241639
L6/25/c9.zst 0,0,1668173812,494987506,596778351,1535027627
L6/25/cc.zst 0,0,1668164539,494097461,598406321,1534298975
L6/25/cd.zst 0,0,1668166050,494364181,598019622,1534417443
L6/25/d0.zst 0,0,0,0,2760716549,1534250747
L6/25/c4.zst 0,0,1668112469,491165233,574970876,1560718718
L6/25/d2.zst 0,0,0,0,2761001472,1533965824
L6/25/d3.zst 0,0,0,0,2760646476,1534320820
L6/25/ce.zst 0,0,1668156557,494050807,598667693,1534092239
L6/25/d4.zst 0,0,0,0,2760912758,1534054538
L6/25/cb.zst 0,0,1668168200,494266272,598343039,1534189785
L6/25/d7.zst 0,0,0,0,2760988660,1533978636
L6/25/d8.zst 0,0,0,0,2760611094,1534356202
L6/25/cf.zst 0,0,1668163605,491112161,601515103,1534176427
L6/25/da.zst 0,0,0,0,2760399394,1534567902
L6/25/d9.zst 0,0,0,0,2760617424,1534349872
L6/25/dd.zst 0,0,0,0,2760183845,1534783451
L6/25/de.zst 0,0,0,0,2759747248,1535220048
L6/25/e1.zst 0,0,14125012,2179220150,576108144,1525513990
L6/25/d6.zst 0,0,0,0,2760336384,1534630912
L6/25/e3.zst 0,0,261830561,1623384508,613073768,1796678459
L6/25/e4.zst 0,0,265419921,1643328903,604823836,1781394636
L6/25/e2.zst 0,0,235996542,1605932384,633822665,1819215705
L6/25/e6.zst 0,0,1666512536,473933926,562668028,1591852806
L6/25/dc.zst 0,0,0,0,2760275650,1534691646
L6/25/e8.zst 0,0,0,0,0,4294967296
L6/25/e9.zst 0,0,0,0,0,4294967296
L6/25/df.zst 0,0,0,0,2760350785,1534616511
L6/25/ec.zst 0,0,0,0,0,4294967296
L6/25/ee.zst 0,0,0,0,0,4294967296
L6/25/ef.zst 0,0,0,0,0,4294967296
L6/25/eb.zst 0,0,0,0,0,4294967296
L6/25/f2.zst 0,0,4294967296,0,0,0
L6/25/f3.zst 0,0,4294967296,0,0,0
L6/25/e7.zst 0,0,1666512089,471394188,561669537,1595391482
L6/25/f4.zst 0,0,4294967296,0,0,0
L6/25/f6.zst 0,0,4294967296,0,0,0
L6/25/f9.zst 0,0,4294967296,0,0,0
L6/25/f7.zst 0,0,4294967296,0,0,0
L6/25/fb.zst 0,0,4294967296,0,0,0
L6/25/ed.zst 0,0,0,0,0,4294967296
L6/25/fe.zst 0,0,4294967296,0,0,0
L6/25/fd.zst 0,0,4294967296,0,0,0
L6/25/f0.zst 0,0,4294967296,0,0,0
L6/25/ff.zst 0,0,4294967296,0,0,0
L6/26/00.zst 0,0,1664165643,528083016,577052642,1525665995
L6/25/fa.zst 0,0,4294967296,0,0,0
L6/26/03.zst 0,0,1660058923,527396490,576389462,1531122421
L6/26/07.zst 0,0,1660053774,527155666,576507253,1531250603
L6/26/06.zst 0,0,1665799860,522184298,576589638,1530393500
L6/26/0a.zst 0,0,1660097862,527108401,576514611,1531246422
L6/26/04.zst 0,0,1660047297,527322894,576454782,1531142323
L6/26/0b.zst 0,0,1660068039,527076098,576421471,1531401688
L6/26/0c.zst 0,0,1660264195,526824920,576435372,1531442809
L6/26/02.zst 0,0,1660050026,527420896,576438453,1531057921
L6/26/0e.zst 0,0,1660140396,526899053,576384509,1531543338
L6/26/05.zst 0,0,1660017290,527277735,576347655,1531324616
L6/26/10.zst 0,0,1889643514,530633288,576564627,1298125867
L6/26/12.zst 0,0,1660930043,512934399,563772940,1557329914
L6/26/0f.zst 0,0,1660015166,526948531,576211543,1531792056
L6/26/09.zst 0,0,1660006332,527115275,576437130,1531408559
L6/26/14.zst 0,0,1660915758,512611693,563760651,1557679194
L6/26/16.zst 0,0,1660413709,512880429,563627932,1558045226
L6/26/18.zst 0,0,1668821024,525593832,575119234,1525433206
L6/26/1b.zst 0,0,1661359259,527284571,575766285,1530557181
L6/26/1c.zst 0,0,1661255205,529269831,576454248,1527988012
L6/26/19.zst 0,0,1668778795,525781556,575587564,1524819381
L6/26/1f.zst 0,0,1660655895,512571192,597576899,1524163310
L6/26/1e.zst 0,0,1668157866,525529846,577385938,1523893646
L6/26/13.zst 0,0,1661134405,512384687,563767737,1557680467
L6/26/15.zst 0,0,1661105877,511809777,563696031,1558355611
L6/26/20.zst 0,0,1659839565,502409109,599503633,1533214989
L6/26/23.zst 0,0,1659704091,500488049,598174222,1536600934
L6/26/24.zst 0,0,1659706904,499403221,599158317,1536698854
L6/26/1a.zst 0,0,1661398949,529102222,576022317,1528443808
L6/26/27.zst 0,0,1659671964,497880867,599315850,1538098615
L6/26/22.zst 0,0,1659848000,500774207,598021514,1536323575
L6/26/29.zst 0,0,1659731261,500172444,599931524,1535132067
L6/26/2a.zst 0,0,1659230723,502667794,599358470,1533710309
L6/26/2c.zst 0,0,1659077970,499375903,598582500,1537930923
L6/26/2f.zst 0,0,1659012793,489353394,595102822,1551498287
L6/26/30.zst 0,0,1668261797,516349576,576665073,1533690850
L6/26/25.zst 0,0,1659683654,498970930,598191890,1538120822
L6/26/2d.zst 0,0,1659033607,495688876,598175625,1542069188
L6/26/26.zst 0,0,1659966573,500913463,598606690,1535480570
L6/26/31.zst 0,0,1667834247,516022497,576256321,1534854231
L6/26/33.zst 0,0,1667821758,518068360,575887499,1533189679
L6/26/34.zst 0,0,1668205630,518143060,576159991,1532458615
L6/26/2b.zst 0,0,1659004035,499651549,598594984,1537716728
L6/26/38.zst 0,0,1668180800,533364709,573756372,1519665415
L6/26/3a.zst 0,0,1668143131,531943555,572429349,1522451261
L6/26/36.zst 0,0,1814512439,528122588,580026211,1372306058
L6/26/3b.zst 0,0,1668116309,530623624,573046430,1523180933
L6/26/3d.zst 0,0,1668146801,529745147,571925057,1525150291
L6/26/3f.zst 0,0,1668136088,528825656,572324527,1525681025
L6/26/41.zst 0,0,1680948982,513990261,575642371,1524385682
L6/26/42.zst 0,0,1681276442,502783078,574971666,1535936110
L6/26/35.zst 0,0,1668194411,519967373,575968204,1530837308
L6/26/37.zst 0,0,1668197981,537581565,573249204,1515938546
L6/26/44.zst 0,0,1681274446,498420223,574519252,1540753375
L6/26/40.zst 0,0,1680362933,509743336,575706081,1529154946
L6/26/46.zst 0,0,1891510440,542471222,586884119,1274101515
L6/26/3c.zst 0,0,1668029627,527855030,572037731,1527044908
L6/26/45.zst 0,0,1681593250,497000563,574433617,1541939866
L6/26/4a.zst 0,0,1896741055,543057820,588190311,1266978110
L6/26/4c.zst 0,0,1896752947,543140821,588281026,1266792502
L6/26/4b.zst 0,0,1896753075,543190780,588365936,1266657505
L6/26/4e.zst 0,0,1896736954,543250472,588297967,1266681903
L6/26/50.zst 0,0,150913,2100907066,547636055,1646273262
L6/26/51.zst 0,0,72525,2187911633,576589638,1530393500
L6/26/47.zst 0,0,1891504736,542200925,586989461,1274272174
L6/26/48.zst 0,0,1896750707,542988378,588123134,1267105077
L6/26/55.zst 0,0,7266007,2243612969,522183424,1521904896
L6/26/53.zst 0,0,7162481,2229988239,520912128,1536904448
L6/26/56.zst 0,0,1659045524,476622905,557100120,1602198747
L6/26/52.zst 0,0,7186454,2237983210,518518272,1531279360
L6/26/4d.zst 0,0,1896734104,543131823,588347702,1266753667
L6/26/59.zst 0,0,0,0,0,4294967296
L6/26/5b.zst 0,0,0,0,0,4294967296
L6/26/5c.zst 0,0,0,0,0,4294967296
L6/26/5f.zst 0,0,0,0,0,4294967296
L6/26/61.zst 0,0,1658904141,449214066,556490409,1630358680
L6/26/5d.zst 0,0,0,0,0,4294967296
L6/26/62.zst 0,0,1658888106,418136135,543491143,1674451912
L6/26/63.zst 0,0,1659348101,429713094,545167925,1660738176
L6/26/57.zst 0,0,1659261021,471768786,555887646,1608049843
L6/26/58.zst 0,0,0,0,0,4294967296
L6/26/65.zst 0,0,1659843175,436252480,548437864,1650433777
L6/26/67.zst 0,0,1659731676,476423156,556273571,1602538893
L6/26/68.zst 0,0,1668136900,490921312,568369086,1567539998
L6/26/5e.zst 0,0,0,0,0,4294967296
L6/26/66.zst 0,0,1659687808,475857132,555884980,1603537376
L6/26/6c.zst 0,0,1659769587,519751639,576042629,1539403441
L6/26/6d.zst 0,0,1659767666,521132779,575306750,1538760101
L6/26/6e.zst 0,0,1659718552,522094189,575605997,1537548558
L6/26/72.zst 0,0,1667992645,521639702,576963372,1528371577
L6/26/73.zst 0,0,1922530546,523262212,545099827,1304074711
L6/26/74.zst 0,0,2362579109,459231370,468915052,1004241765
L6/26/69.zst 0,0,1668117175,495691324,570152444,1561006353
L6/26/6a.zst 0,0,1659767853,517955098,576471146,1540773199
L6/26/71.zst 0,0,4294967296,0,0,0
L6/26/76.zst 0,0,4294967296,0,0,0
L6/26/77.zst 0,0,4294967296,0,0,0
L6/26/78.zst 0,0,1667996588,521809260,577141442,1528020006
L6/26/7d.zst 0,0,4294967296,0,0,0
L6/26/70.zst 0,0,4294967296,0,0,0
L6/26/7e.zst 0,0,1667995308,520718629,576949131,1529304228
L6/26/7f.zst 0,0,1922650528,517098722,546264600,1308953446
L6/26/7b.zst 0,0,3031464905,375168766,304830447,583503178
L6/26/81.zst 0,0,1668298982,517734343,576367720,1532566251
L6/26/83.zst 0,0,1659283378,526813920,576341780,1532528218
L6/26/84.zst 0,0,1661036581,522831478,577102785,1533996452
L6/26/79.zst 0,0,1922490906,523475068,545225590,1303775732
L6/26/7a.zst 0,0,2362455144,459423033,468789356,1004299763
L6/26/87.zst 0,0,1668218198,517108232,576481876,1533158990
L6/26/88.zst 0,0,1659768429,525181626,576341898,1533675343
L6/26/89.zst 0,0,1659283835,525482999,576321683,1533878779
L6/26/85.zst 0,0,1664834846,518193782,577407696,1534530972
L6/26/8e.zst 0,0,1659764627,514510119,573061719,1547630831
L6/26/8d.zst 0,0,1668204082,505781802,573250328,1547731084
L6/26/82.zst 0,0,1659771405,526580564,576311905,1532303422
L6/26/8f.zst 0,0,1659326391,511086550,571768120,1552786235
L6/26/90.zst 0,0,13402596,2147063775,569996005,1564504920
L6/26/92.zst 0,0,13398705,1950248821,588194602,1743125168
L6/26/93.zst 0,0,14638857,1981869476,577430059,1721028904
L6/26/95.zst 0,0,15428145,2003172704,574133818,1702232629
L6/26/8a.zst 0,0,1661038166,520855165,577044035,1536029930
L6/26/8c.zst 0,0,1664316585,517296049,576615519,1536739143
L6/26/98.zst 0,0,0,0,0,4294967296
L6/26/99.zst 0,0,0,0,0,4294967296
L6/26/9a.zst 0,0,0,0,0,4294967296
L6/26/97.zst 0,0,1666516756,487707669,567953818,1572789053
L6/26/9e.zst 0,0,0,0,0,4294967296
L6/26/9f.zst 0,0,0,0,0,4294967296
L6/26/a0.zst 0,0,13403902,2121018891,555127849,1605416654
L6/26/94.zst 0,0,14887509,2001224424,570841919,1708013444
L6/26/a3.zst 0,0,14380019,1942926317,513204825,1824456135
L6/26/a5.zst 0,0,15568048,1966571929,503472939,1809354380
L6/26/a4.zst 0,0,14928952,1968825972,508782078,1802430294
L6/26/a2.zst 0,0,13350264,1903799232,526839507,1850978293
L6/26/9b.zst 0,0,0,0,0,4294967296
L6/26/9d.zst 0,0,0,0,0,4294967296
L6/26/a8.zst 0,0,0,0,0,4294967296
L6/26/a9.zst 0,0,0,0,0,4294967296
L6/26/aa.zst 0,0,0,0,0,4294967296
L6/26/b0.zst 0,0,1667590009,489041919,568133659,1570201709
L6/26/af.zst 0,0,0,0,0,4294967296
L6/26/a6.zst 0,0,1658121758,455488522,548624908,1632732108
L6/26/b1.zst 0,0,1667549517,470762071,560321251,1596334457
L6/26/ab.zst 0,0,0,0,0,4294967296
L6/26/b3.zst 0,0,1666893926,472826410,569941796,1585305164
L6/26/b4.zst 0,0,1666769542,454529083,561997862,1611670809
L6/26/b6.zst 0,0,1666783450,470125127,567095912,1590962807
L6/26/ac.zst 0,0,0,0,0,4294967296
L6/26/ae.zst 0,0,0,0,0,4294967296
L6/26/b9.zst 0,0,1667578037,475485972,562194060,1589709227
L6/26/ba.zst 0,0,1667337854,489543203,586405519,1551680720
L6/26/b7.zst 0,0,1667567534,477733830,564995902,1584670030
L6/26/bb.zst 0,0,1667421360,494125101,578747327,1554673508
L6/26/bf.zst 0,0,1668099120,501310154,573212883,1552345139
L6/26/c0.zst 0,0,1667404950,510305877,580193399,1537063070
L6/26/b5.zst 0,0,1666793022,458668297,567187549,1602318428
L6/26/c2.zst 0,0,1668141325,488463024,573250249,1565112698
L6/26/c4.zst 0,0,1668030877,491379950,575466058,1560090411
L6/26/c1.zst 0,0,1667386272,473882072,602020650,1551678302
L6/26/c5.zst 0,0,1668143208,491251790,575543050,1560029248
L6/26/c7.zst 0,0,1668170233,495414513,597234685,1534147865
L6/26/c9.zst 0,0,1668115109,494761168,597506776,1534584243
L6/26/bd.zst 0,0,1667319709,481189902,575762630,1570695055
L6/26/cb.zst 0,0,1668178829,493774351,598801164,1534212952
L6/26/be.zst 0,0,1667316189,492654434,575488668,1559508005
L6/26/cc.zst 0,0,1668165374,493636603,598873195,1534292124
L6/26/ca.zst 0,0,1668167907,494180049,598373123,1534246217
L6/26/ce.zst 0,0,1668164568,493807850,598912877,1534082001
L6/26/d0.zst 0,0,0,0,2760988833,1533978463
L6/26/c6.zst 0,0,1668150141,495211336,596778608,1534827211
L6/26/d2.zst 0,0,0,0,2760782109,1534185187
L6/26/d5.zst 0,0,0,0,2761197771,1533769525
L6/26/d6.zst 0,0,0,0,2761064372,1533902924
L6/26/d3.zst 0,0,0,0,2760683136,1534284160
L6/26/d8.zst 0,0,0,0,2760314739,1534652557
L6/26/da.zst 0,0,0,0,2760651017,1534316279
L6/26/db.zst 0,0,0,0,2760990501,1533976795
L6/26/cf.zst 0,0,1668170708,490750372,602148084,1533898132
L6/26/d1.zst 0,0,0,0,2760763850,1534203446
L6/26/df.zst 0,0,0,0,2760876129,1534091167
L6/26/de.zst 0,0,0,0,2760598749,1534368547
L6/26/e0.zst 0,0,86966828,1024344218,1648572595,1535083655
L6/26/dc.zst 0,0,0,0,2759975202,1534992094
L6/26/d7.zst 0,0,0,0,2760979232,1533988064
L6/26/e4.zst 0,0,265601351,1642684480,605158804,1781522661
L6/26/e5.zst 0,0,273847453,1639087530,603891166,1778141147
L6/26/e6.zst 0,0,1666517473,473883908,563738887,1590827028
L6/26/ea.zst 0,0,0,0,0,4294967296
L6/26/eb.zst 0,0,0,0,0,4294967296
L6/26/ec.zst 0,0,0,0,0,4294967296
L6/26/e7.zst 0,0,1666520801,471125748,562509822,1594810925
L6/26/e1.zst 0,0,14129914,2178722328,576536087,1525578967
L6/26/e2.zst 0,0,236003991,1606064878,634112022,1818786405
L6/26/f0.zst 0,0,4294967296,0,0,0
L6/26/ee.zst 0,0,0,0,0,4294967296
L6/26/ef.zst 0,0,0,0,0,4294967296
L6/26/f1.zst 0,0,4294967296,0,0,0
L6/26/f4.zst 0,0,4294967296,0,0,0
L6/26/f6.zst 0,0,4294967296,0,0,0
L6/26/e8.zst 0,0,0,0,0,4294967296
L6/26/f7.zst 0,0,4294967296,0,0,0
L6/26/f8.zst 0,0,4294967296,0,0,0
L6/26/fa.zst 0,0,4294967296,0,0,0
L6/26/f3.zst 0,0,4294967296,0,0,0
L6/26/fb.zst 0,0,4294967296,0,0,0
L6/26/f2.zst 0,0,4294967296,0,0,0
L6/26/fe.zst 0,0,4294967296,0,0,0
L6/26/ff.zst 0,0,4294967296,0,0,0
L6/27/00.zst 0,0,1663506747,528827651,576711212,1525921686
L6/27/02.zst 0,0,1660041633,527519161,576042083,1531364419
L6/26/fd.zst 0,0,4294967296,0,0,0
L6/27/05.zst 0,0,1660047529,527428266,576148003,1531343498
L6/27/08.zst 0,0,1660759786,526259356,576151754,1531796400
L6/27/09.zst 0,0,1660075518,527065766,576089717,1531736295
L6/27/06.zst 0,0,1660011837,527356435,576204043,1531394981
L6/27/0b.zst 0,0,1660052372,527026441,576254989,1531633494
L6/27/01.zst 0,0,1660661882,526970909,576075260,1531259245
L6/27/0e.zst 0,0,1660078862,526592611,575962502,1532333321
L6/27/0d.zst 0,0,1660008433,526874930,576011399,1532072534
L6/27/04.zst 0,0,1659997493,527441173,576188508,1531340122
L6/27/10.zst 0,0,1889167582,531013302,576423940,1298362472
L6/27/12.zst 0,0,1660438915,513402832,563568605,1557556944
L6/27/14.zst 0,0,1660431608,513053095,563487236,1557995357
L6/27/0f.zst 0,0,1660192792,526734333,576089062,1531951109
L6/27/0a.zst 0,0,1660026208,527113379,576080348,1531747361
L6/27/17.zst 0,0,1660380431,511898701,564749014,1557939150
L6/27/18.zst 0,0,1668762433,525771367,575256419,1525177077
L6/27/16.zst 0,0,1660349888,512368468,563505519,1558743421
L6/27/1c.zst 0,0,1661224239,529138949,576316686,1528287422
L6/27/1d.zst 0,0,1661137073,527157886,578244782,1528427555
L6/27/1e.zst 0,0,1668177258,525128485,577271117,1524390436
L6/27/11.zst 0,0,1660471243,513922918,563781117,1556792018
L6/27/1a.zst 0,0,1661331668,529092557,576050778,1528492293
L6/27/15.zst 0,0,1660390559,512576288,563646894,1558353555
L6/27/20.zst 0,0,1659842124,502813794,598864784,1533446594
L6/27/21.zst 0,0,1659738693,501502404,598259700,1535466499
L6/27/23.zst 0,0,1659675864,499352435,598873526,1537065471
L6/27/1b.zst 0,0,1661267503,527243462,575862309,1530594022
L6/27/25.zst 0,0,1659682572,500880630,598435490,1535968604
L6/27/27.zst 0,0,1659944218,499457297,599254412,1536311369
L6/27/28.zst 0,0,1659722056,500357895,599262411,1535624934
L6/27/2a.zst 0,0,1659012838,499895738,599233430,1536825290
L6/27/2d.zst 0,0,1658988611,490929549,595989651,1549059485
L6/27/2e.zst 0,0,1659059417,488781678,595568157,1551558044
L6/27/24.zst 0,0,1659696877,498900848,598008135,1538361436
L6/27/30.zst 0,0,1668213415,516312681,576850471,1533590729
L6/27/26.zst 0,0,1659670564,497712842,599183021,1538400869
L6/27/2c.zst 0,0,1658999149,495857598,597719252,1542391297
L6/27/31.zst 0,0,1667823739,515840157,575969547,1535333853
L6/27/32.zst 0,0,1668163520,515486100,576216796,1535100880
L6/27/35.zst 0,0,1668217921,517853911,576046853,1532848611
L6/27/2b.zst 0,0,1659030309,499139834,598681176,1538115977
L6/27/38.zst 0,0,1668201823,537483450,573244890,1516037133
L6/27/39.zst 0,0,1668175691,533234742,573756214,1519800649
L6/27/3b.zst 0,0,1668095387,531954838,572316024,1522601047
L6/27/37.zst 0,0,1814503274,528253063,579822851,1372388108
L6/27/3d.zst 0,0,1668205712,527815101,572213763,1526732720
L6/27/3e.zst 0,0,1668107447,529918777,572171518,1524769554
L6/27/34.zst 0,0,1668180084,517916542,575622828,1533247842
L6/27/40.zst 0,0,1680365997,508758495,575864257,1529978547
L6/27/36.zst 0,0,1668238379,519368033,575562639,1531798245
L6/27/42.zst 0,0,1681222256,502566129,574792050,1536386861
L6/27/43.zst 0,0,1681245191,500091489,574353939,1539276677
L6/27/41.zst 0,0,1680947726,513968630,575721825,1524329115
L6/27/46.zst 0,0,1891526321,542326809,586787062,1274327104
L6/27/48.zst 0,0,1896744661,542533167,587884313,1267805155
L6/27/3c.zst 0,0,1668084161,530882520,573070387,1522930228
L6/27/49.zst 0,0,1896743222,542470574,588004278,1267749222
L6/27/4c.zst 0,0,1896750256,542689778,588024516,1267502746
L6/27/4d.zst 0,0,1896735183,542767877,588113315,1267350921
L6/27/4f.zst 0,0,1896681925,543034019,588370018,1266881334
L6/27/4b.zst 0,0,1896741137,542806288,588134792,1267285079
L6/27/45.zst 0,0,1681615328,496793697,574283581,1542274690
L6/27/51.zst 0,0,57559,2187722899,576436532,1530750306
L6/27/52.zst 0,0,7216031,2245653857,519953408,1522144000
L6/27/47.zst 0,0,1891500954,541761244,586773028,1274932070
L6/27/53.zst 0,0,7194505,2239637623,525682176,1522452992
L6/27/58.zst 0,0,0,0,0,4294967296
L6/27/57.zst 0,0,1659081036,471936890,556374544,1607574826
L6/27/54.zst 0,0,7220095,2242801281,528566528,1516379392
L6/27/5a.zst 0,0,0,0,0,4294967296
L6/27/4e.zst 0,0,1896738798,542906825,588090338,1267231335
L6/27/5c.zst 0,0,0,0,0,4294967296
L6/27/5d.zst 0,0,0,0,0,4294967296
L6/27/5f.zst 0,0,0,0,0,4294967296
L6/27/56.zst 0,0,1659047255,475815743,556677235,1603427063
L6/27/5e.zst 0,0,0,0,0,4294967296
L6/27/62.zst 0,0,1658826348,413054576,541491471,1681594901
L6/27/63.zst 0,0,1659242098,427286549,544819749,1663618900
L6/27/64.zst 0,0,1659625263,433338531,546708780,1655294722
L6/27/59.zst 0,0,0,0,0,4294967296
L6/27/68.zst 0,0,1668107367,490764796,568306860,1567788273
L6/27/69.zst 0,0,1668119500,495849871,569900281,1561097644
L6/27/6a.zst 0,0,1659757383,517364840,576347434,1541497639
L6/27/60.zst 0,0,1658844792,439493564,544199139,1652429801
L6/27/67.zst 0,0,1659725651,476345200,556242828,1602653617
L6/27/6d.zst 0,0,1659757613,521154267,575256316,1538799100
L6/27/6e.zst 0,0,1659708665,521795934,575642918,1537819779
L6/27/6f.zst 0,0,1659754831,527209020,576542658,1531460787
L6/27/66.zst 0,0,1659675699,475789846,556140111,1603361640
L6/27/73.zst 0,0,1922500836,523625374,544884537,1303956549
L6/27/74.zst 0,0,2362327566,458978069,469093049,1004568612
L6/27/6b.zst 0,0,1659713197,517974375,576238788,1541040936
L6/27/75.zst 0,0,3031507225,375044557,304835244,583580270
L6/27/72.zst 0,0,1667935145,521544076,576844106,1528643969
L6/27/78.zst 0,0,1667937201,521806735,576964723,1528258637
L6/27/79.zst 0,0,1922456801,523286367,545105467,1304118661
L6/27/7b.zst 0,0,3031510232,375038107,304833870,583585087
L6/27/7e.zst 0,0,1667927912,520418474,577018093,1529602817
L6/27/70.zst 0,0,4294967296,0,0,0
L6/27/7c.zst 0,0,4294967296,0,0,0
L6/27/7f.zst 0,0,1922624358,516704527,546116033,1309522378
L6/27/80.zst 0,0,1664428992,521202833,576842793,1532492678
L6/27/81.zst 0,0,1668138306,517642084,576491007,1532695899
L6/27/85.zst 0,0,1665086850,517923996,577171647,1534784803
L6/27/86.zst 0,0,1664322466,520260814,576805823,1533578193
L6/27/77.zst 0,0,4294967296,0,0,0
L6/27/87.zst 0,0,1668146214,516968607,576442143,1533410332
L6/27/7a.zst 0,0,2362325656,458842955,468925002,1004873683
L6/27/84.zst 0,0,1661134356,522737123,576728132,1534367685
L6/27/8a.zst 0,0,1661264595,520293202,576693814,1536715685
L6/27/89.zst 0,0,1659317363,524994036,576627341,1534028556
L6/27/8c.zst 0,0,1664322565,517149841,576274131,1537220759
L6/27/82.zst 0,0,1659757978,526338918,576232662,1532637738
L6/27/90.zst 0,0,13402914,2146540738,569863656,1565159988
L6/27/91.zst 0,0,13133354,1948997831,588395574,1744440537
L6/27/92.zst 0,0,13413095,1948718090,588395574,1744440537
L6/27/8f.zst 0,0,1659376629,511008546,571636041,1552946080
L6/27/95.zst 0,0,15430273,2002834195,574663706,1702039122
L6/27/8b.zst 0,0,1665009833,515279471,577190824,1537487168
L6/27/96.zst 0,0,1666506237,491170290,568817691,1568473078
L6/27/97.zst 0,0,1666505902,487717592,567927195,1572816607
L6/27/8d.zst 0,0,1668135226,505824154,573382518,1547625398
L6/27/9a.zst 0,0,0,0,0,4294967296
L6/27/98.zst 0,0,0,0,0,4294967296
L6/27/9c.zst 0,0,0,0,0,4294967296
L6/27/9d.zst 0,0,0,0,0,4294967296
L6/27/94.zst 0,0,14897121,2000717451,571038762,1708313962
L6/27/a0.zst 0,0,13409744,2119363854,556236666,1605957032
L6/27/a2.zst 0,0,13342921,1903021722,527071337,1851531316
L6/27/a3.zst 0,0,14381021,1942612308,513529361,1824444606
L6/27/a1.zst 0,0,13128913,2120149707,555697788,1605990888
L6/27/a6.zst 0,0,1658104419,454987965,549273654,1632601258
L6/27/9b.zst 0,0,0,0,0,4294967296
L6/27/a8.zst 0,0,0,0,0,4294967296
L6/27/a7.zst 0,0,1658156926,452151795,548861805,1635796770
L6/27/9e.zst 0,0,0,0,0,4294967296
L6/27/ab.zst 0,0,0,0,0,4294967296
L6/27/ad.zst 0,0,0,0,0,4294967296
L6/27/ae.zst 0,0,0,0,0,4294967296
L6/27/aa.zst 0,0,0,0,0,4294967296
L6/27/a5.zst 0,0,15572585,1966655490,503955284,1808783937
L6/27/b1.zst 0,0,1667557759,479108713,569577406,1578723418
L6/27/b2.zst 0,0,1666855777,477995927,569802318,1580313274
L6/27/b3.zst 0,0,1666238137,463946942,564218563,1600563654
L6/27/b7.zst 0,0,1666831781,464131681,562183594,1601820240
L6/27/b8.zst 0,0,1667654215,490899589,568288441,1568125051
L6/27/ac.zst 0,0,0,0,0,4294967296
L6/27/b9.zst 0,0,1667589416,484262399,571003868,1572111613
L6/27/b4.zst 0,0,1666832771,494363214,568128116,1565643195
L6/27/af.zst 0,0,0,0,0,4294967296
L6/27/bb.zst 0,0,1666767589,486479043,572205862,1569514802
L6/27/bc.zst 0,0,1667359399,516554616,576430357,1534622924
L6/27/be.zst 0,0,1667297524,486906379,581632473,1559130920
L6/27/b5.zst 0,0,1666689725,419035491,618280178,1590961902
L6/27/c2.zst 0,0,1668175602,487677157,572861668,1566252869
L6/27/bf.zst 0,0,1667372125,488192339,571518766,1567884066
L6/27/c3.zst 0,0,1667911349,491503043,574792946,1560759958
L6/27/c4.zst 0,0,1668085212,491085695,576488441,1559307948
L6/27/c7.zst 0,0,1668128471,495403198,597298566,1534137061
L6/27/c9.zst 0,0,1668159108,494122233,598062680,1534623275
L6/27/bd.zst 0,0,1667218868,440259283,627143538,1560345607
L6/27/ca.zst 0,0,1668156829,494194637,597936222,1534679608
L6/27/c0.zst 0,0,1667413400,510685928,579428847,1537439121
L6/27/c8.zst 0,0,1668117578,494673087,597301039,1534875592
L6/27/cc.zst 0,0,1668175928,493522208,598631191,1534637969
L6/27/cd.zst 0,0,1668156366,493586334,598641164,1534583432
L6/27/cf.zst 0,0,1668164077,490708065,602331561,1533763593
L6/27/c6.zst 0,0,1668155874,494803382,597231847,1534776193
L6/27/d3.zst 0,0,0,0,2760351071,1534616225
L6/27/d4.zst 0,0,0,0,2760307560,1534659736
L6/27/d2.zst 0,0,0,0,2760679090,1534288206
L6/27/d5.zst 0,0,0,0,2760653736,1534313560
L6/27/d8.zst 0,0,0,0,2760779991,1534187305
L6/27/d9.zst 0,0,0,0,2760818606,1534148690
L6/27/ce.zst 0,0,1668149963,493523160,598962111,1534332062
L6/27/d0.zst 0,0,0,0,2760736064,1534231232
L6/27/db.zst 0,0,0,0,2759845869,1535121427
L6/27/dd.zst 0,0,0,0,2760235514,1534731782
L6/27/de.zst 0,0,0,0,2760244789,1534722507
L6/27/da.zst 0,0,0,0,2760268261,1534699035
L6/27/d7.zst 0,0,0,0,2760819520,1534147776
L6/27/e2.zst 0,0,236093796,1604920816,634446111,1819506573
L6/27/e3.zst 0,0,261813172,1622566917,613323520,1797263687
L6/27/e4.zst 0,0,265465388,1642465270,604922799,1782113839
L6/27/e8.zst 0,0,0,0,0,4294967296
L6/27/ea.zst 0,0,0,0,0,4294967296
L6/27/e9.zst 0,0,0,0,0,4294967296
L6/27/e5.zst 0,0,273826868,1639193985,604013169,1777933274
L6/27/df.zst 0,0,0,0,2760936984,1534030312
L6/27/e0.zst 0,0,86956902,1024340589,1648615093,1535054712
L6/27/ec.zst 0,0,0,0,0,4294967296
L6/27/ed.zst 0,0,0,0,0,4294967296
L6/27/ee.zst 0,0,0,0,0,4294967296
L6/27/f3.zst 0,0,4294967296,0,0,0
L6/27/e7.zst 0,0,1666510275,470752098,562614131,1595090792
L6/27/f4.zst 0,0,4294967296,0,0,0
L6/27/f5.zst 0,0,4294967296,0,0,0
L6/27/ef.zst 0,0,0,0,0,4294967296
L6/27/f0.zst 0,0,4294967296,0,0,0
L6/27/f9.zst 0,0,4294967296,0,0,0
L6/27/fa.zst 0,0,4294967296,0,0,0
L6/27/f7.zst 0,0,4294967296,0,0,0
L6/27/fc.zst 0,0,4294967296,0,0,0
L6/27/f2.zst 0,0,4294967296,0,0,0
L6/27/ff.zst 0,0,4294967296,0,0,0
L6/28/00.zst 0,0,1663966956,528023124,575961377,1527015839
L6/28/01.zst 0,0,1660098436,527279677,575415353,1532173830
L6/27/f8.zst 0,0,4294967296,0,0,0
L6/28/05.zst 0,0,1660032039,526877426,575466167,1532591664
L6/27/fd.zst 0,0,4294967296,0,0,0
L6/28/06.zst 0,0,1660029888,526927532,575406206,1532603670
L6/28/02.zst 0,0,1660106133,527098414,575403212,1532359537
L6/28/07.zst 0,0,1660050596,526915650,575433497,1532567553
L6/28/0a.zst 0,0,1660151434,526639965,575364353,1532811544
L6/28/0c.zst 0,0,1660136045,526604470,575348465,1532878316
L6/28/0e.zst 0,0,1660075683,526835498,575435503,1532620612
L6/28/04.zst 0,0,1660152600,526933209,575397468,1532484019
L6/28/10.zst 0,0,1889353239,530766745,576392891,1298454421
L6/28/0d.zst 0,0,1660070305,526522735,575346315,1533027941
L6/28/11.zst 0,0,1660563500,513468343,563659249,1557276204
L6/28/12.zst 0,0,1660543388,513255478,563704208,1557464222
L6/28/09.zst 0,0,1660092105,526821774,575429093,1532624324
L6/28/15.zst 0,0,1660655893,511831144,563401711,1559078548
L6/28/0b.zst 0,0,1660025771,526718621,575388819,1532834085
L6/28/17.zst 0,0,1660488323,511426373,564744668,1558307932
L6/28/19.zst 0,0,1668772502,525484804,575376616,1525333374
L6/28/1b.zst 0,0,1661306583,527024860,575724289,1530911564
L6/28/16.zst 0,0,1660469822,512430430,563532910,1558534134
L6/28/1d.zst 0,0,1661155482,527048859,578078717,1528684238
L6/28/1f.zst 0,0,1660662103,512157604,597399922,1524747667
L6/28/20.zst 0,0,1659906312,502461714,598170330,1534428940
L6/28/14.zst 0,0,1660540579,512789217,563542247,1558095253
L6/28/22.zst 0,0,1659960710,499678356,598636378,1536691852
L6/28/21.zst 0,0,1659801998,500679480,598076811,1536409007
L6/28/1a.zst 0,0,1661552777,528656467,575826295,1528931757
L6/28/24.zst 0,0,1659776858,501063861,598409737,1535716840
L6/28/25.zst 0,0,1659726795,497768027,598860330,1538612144
L6/28/27.zst 0,0,1659714045,500420381,599269977,1535562893
L6/28/1c.zst 0,0,1661311455,528704672,576398372,1528552797
L6/28/2c.zst 0,0,1659038217,491122691,595669287,1549137101
L6/28/2b.zst 0,0,1658999244,495608161,597812849,1542547042
L6/28/2d.zst 0,0,1658971895,488359870,595155497,1552480034
L6/28/29.zst 0,0,1659012814,499489147,598616621,1537848714
L6/28/30.zst 0,0,1668345372,515950573,576162882,1534508469
L6/28/31.zst 0,0,1667851823,515814098,576400508,1534900867
L6/28/26.zst 0,0,1659717558,499743608,599340319,1536165811
L6/28/32.zst 0,0,1667874083,515628440,576737651,1534727122
L6/28/35.zst 0,0,1668182828,517793429,575914674,1533076365
L6/28/2a.zst 0,0,1659025329,499536416,598207831,1538197720
L6/28/36.zst 0,0,1668197536,517740183,576210250,1532819327
L6/28/38.zst 0,0,1814552669,528138827,579999291,1372276509
L6/28/33.zst 0,0,1668214842,514633250,576288543,1535830661
L6/28/2e.zst 0,0,1658987470,495339429,598437182,1542203215
L6/28/3a.zst 0,0,1668205300,533164054,573860117,1519737825
L6/28/3c.zst 0,0,1668109021,531965156,572710836,1522182283
L6/28/3d.zst 0,0,1668149167,530851407,573012332,1522954390
L6/28/41.zst 0,0,1681134863,513747919,575464327,1524620187
L6/28/42.zst 0,0,1681273100,502192995,574699485,1536801716
L6/28/3e.zst 0,0,1668283846,527377078,572466999,1526839373
L6/28/37.zst 0,0,1668199561,519270304,575901990,1531595441
L6/28/43.zst 0,0,1681340667,499788160,574385846,1539452623
L6/28/44.zst 0,0,1681333549,497848321,574298109,1541487317
L6/28/3b.zst 0,0,1668182649,532201368,573180284,1521402995
L6/28/46.zst 0,0,1891521084,542308973,586745517,1274391722
L6/28/49.zst 0,0,1896751495,542223249,587883467,1268109085
L6/28/3f.zst 0,0,1668196180,529851134,572096662,1524823320
L6/28/4a.zst 0,0,1896758399,542351686,587860060,1267997151
L6/28/47.zst 0,0,1891524073,541464758,586678752,1275299713
L6/28/4e.zst 0,0,1896743137,542746895,587994922,1267482342
L6/28/4d.zst 0,0,1896749245,542525615,588041155,1267651281
L6/28/50.zst 0,0,964134,2105722000,539861429,1648419733
L6/28/48.zst 0,0,1896762734,542315951,587792309,1268096302
L6/28/53.zst 0,0,7094465,2222243647,526597632,1539031552
L6/28/54.zst 0,0,7126691,2228189277,533821440,1525829888
L6/28/55.zst 0,0,7233206,2238621258,525707520,1523405312
L6/28/52.zst 0,0,7102257,2226492111,521080576,1540292352
L6/28/4c.zst 0,0,1896754516,542480904,587932048,1267799828
L6/28/58.zst 0,0,0,0,0,4294967296
L6/28/59.zst 0,0,0,0,0,4294967296
L6/28/4f.zst 0,0,1896695536,542837390,588275195,1267159175
L6/28/5a.zst 0,0,0,0,0,4294967296
L6/28/5e.zst 0,0,0,0,0,4294967296
L6/28/5f.zst 0,0,0,0,0,4294967296
L6/28/5b.zst 0,0,0,0,0,4294967296
L6/28/61.zst 0,0,1658887788,438961058,552245850,1644872600
L6/28/63.zst 0,0,1659427925,425334332,545512747,1664692292
L6/28/57.zst 0,0,1659114130,471261116,555071968,1609520082
L6/28/64.zst 0,0,1659632161,432195496,547801582,1655338057
L6/28/66.zst 0,0,1659707055,476330591,555649643,1603280007
L6/28/65.zst 0,0,1659767396,435327200,549199802,1650672898
L6/28/68.zst 0,0,1668147733,490872611,567365050,1568581902
L6/28/5d.zst 0,0,0,0,0,4294967296
L6/28/60.zst 0,0,1658545344,445153850,547007543,1644260559
L6/28/6a.zst 0,0,1659797554,517147967,575657876,1542363899
L6/28/6b.zst 0,0,1659742554,517872133,575244508,1542108101
L6/28/6e.zst 0,0,1659736485,521603416,574992242,1538635153
L6/28/72.zst 0,0,1668071523,521339824,576258209,1529297740
L6/28/71.zst 0,0,4294967296,0,0,0
L6/28/6d.zst 0,0,1659788703,520611660,574505865,1540061068
L6/28/74.zst 0,0,2362332748,459668767,468490574,1004475207
L6/28/69.zst 0,0,1668137797,495549150,569221202,1562059147
L6/28/75.zst 0,0,3031481379,375076133,304785814,583623970
L6/28/76.zst 0,0,4294967296,0,0,0
L6/28/79.zst 0,0,1922798467,523077066,544480773,1304610990
L6/28/6f.zst 0,0,1659784868,526954004,575889741,1532338683
L6/28/7b.zst 0,0,3031482231,375079603,304790609,583614853
L6/28/78.zst 0,0,1668074039,521454714,576215605,1529222938
L6/28/7c.zst 0,0,4294967296,0,0,0
L6/28/70.zst 0,0,4294967296,0,0,0
L6/28/7e.zst 0,0,1668061684,520396397,576150145,1530359070
L6/28/80.zst 0,0,1664530677,520843585,575841618,1533751416
L6/28/82.zst 0,0,1659793920,525880443,575234070,1534058863
L6/28/84.zst 0,0,1661066867,522388299,576052658,1535459472
L6/28/81.zst 0,0,1668413373,516934914,575539411,1534079598
L6/28/86.zst 0,0,1664354923,520139548,575795666,1534677159
L6/28/7a.zst 0,0,2362331916,459448163,468532903,1004654314
L6/28/87.zst 0,0,1668395144,516448956,575546100,1534577096
L6/28/88.zst 0,0,1659796417,524626786,575263318,1535280775
L6/28/7f.zst 0,0,1922951796,516753478,545595172,1309666850
L6/28/8b.zst 0,0,1664852737,515173093,576214962,1538726504
L6/28/8d.zst 0,0,1668397364,505351195,572522864,1548695873
L6/28/83.zst 0,0,1659372271,526147810,575345297,1534101918
L6/28/8a.zst 0,0,1661065451,520455103,575988934,1537457808
L6/28/8e.zst 0,0,1659785234,514176089,572155972,1548850001
L6/28/91.zst 0,0,13137369,1949147095,587542428,1745140404
L6/28/92.zst 0,0,13407036,1948877428,587542428,1745140404
L6/28/95.zst 0,0,15429668,2002404080,573571172,1703562376
L6/28/97.zst 0,0,1666548606,486983595,567076717,1574358378
L6/28/8c.zst 0,0,1664357421,517183178,575672373,1537754324
L6/28/94.zst 0,0,14894121,2000529006,570353572,1709190597
L6/28/98.zst 0,0,0,0,0,4294967296
L6/28/99.zst 0,0,0,0,0,4294967296
L6/28/9b.zst 0,0,0,0,0,4294967296
L6/28/90.zst 0,0,13406784,2147557929,569511918,1564490665
L6/28/93.zst 0,0,14646522,1980730982,576900147,1722689645
L6/28/9e.zst 0,0,0,0,0,4294967296
L6/28/9f.zst 0,0,0,0,0,4294967296
L6/28/a1.zst 0,0,13135275,2119023829,554820090,1607988102
L6/28/9d.zst 0,0,0,0,0,4294967296
L6/28/a4.zst 0,0,14930903,1968497843,508407620,1803130930
L6/28/a5.zst 0,0,15569644,1966474206,503094047,1809829399
L6/28/a7.zst 0,0,1658186425,451654966,548250046,1636875859
L6/28/a9.zst 0,0,0,0,0,4294967296
L6/28/9c.zst 0,0,0,0,0,4294967296
L6/28/aa.zst 0,0,0,0,0,4294967296
L6/28/a8.zst 0,0,0,0,0,4294967296
L6/28/ac.zst 0,0,0,0,0,4294967296
L6/28/a2.zst 0,0,13350936,1903290939,526268436,1852056985
L6/28/a3.zst 0,0,14378621,1942375519,512658710,1825554446
L6/28/ad.zst 0,0,0,0,0,4294967296
L6/28/af.zst 0,0,0,0,0,4294967296
L6/28/b2.zst 0,0,1667184070,465118520,564469205,1598195501
L6/28/b5.zst 0,0,1667562398,474881928,566044584,1586478386
L6/28/b1.zst 0,0,1666953115,487936687,567786508,1572290986
L6/28/b6.zst 0,0,1667555701,470542057,562717914,1594151624
L6/28/b8.zst 0,0,1667691807,490896650,567504930,1568873909
L6/28/ae.zst 0,0,0,0,0,4294967296
L6/28/b9.zst 0,0,1666983632,492775596,569510512,1565697556
L6/28/bb.zst 0,0,1667469232,495546802,575311673,1556639589
L6/28/bd.zst 0,0,1668086358,495307629,572611020,1558962289
L6/28/b3.zst 0,0,1666939904,472772294,567342030,1587913068
L6/28/ba.zst 0,0,1667710417,486467723,572273073,1568516083
L6/28/b4.zst 0,0,1666898500,461022304,560031052,1607015440
L6/28/c0.zst 0,0,1667431884,507858042,579237161,1540440209
L6/28/bf.zst 0,0,1668135029,507415806,576724758,1542691703
L6/28/c2.zst 0,0,1667971125,456169596,564147764,1606678811
L6/28/c6.zst 0,0,1668161460,493983337,596353510,1536468989
L6/28/c7.zst 0,0,1668108907,494066320,596403871,1536388198
L6/28/c9.zst 0,0,1668213089,494110246,596982211,1535661750
L6/28/c4.zst 0,0,1667982040,480846235,569989781,1576149240
L6/28/be.zst 0,0,1668085013,493938115,571237749,1561706419
L6/28/ca.zst 0,0,1668210903,494090812,597012563,1535653018
L6/28/cb.zst 0,0,1668197746,493374445,597539772,1535855333
L6/28/cc.zst 0,0,1668194894,493389546,597765986,1535616870
L6/28/c3.zst 0,0,1667802660,473912950,566838219,1586413467
L6/28/c5.zst 0,0,1667984896,484368934,572095138,1570518328
L6/28/d0.zst 0,0,0,0,2759645591,1535321705
L6/28/d2.zst 0,0,0,0,2759219114,1535748182
L6/28/d1.zst 0,0,0,0,2759408459,1535558837
L6/28/ce.zst 0,0,1668178967,493587470,598018576,1535182283
L6/28/d6.zst 0,0,0,0,2759323307,1535643989
L6/28/d7.zst 0,0,0,0,2759470817,1535496479
L6/28/d9.zst 0,0,0,0,2759914430,1535052866
L6/28/da.zst 0,0,0,0,2759233517,1535733779
L6/28/db.zst 0,0,0,0,2759625604,1535341692
L6/28/cf.zst 0,0,1668195669,490537777,601323296,1534910554
L6/28/dc.zst 0,0,0,0,2759419064,1535548232
L6/28/de.zst 0,0,0,0,2759730320,1535236976
L6/28/d4.zst 0,0,0,0,2759321248,1535646048
L6/28/d5.zst 0,0,0,0,2759258804,1535708492
L6/28/e0.zst 0,0,87005120,1023827378,1648503951,1535630847
L6/28/e2.zst 0,0,235840622,1605007978,633566855,1820551841
L6/28/e4.zst 0,0,265328973,1642075729,604548319,1783014275
L6/28/df.zst 0,0,0,0,2760105369,1534861927
L6/28/e7.zst 0,0,1666544944,470405870,561329244,1596687238
L6/28/e8.zst 0,0,0,0,0,4294967296
L6/28/ea.zst 0,0,0,0,0,4294967296
L6/28/ec.zst 0,0,0,0,0,4294967296
L6/28/ed.zst 0,0,0,0,0,4294967296
L6/28/e1.zst 0,0,14132164,2178223873,576332865,1526278394
L6/28/ef.zst 0,0,0,0,0,4294967296
L6/28/eb.zst 0,0,0,0,0,4294967296
L6/28/e5.zst 0,0,273634958,1638805736,603522089,1779004513
L6/28/f0.zst 0,0,4294967296,0,0,0
L6/28/e6.zst 0,0,1666535732,473382653,562263352,1592785559
L6/28/f1.zst 0,0,4294967296,0,0,0
L6/28/f4.zst 0,0,4294967296,0,0,0
L6/28/f5.zst 0,0,4294967296,0,0,0
L6/28/f8.zst 0,0,4294967296,0,0,0
L6/28/fa.zst 0,0,4294967296,0,0,0
L6/28/fe.zst 0,0,4294967296,0,0,0
L6/28/fc.zst 0,0,4294967296,0,0,0
L6/28/fd.zst 0,0,4294967296,0,0,0
L6/28/ff.zst 0,0,4294967296,0,0,0
L6/28/f2.zst 0,0,4294967296,0,0,0
L6/28/f9.zst 0,0,4294967296,0,0,0
L6/28/f6.zst 0,0,4294967296,0,0,0
L6/29/01.zst 0,0,1660039827,525844898,575110648,1533971923
L6/29/04.zst 0,0,1660034881,525533290,575151034,1534248091
L6/29/02.zst 0,0,1660029709,525679294,575116356,1534141937
L6/29/03.zst 0,0,1660035829,525661349,575107059,1534163059
L6/29/0a.zst 0,0,1660130972,525163463,575100316,1534572545
L6/29/09.zst 0,0,1665658486,520479739,575236999,1533592072
L6/29/0b.zst 0,0,1660055743,525141340,575087102,1534683111
L6/29/0e.zst 0,0,1660050094,525289775,575115842,1534511585
L6/29/0f.zst 0,0,1660703185,524643721,575008319,1534612071
L6/29/05.zst 0,0,1660070493,525462441,575139609,1534294753
L6/29/10.zst 0,0,1889233526,530660605,576372920,1298700245
L6/29/0d.zst 0,0,1659999576,525338002,575132609,1534497109
L6/29/07.zst 0,0,1660005258,525463672,575145887,1534352479
L6/29/08.zst 0,0,1660076861,525324812,575135337,1534430286
L6/29/12.zst 0,0,1660488933,512908286,563612807,1557957270
L6/29/13.zst 0,0,1660448426,512582565,563510981,1558425324
L6/29/15.zst 0,0,1660458589,512086495,563454846,1558967366
L6/29/1a.zst 0,0,1661384810,528584467,575654993,1529343026
L6/29/1b.zst 0,0,1661296678,527145969,575874336,1530650313
L6/29/17.zst 0,0,1660464505,511768652,564717735,1558016404
L6/29/1d.zst 0,0,1661173813,526946464,578195389,1528651630
L6/29/1e.zst 0,0,1668211597,524945356,576986779,1524823564
L6/29/1f.zst 0,0,1660675970,511987628,597038551,1525265147
L6/29/14.zst 0,0,1660514948,512585519,563496570,1558370259
L6/29/22.zst 0,0,1659852583,498226400,597756176,1539132137
L6/29/18.zst 0,0,1668831077,525369918,575430554,1525335747
L6/29/19.zst 0,0,1668802653,525256304,575276936,1525631403
L6/29/23.zst 0,0,1659708513,500917325,597883061,1536458397
L6/29/24.zst 0,0,1659733967,497620291,599248244,1538364794
L6/29/21.zst 0,0,1659681248,499223210,598136574,1537926264
L6/29/27.zst 0,0,1659223562,502606624,598791260,1534345850
L6/29/2a.zst 0,0,1658991159,495821495,597723530,1542431112
L6/29/2b.zst 0,0,1658985391,490115853,595791489,1550074563
L6/29/2e.zst 0,0,1658967781,488705345,595093294,1552200876
L6/29/2f.zst 0,0,1659050918,498245908,598034129,1539636341
L6/29/30.zst 0,0,1668259246,514519834,575849878,1536338338
L6/29/2c.zst 0,0,1658955049,488420986,594578958,1553012303
L6/29/25.zst 0,0,1659687443,499463246,599091169,1536725438
L6/29/28.zst 0,0,1659040690,499752953,598869641,1537304012
L6/29/32.zst 0,0,1668172668,515645721,576685150,1534463757
L6/29/33.zst 0,0,1667828798,515575423,576057229,1535505846
L6/29/29.zst 0,0,1659314420,499017731,598659757,1537975388
L6/29/34.zst 0,0,1668171716,515592331,575900085,1535303164
L6/29/35.zst 0,0,1668282726,517669420,576013304,1533001846
L6/29/39.zst 0,0,1814508137,527626543,580144663,1372687953
L6/29/3a.zst 0,0,1668230926,537015783,573267254,1516453333
L6/29/3c.zst 0,0,1668158052,532127071,573424952,1521257221
L6/29/40.zst 0,0,1680377639,509462967,575640296,1529486394
L6/29/3f.zst 0,0,1668172938,527984388,572366990,1526442980
L6/29/41.zst 0,0,1680947007,513857437,575516616,1524646236
L6/29/3e.zst 0,0,1668279999,530512348,573291440,1522883509
L6/29/37.zst 0,0,1668190458,517834576,576140786,1532801476
L6/29/38.zst 0,0,1668225784,519458740,575552052,1531730720
L6/29/43.zst 0,0,1681230166,499697950,574342514,1539696666
L6/29/45.zst 0,0,1681596704,496568945,574244207,1542557440
L6/29/44.zst 0,0,1681258686,497860054,574246090,1541602466
L6/29/3b.zst 0,0,1668193055,532979309,573534540,1520260392
L6/29/4a.zst 0,0,1896740484,541922933,587821484,1268482395
L6/29/4b.zst 0,0,1896746267,542098182,588015270,1268107577
L6/29/4c.zst 0,0,1896741303,542071587,587883239,1268271167
L6/29/46.zst 0,0,1891509178,542091357,586722844,1274643917
L6/29/4f.zst 0,0,1896684666,542306357,588182953,1267793320
L6/29/50.zst 0,0,122214,2088178598,534453603,1672212881
L6/29/51.zst 0,0,79843,2186058382,575236999,1533592072
L6/29/48.zst 0,0,1896787891,541850414,587745627,1268583364
L6/29/49.zst 0,0,1896744727,541887855,587845491,1268489223
L6/29/54.zst 0,0,7109659,2215876325,524181504,1547799808
L6/29/55.zst 0,0,7169908,2214830988,515502336,1557464064
L6/29/4d.zst 0,0,1896731692,542088329,588015548,1268131727
L6/29/52.zst 0,0,7139440,2226278032,513976832,1547572992
L6/29/56.zst 0,0,1659029248,473084051,555756804,1607097193
L6/29/5a.zst 0,0,0,0,0,4294967296
L6/29/5b.zst 0,0,0,0,0,4294967296
L6/29/5e.zst 0,0,0,0,0,4294967296
L6/29/60.zst 0,0,1658894938,449538514,550515441,1636018403
L6/29/5d.zst 0,0,0,0,0,4294967296
L6/29/61.zst 0,0,1658898042,434686331,550668702,1650714221
L6/29/62.zst 0,0,1658894550,409369853,542326247,1684376646
L6/29/58.zst 0,0,0,0,0,4294967296
L6/29/64.zst 0,0,1659673871,431557786,546439615,1657296024
L6/29/59.zst 0,0,0,0,0,4294967296
L6/29/66.zst 0,0,1659675398,474894992,555349784,1605047122
L6/29/5c.zst 0,0,0,0,0,4294967296
L6/29/67.zst 0,0,1659722928,475715564,555303323,1604225481
L6/29/65.zst 0,0,1659836844,434494318,547883646,1652752488
L6/29/6a.zst 0,0,1659752412,515756521,575267786,1544190577
L6/29/6c.zst 0,0,1659754146,517909194,575017061,1542286895
L6/29/6e.zst 0,0,1659703704,519984260,574721081,1540558251
L6/29/71.zst 0,0,4294967296,0,0,0
L6/29/72.zst 0,0,1667978712,519966642,576023267,1530998675
L6/29/6f.zst 0,0,1659749827,525439406,575632555,1534145508
L6/29/73.zst 0,0,1922579597,522377905,544349830,1305659964
L6/29/69.zst 0,0,1668103474,493901096,568870758,1564091968
L6/29/6b.zst 0,0,1659721176,516546486,574993566,1543706068
L6/29/75.zst 0,0,3031496593,374970375,304776378,583723950
L6/29/76.zst 0,0,4294967296,0,0,0
L6/29/6d.zst 0,0,1659751280,519099089,574277971,1541838956
L6/29/78.zst 0,0,1667974780,519903203,575906673,1531182640
L6/29/7c.zst 0,0,4294967296,0,0,0
L6/29/7d.zst 0,0,4294967296,0,0,0
L6/29/77.zst 0,0,4294967296,0,0,0
L6/29/7f.zst 0,0,1922700270,515762254,545389138,1311115634
L6/29/80.zst 0,0,1664322509,519244223,575445806,1535954758
L6/29/82.zst 0,0,1659757044,524286160,574867524,1536056568
L6/29/84.zst 0,0,1661324447,520496135,575532805,1537613909
L6/29/85.zst 0,0,1665090186,516174586,576029922,1537672602
L6/29/79.zst 0,0,1922543536,522227777,544236011,1305959972
L6/29/87.zst 0,0,1668065166,514670334,575230148,1537001648
L6/29/83.zst 0,0,1659391410,524627495,574965238,1535983153
L6/29/7a.zst 0,0,2362498832,458544358,468514242,1005409864
L6/29/7e.zst 0,0,1667975313,518770483,575825990,1532395510
L6/29/88.zst 0,0,1659751530,522942844,574970096,1537302826
L6/29/89.zst 0,0,1659392359,523410092,575080624,1537084221
L6/29/8b.zst 0,0,1665096345,513549335,575959220,1540362396
L6/29/90.zst 0,0,13415548,2146388668,568817819,1566345261
L6/29/8d.zst 0,0,1668066048,504202520,572269584,1550429144
L6/29/91.zst 0,0,13145199,1946271813,586905233,1748645051
L6/29/92.zst 0,0,13405025,1946011987,586905233,1748645051
L6/29/94.zst 0,0,14894281,1998034002,569808419,1712230594
L6/29/96.zst 0,0,1666505544,489177684,567594423,1571689645
L6/29/97.zst 0,0,1666497930,485683118,566888715,1575897533
L6/29/8a.zst 0,0,1661279977,518742159,575610754,1539334406
L6/29/8e.zst 0,0,1659748455,512324451,571879687,1551014703
L6/29/8f.zst 0,0,1659433991,508614998,570264774,1556653533
L6/29/95.zst 0,0,15432631,1999752739,573355378,1706426548
L6/29/99.zst 0,0,0,0,0,4294967296
L6/29/9a.zst 0,0,0,0,0,4294967296
L6/29/9b.zst 0,0,0,0,0,4294967296
L6/29/a2.zst 0,0,13348406,1901370999,525890965,1854356926
L6/29/a1.zst 0,0,13141571,2117858693,554774203,1609192829
L6/29/a3.zst 0,0,14380564,1940735721,512507654,1827343357
L6/29/a0.zst 0,0,13412472,2118361830,554543004,1608649990
L6/29/a5.zst 0,0,15572140,1965274885,503075811,1811044460
L6/29/a6.zst 0,0,1658102798,453037977,548466428,1635360093
L6/29/a7.zst 0,0,1658150745,450878429,548013767,1637924355
L6/29/9e.zst 0,0,0,0,0,4294967296
L6/29/9d.zst 0,0,0,0,0,4294967296
L6/29/9f.zst 0,0,0,0,0,4294967296
L6/29/aa.zst 0,0,0,0,0,4294967296
L6/29/ab.zst 0,0,0,0,0,4294967296
L6/29/ac.zst 0,0,0,0,0,4294967296
L6/29/a9.zst 0,0,0,0,0,4294967296
L6/29/b1.zst 0,0,1666834521,473519393,562969366,1591644016
L6/29/b2.zst 0,0,1666803581,466704206,570562124,1590897385
L6/29/b3.zst 0,0,1666932886,480871444,566365728,1580797238
L6/29/b6.zst 0,0,1666833522,472567125,568175461,1587391188
L6/29/b5.zst 0,0,1666804044,467637481,568116777,1592408994
L6/29/b8.zst 0,0,1667659092,489671959,567512517,1570123728
L6/29/b7.zst 0,0,1666843000,471677194,564796740,1591650362
L6/29/ae.zst 0,0,0,0,0,4294967296
L6/29/af.zst 0,0,0,0,0,4294967296
L6/29/b0.zst 0,0,1667578697,487337067,567077654,1572973878
L6/29/ba.zst 0,0,1667328495,488183289,578143696,1561311816
L6/29/bc.zst 0,0,1667231438,475313888,566457131,1585964839
L6/29/bd.zst 0,0,1667328136,490342701,577085359,1560211100
L6/29/bb.zst 0,0,1667459807,502671457,574605785,1550230247
L6/29/c2.zst 0,0,1668021132,454365445,563473259,1609107460
L6/29/c3.zst 0,0,1667923544,472055098,566414785,1588573869
L6/29/c4.zst 0,0,1668046157,478581201,570464971,1577874967
L6/29/c7.zst 0,0,1668126287,491668403,596988692,1538183914
L6/29/c8.zst 0,0,1668177873,492292026,597134216,1537363181
L6/29/ca.zst 0,0,1668163559,492286439,596814422,1537702876
L6/29/c6.zst 0,0,1668071881,492217690,596341754,1538335971
L6/29/c0.zst 0,0,1667396354,507909726,578552409,1541108807
L6/29/bf.zst 0,0,1667373863,494738855,573287477,1559567101
L6/29/c1.zst 0,0,1667404830,482923395,590939710,1553699361
L6/29/cb.zst 0,0,1668172407,491713484,597175503,1537905902
L6/29/cc.zst 0,0,1668145092,491705097,597606865,1537510242
L6/29/ce.zst 0,0,1668168803,491615554,597829230,1537353709
L6/29/d3.zst 0,0,0,0,2757228936,1537738360
L6/29/d4.zst 0,0,0,0,2757154986,1537812310
L6/29/cf.zst 0,0,1668154374,489068901,601184182,1536559839
L6/29/d6.zst 0,0,0,0,2757389747,1537577549
L6/29/d7.zst 0,0,0,0,2757336228,1537631068
L6/29/d8.zst 0,0,0,0,2757483230,1537484066
L6/29/db.zst 0,0,0,0,2757800071,1537167225
L6/29/d1.zst 0,0,0,0,2757689592,1537277704
L6/29/dc.zst 0,0,0,0,2757548569,1537418727
L6/29/d2.zst 0,0,0,0,2757439813,1537527483
L6/29/d0.zst 0,0,0,0,2757670159,1537297137
L6/29/dd.zst 0,0,0,0,2758042120,1536925176
L6/29/da.zst 0,0,0,0,2757296492,1537670804
L6/29/df.zst 0,0,0,0,2757724998,1537242298
L6/29/e1.zst 0,0,14124979,2177729062,576265784,1526847471
L6/29/e4.zst 0,0,265240630,1640465158,604193796,1785067712
L6/29/e7.zst 0,0,1666508565,469938393,561273481,1597246857
L6/29/e8.zst 0,0,0,0,0,4294967296
L6/29/e5.zst 0,0,273422824,1636729924,603043765,1781770783
L6/29/e9.zst 0,0,0,0,0,4294967296
L6/29/eb.zst 0,0,0,0,0,4294967296
L6/29/ec.zst 0,0,0,0,0,4294967296
L6/29/e0.zst 0,0,86980078,1023323640,1647421450,1537242128
L6/29/e2.zst 0,0,235840916,1603679406,633410797,1822036177
L6/29/e3.zst 0,0,261458586,1620909693,612709347,1799889670
L6/29/ee.zst 0,0,0,0,0,4294967296
L6/29/f1.zst 0,0,4294967296,0,0,0
L6/29/f0.zst 0,0,4294967296,0,0,0
L6/29/ed.zst 0,0,0,0,0,4294967296
L6/29/f5.zst 0,0,4294967296,0,0,0
L6/29/f7.zst 0,0,4294967296,0,0,0
L6/29/f8.zst 0,0,4294967296,0,0,0
L6/29/fa.zst 0,0,4294967296,0,0,0
L6/29/f9.zst 0,0,4294967296,0,0,0
L6/29/f2.zst 0,0,4294967296,0,0,0
L6/29/fc.zst 0,0,4294967296,0,0,0
L6/29/f3.zst 0,0,4294967296,0,0,0
L6/29/fe.zst 0,0,4294967296,0,0,0
L6/29/f4.zst 0,0,4294967296,0,0,0
L6/29/ff.zst 0,0,4294967296,0,0,0
L6/2a/03.zst 0,0,1659989055,524923766,575744429,1534310046
L6/2a/07.zst 0,0,1659964954,524817756,575771890,1534412696
L6/2a/05.zst 0,0,1660057105,524930904,575718619,1534260668
L6/2a/00.zst 0,0,1663744060,526236288,576352763,1528634185
L6/2a/09.zst 0,0,1659993543,524560090,575621179,1534792484
L6/2a/0a.zst 0,0,1665712395,519786992,575751548,1533716361
L6/2a/0b.zst 0,0,1660034492,524363080,575729823,1534839901
L6/2a/01.zst 0,0,1659994766,525351413,575749595,1533871522
L6/2a/0e.zst 0,0,1659984205,524605518,575700565,1534677008
L6/2a/04.zst 0,0,1660345031,524643708,575712751,1534265806
L6/2a/0c.zst 0,0,1660070708,524656304,575762096,1534478188
L6/2a/0f.zst 0,0,1660023127,524829907,575211883,1534902379
L6/2a/06.zst 0,0,1660731928,524033163,575793330,1534408875
L6/2a/10.zst 0,0,1889339139,530351789,576372846,1298903522
L6/2a/13.zst 0,0,1660604067,512044242,563394387,1558924600
L6/2a/16.zst 0,0,1660566599,511987927,563403448,1559009322
L6/2a/18.zst 0,0,1668964778,525016767,575152395,1525833356
L6/2a/1a.zst 0,0,1661385662,528661937,575926034,1528993663
L6/2a/15.zst 0,0,1660588542,511722456,563424231,1559232067
L6/2a/1b.zst 0,0,1661303291,526839054,575942246,1530882705
L6/2a/1c.zst 0,0,1661281677,528439610,575970277,1529275732
L6/2a/11.zst 0,0,1660661276,512933045,563629787,1557743188
L6/2a/1e.zst 0,0,1668161608,524926726,577204001,1524674961
L6/2a/20.zst 0,0,1659800507,500244776,598449657,1536472356
L6/2a/14.zst 0,0,1660614726,512198765,563408060,1558745745
L6/2a/17.zst 0,0,1660597130,511203503,564760754,1558405909
L6/2a/21.zst 0,0,1659743483,498548075,598038292,1538637446
L6/2a/23.zst 0,0,1659683815,497980919,599083348,1538219214
L6/2a/1f.zst 0,0,1660654835,512054007,597341122,1524917332
L6/2a/25.zst 0,0,1659730107,500287781,599984584,1534964824
L6/2a/28.zst 0,0,1659023590,499525113,598281899,1538136694
L6/2a/29.zst 0,0,1658988382,495717945,597490344,1542770625
L6/2a/2c.zst 0,0,1659024975,494535612,598302830,1543103879
L6/2a/2a.zst 0,0,1659274019,489731561,594888739,1551072977
L6/2a/22.zst 0,0,1659850249,500593684,597912837,1536610526
L6/2a/2e.zst 0,0,1658982248,496841902,598211694,1540931452
L6/2a/2d.zst 0,0,1658917342,488756426,595593959,1551699569
L6/2a/30.zst 0,0,1668254521,514090817,576494981,1536126977
L6/2a/26.zst 0,0,1659241245,502330914,599084527,1534310610
L6/2a/27.zst 0,0,1659032514,499802093,598916118,1537216571
L6/2a/33.zst 0,0,1668174507,516030275,576422199,1534340315
L6/2a/34.zst 0,0,1668191901,516030308,576232698,1534512389
L6/2a/36.zst 0,0,1668300516,517618828,575707603,1533340349
L6/2a/31.zst 0,0,1667849642,514787444,575573663,1536756547
L6/2a/39.zst 0,0,1668217055,518829537,575997285,1531923419
L6/2a/3a.zst 0,0,1814567634,526644310,579993003,1373762349
L6/2a/3c.zst 0,0,1668117961,533097260,573956127,1519795948
L6/2a/3e.zst 0,0,1668033363,531706224,572595646,1522632063
L6/2a/32.zst 0,0,1667857213,515787764,575940733,1535381586
L6/2a/40.zst 0,0,1680455855,507439117,575669126,1531403198
L6/2a/3d.zst 0,0,1668164650,531907075,573057975,1521837596
L6/2a/41.zst 0,0,1680946828,513723823,575510324,1524786321
L6/2a/37.zst 0,0,1668244906,517358165,575800200,1533564025
L6/2a/38.zst 0,0,1668217617,517932250,576302931,1532514498
L6/2a/42.zst 0,0,1681266841,501950817,574739896,1537009742
L6/2a/45.zst 0,0,1681602029,496635971,574345084,1542384212
L6/2a/47.zst 0,0,1891509411,540880015,586617154,1275960716
L6/2a/4a.zst 0,0,1896742130,541800084,587793160,1268631922
L6/2a/46.zst 0,0,1891513152,541882698,586729800,1274841646
L6/2a/4c.zst 0,0,1896744793,541860551,587846627,1268515325
L6/2a/4d.zst 0,0,1896735485,541905143,587996354,1268330314
L6/2a/4e.zst 0,0,1896735939,542102985,587913105,1268215267
L6/2a/43.zst 0,0,1681258761,499698688,574419198,1539590649
L6/2a/51.zst 0,0,58588,2185440799,575751548,1533716361
L6/2a/52.zst 0,0,7045094,2207835930,511189504,1568896768
L6/2a/48.zst 0,0,1896755904,541683996,587747654,1268779742
L6/2a/4f.zst 0,0,1896689605,542194892,588192179,1267890620
L6/2a/49.zst 0,0,1896741717,541659947,587844217,1268721415
L6/2a/53.zst 0,0,6992621,2187090451,519034368,1581849856
L6/2a/57.zst 0,0,1659072805,468479046,554908291,1612507154
L6/2a/56.zst 0,0,1659005877,472927600,556377540,1606656279
L6/2a/5b.zst 0,0,0,0,0,4294967296
L6/2a/5d.zst 0,0,0,0,0,4294967296
L6/2a/5e.zst 0,0,0,0,0,4294967296
L6/2a/59.zst 0,0,0,0,0,4294967296
L6/2a/5f.zst 0,0,0,0,0,4294967296
L6/2a/55.zst 0,0,7148097,2203932607,514945280,1568941312
L6/2a/61.zst 0,0,1658882157,434048834,557997151,1644039154
L6/2a/62.zst 0,0,1658892535,411595751,542183455,1682295555
L6/2a/58.zst 0,0,0,0,0,4294967296
L6/2a/64.zst 0,0,1659658075,433002880,547015947,1655290394
L6/2a/5a.zst 0,0,0,0,0,4294967296
L6/2a/63.zst 0,0,1659341378,426078227,544716804,1664830887
L6/2a/67.zst 0,0,1659705452,474272418,555793453,1605195973
L6/2a/68.zst 0,0,1668092468,488586202,567824470,1570464156
L6/2a/6a.zst 0,0,1659739806,515308346,575856720,1544062424
L6/2a/6e.zst 0,0,1659682717,519249425,575227796,1540807358
L6/2a/6f.zst 0,0,1659735157,524784301,575632112,1534815726
L6/2a/65.zst 0,0,1659836994,435919350,548368067,1650842885
L6/2a/70.zst 0,0,4294967296,0,0,0
L6/2a/6c.zst 0,0,1659753613,517332024,575597376,1542284283
L6/2a/72.zst 0,0,1667998977,519721162,576317676,1530929481
L6/2a/73.zst 0,0,1922679997,521981603,544411267,1305894429
L6/2a/69.zst 0,0,1668086866,493111146,569595882,1564173402
L6/2a/75.zst 0,0,3031497644,374886307,304723603,583859742
L6/2a/6b.zst 0,0,1659689098,515362512,575311079,1544604607
L6/2a/77.zst 0,0,4294967296,0,0,0
L6/2a/79.zst 0,0,1922676753,521558636,544368848,1306363059
L6/2a/76.zst 0,0,4294967296,0,0,0
L6/2a/7b.zst 0,0,3031497833,374884272,304724548,583860643
L6/2a/7d.zst 0,0,4294967296,0,0,0
L6/2a/7f.zst 0,0,1922797543,514541906,545530992,1312096855
L6/2a/81.zst 0,0,1668212629,514267125,575802926,1536684616
L6/2a/74.zst 0,0,2362596469,458081464,468602508,1005686855
L6/2a/83.zst 0,0,1659330379,523779664,575593618,1536263635
L6/2a/80.zst 0,0,1664386995,518128196,576048349,1536403756
L6/2a/84.zst 0,0,1661139334,519312667,576321963,1538193332
L6/2a/85.zst 0,0,1664957929,515145728,576582336,1538281303
L6/2a/7a.zst 0,0,2362467115,458563766,468446627,1005489788
L6/2a/7c.zst 0,0,4294967296,0,0,0
L6/2a/88.zst 0,0,1659734075,522002306,575419355,1537811560
L6/2a/8a.zst 0,0,1661148551,517872148,576116591,1539830006
L6/2a/8b.zst 0,0,1664953707,512484985,576579929,1540948675
L6/2a/8e.zst 0,0,1659728305,511035621,572366601,1551836769
L6/2a/89.zst 0,0,1659318136,522354752,575515515,1537778893
L6/2a/90.zst 0,0,13415348,2146080014,569234751,1566237183
L6/2a/91.zst 0,0,13140243,1945629007,587122644,1749075402
L6/2a/86.zst 0,0,1664282864,517046348,576263647,1537374437
L6/2a/92.zst 0,0,13410935,1945358315,587122644,1749075402
L6/2a/96.zst 0,0,1666491846,488509225,568316146,1571650079
L6/2a/95.zst 0,0,15430835,1997906150,573129838,1708500473
L6/2a/94.zst 0,0,14894649,1996419257,569950288,1713703102
L6/2a/8c.zst 0,0,1664292765,514709076,575867817,1540097638
L6/2a/98.zst 0,0,0,0,0,4294967296
L6/2a/8d.zst 0,0,1668207415,503023742,572631234,1551104905
L6/2a/9a.zst 0,0,0,0,0,4294967296
L6/2a/9b.zst 0,0,0,0,0,4294967296
L6/2a/9e.zst 0,0,0,0,0,4294967296
L6/2a/a1.zst 0,0,13139227,2117037112,554085734,1610705223
L6/2a/a2.zst 0,0,13343668,1901218487,526385771,1854019370
L6/2a/9c.zst 0,0,0,0,0,4294967296
L6/2a/97.zst 0,0,1666493108,485041761,567206241,1576226186
L6/2a/a3.zst 0,0,14369084,1939930880,512929434,1827737898
L6/2a/a5.zst 0,0,15569593,1963680544,503380911,1812336248
L6/2a/a6.zst 0,0,1658090537,452459155,549120029,1635297575
L6/2a/9d.zst 0,0,0,0,0,4294967296
L6/2a/a9.zst 0,0,0,0,0,4294967296
L6/2a/a0.zst 0,0,13413014,2116956148,554273070,1610325064
L6/2a/a7.zst 0,0,1658140295,450140461,548045848,1638640692
L6/2a/ab.zst 0,0,0,0,0,4294967296
L6/2a/ac.zst 0,0,0,0,0,4294967296
L6/2a/ae.zst 0,0,0,0,0,4294967296
L6/2a/b2.zst 0,0,1666777398,458356753,567821690,1602011455
L6/2a/b3.zst 0,0,1666726418,461529916,559484301,1607226661
L6/2a/b4.zst 0,0,1666705666,446088300,557475166,1624698164
L6/2a/a8.zst 0,0,0,0,0,4294967296
L6/2a/b1.zst 0,0,1666847661,479437475,566746054,1581936106
L6/2a/b6.zst 0,0,1666830889,463816281,564676768,1599643358
L6/2a/b7.zst 0,0,1667529074,467617901,574507506,1585312815
L6/2a/b8.zst 0,0,1667634353,488449294,567654280,1571229369
L6/2a/ad.zst 0,0,0,0,0,4294967296
L6/2a/b0.zst 0,0,1667566762,486090084,567215560,1574094890
L6/2a/bc.zst 0,0,1667227339,468840648,564570560,1594328749
L6/2a/bd.zst 0,0,1667379186,499269434,576722592,1551596084
L6/2a/bb.zst 0,0,1667251481,482995608,568785932,1575934275
L6/2a/be.zst 0,0,1667310704,486306412,572756470,1568593710
L6/2a/c2.zst 0,0,1667922179,455941336,563539334,1607564447
L6/2a/c3.zst 0,0,1667876680,472933533,566343611,1587813472
L6/2a/c5.zst 0,0,1668016084,482947196,571299915,1572704101
L6/2a/b9.zst 0,0,1666881044,484535367,568575223,1574975662
L6/2a/c7.zst 0,0,1668114869,490943099,597322818,1538586510
L6/2a/c4.zst 0,0,1668021204,479019713,569744350,1578182029
L6/2a/c8.zst 0,0,1668159669,491190713,597701188,1537915726
L6/2a/c9.zst 0,0,1668142063,491473216,597758817,1537593200
L6/2a/cc.zst 0,0,1668147638,490374982,598259656,1538185020
L6/2a/c0.zst 0,0,1667406979,508157052,578807784,1540595481
L6/2a/c1.zst 0,0,1667360592,469364325,589234750,1569007629
L6/2a/cf.zst 0,0,1668143322,488133065,601710613,1536980296
L6/2a/ce.zst 0,0,1668139635,490782991,598648168,1537396502
L6/2a/d1.zst 0,0,0,0,2756480553,1538486743
L6/2a/cd.zst 0,0,1668136408,491060128,598313627,1537457133
L6/2a/d4.zst 0,0,0,0,2756518016,1538449280
L6/2a/d5.zst 0,0,0,0,2756765928,1538201368
L6/2a/d7.zst 0,0,0,0,2757199612,1537767684
L6/2a/cb.zst 0,0,1668169781,490920358,598149164,1537727993
L6/2a/d9.zst 0,0,0,0,2757101949,1537865347
L6/2a/da.zst 0,0,0,0,2756730625,1538236671
L6/2a/dc.zst 0,0,0,0,2757573128,1537394168
L6/2a/d8.zst 0,0,0,0,2756666380,1538300916
L6/2a/d3.zst 0,0,0,0,2757230194,1537737102
L6/2a/d2.zst 0,0,0,0,2756833405,1538133891
L6/2a/de.zst 0,0,0,0,2756806256,1538161040
L6/2a/e1.zst 0,0,14125948,2177598690,576334734,1526907924
L6/2a/e0.zst 0,0,86994384,1023293757,1646900262,1537778893
L6/2a/e5.zst 0,0,273437073,1636112090,603348122,1782070011
L6/2a/e2.zst 0,0,235602790,1603151365,632935329,1823277812
L6/2a/e7.zst 0,0,1666495733,469451613,561424493,1597595457
L6/2a/e8.zst 0,0,0,0,0,4294967296
L6/2a/dd.zst 0,0,0,0,2757984576,1536982720
L6/2a/e9.zst 0,0,0,0,0,4294967296
L6/2a/eb.zst 0,0,0,0,0,4294967296
L6/2a/ed.zst 0,0,0,0,0,4294967296
L6/2a/e3.zst 0,0,261360386,1620365790,612271673,1800969447
L6/2a/ea.zst 0,0,0,0,0,4294967296
L6/2a/e4.zst 0,0,265227079,1639404136,604079409,1786256672
L6/2a/f0.zst 0,0,4294967296,0,0,0
L6/2a/ef.zst 0,0,0,0,0,4294967296
L6/2a/f2.zst 0,0,4294967296,0,0,0
L6/2a/f4.zst 0,0,4294967296,0,0,0
L6/2a/f7.zst 0,0,4294967296,0,0,0
L6/2a/f8.zst 0,0,4294967296,0,0,0
L6/2a/f9.zst 0,0,4294967296,0,0,0
L6/2a/fc.zst 0,0,4294967296,0,0,0
L6/2a/ee.zst 0,0,0,0,0,4294967296
L6/2a/fd.zst 0,0,4294967296,0,0,0
L6/2a/fb.zst 0,0,4294967296,0,0,0
L6/2a/f3.zst 0,0,4294967296,0,0,0
L6/2a/f5.zst 0,0,4294967296,0,0,0
L6/2a/ff.zst 0,0,4294967296,0,0,0
L6/2b/01.zst 0,0,1660094271,524107291,575099925,1535665809
L6/2b/03.zst 0,0,1660014738,523890686,575188948,1535872924
L6/2b/07.zst 0,0,1660019878,523724133,575223699,1535999586
L6/2b/09.zst 0,0,1660019924,523601021,575143987,1536202364
L6/2b/0a.zst 0,0,1660023338,523407380,575264435,1536272143
L6/2b/04.zst 0,0,1659993654,523967626,575285623,1535720393
L6/2b/0b.zst 0,0,1665643075,518788027,575314497,1535221697
L6/2b/0d.zst 0,0,1660707840,523167151,575209646,1535882659
L6/2b/02.zst 0,0,1660597112,523374210,575312287,1535683687
L6/2b/0e.zst 0,0,1660303975,523511566,575092001,1536059754
L6/2b/05.zst 0,0,1660031860,523795319,575096888,1536043229
L6/2b/06.zst 0,0,1660001305,523887195,575200345,1535878451
L6/2b/10.zst 0,0,1889151054,530681999,576403474,1298730769
L6/2b/0f.zst 0,0,1660009378,523640638,575014525,1536302755
L6/2b/12.zst 0,0,1660428287,513077693,563684652,1557776664
L6/2b/14.zst 0,0,1660421326,512667502,563653159,1558225309
L6/2b/18.zst 0,0,1668773293,525128220,575143366,1525922417
L6/2b/1a.zst 0,0,1661346149,528543836,575848960,1529228351
L6/2b/1b.zst 0,0,1661284439,527144688,575907534,1530630635
L6/2b/19.zst 0,0,1668739262,524907701,575316921,1526003412
L6/2b/1e.zst 0,0,1668181300,524723969,577123895,1524938132
L6/2b/13.zst 0,0,1660388125,512120579,563370302,1559088290
L6/2b/1d.zst 0,0,1661140277,526793737,578182271,1528851011
L6/2b/1f.zst 0,0,1660662753,511776610,597033564,1525494369
L6/2b/15.zst 0,0,1660395184,511887080,563521248,1559163784
L6/2b/16.zst 0,0,1660361451,511856104,563601986,1559147755
L6/2b/22.zst 0,0,1659799268,497363506,599243630,1538560892
L6/2b/25.zst 0,0,1659218017,502531302,599011915,1534206062
L6/2b/24.zst 0,0,1659718756,500361439,599736616,1535150485
L6/2b/20.zst 0,0,1659802916,499224761,597930584,1538009035
L6/2b/29.zst 0,0,1658994130,489905131,595609056,1550458979
L6/2b/2a.zst 0,0,1659004505,488266831,595433229,1552262731
L6/2b/2b.zst 0,0,1659253302,494397523,598179834,1543136637
L6/2b/2e.zst 0,0,1658936635,495390262,598060402,1542579997
L6/2b/23.zst 0,0,1659668602,500033392,599516205,1535749097
L6/2b/2f.zst 0,0,1658979058,490925226,596545408,1548517604
L6/2b/2c.zst 0,0,1658936416,488730154,595905833,1551394893
L6/2b/30.zst 0,0,1668245161,512857387,575708409,1538156339
L6/2b/26.zst 0,0,1658999390,499822304,598690090,1537455512
L6/2b/27.zst 0,0,1659005738,499427608,598594062,1537939888
L6/2b/32.zst 0,0,1668150531,514508025,575268844,1537039896
L6/2b/34.zst 0,0,1668185786,516080934,576261440,1534439136
L6/2b/36.zst 0,0,1668180459,515357667,575843927,1535585243
L6/2b/39.zst 0,0,1668175356,517604796,576396487,1532790657
L6/2b/35.zst 0,0,1668165805,515662352,576244654,1534894485
L6/2b/3b.zst 0,0,1814555889,526947836,579696179,1373767392
L6/2b/3c.zst 0,0,1668155756,537030249,573270613,1516510678
L6/2b/3d.zst 0,0,1668155058,532781978,573457929,1520572331
L6/2b/33.zst 0,0,1668186203,515100673,575802232,1535878188
L6/2b/40.zst 0,0,1680486314,506881390,575300553,1532299039
L6/2b/41.zst 0,0,1680945590,513728538,575542763,1524750405
L6/2b/37.zst 0,0,1668276853,518351096,575994464,1532344883
L6/2b/38.zst 0,0,1668207356,517331083,575510803,1533918054
L6/2b/3f.zst 0,0,1668199478,531802351,572501940,1522463527
L6/2b/42.zst 0,0,1681215017,501804152,574707814,1537240313
L6/2b/45.zst 0,0,1681599085,496598103,574434754,1542335354
L6/2b/46.zst 0,0,1891510284,541970345,586751296,1274735371
L6/2b/4a.zst 0,0,1896739270,541758167,587795725,1268674134
L6/2b/4c.zst 0,0,1896742507,541614779,587786640,1268823370
L6/2b/49.zst 0,0,1896741559,541656598,587842979,1268726160
L6/2b/4d.zst 0,0,1896737045,541891606,587954867,1268383778
L6/2b/4e.zst 0,0,1896735184,542062524,587901652,1268267936
L6/2b/50.zst 0,0,99222,2083103992,532721156,1679042926
L6/2b/44.zst 0,0,1681266361,497825177,574325736,1541550022
L6/2b/52.zst 0,0,7003736,2199017640,504201472,1584744448
L6/2b/47.zst 0,0,1891506262,541002247,586689540,1275769247
L6/2b/48.zst 0,0,1896763093,541678159,587758559,1268767485
L6/2b/53.zst 0,0,6959220,2188727692,512649216,1586631168
L6/2b/55.zst 0,0,7214270,2230978882,529005312,1527768832
L6/2b/51.zst 0,0,58416,2184372686,575314497,1535221697
L6/2b/57.zst 0,0,1659053472,467408348,554746243,1613759233
L6/2b/5a.zst 0,0,0,0,0,4294967296
L6/2b/5b.zst 0,0,0,0,0,4294967296
L6/2b/5e.zst 0,0,0,0,0,4294967296
L6/2b/5f.zst 0,0,0,0,0,4294967296
L6/2b/60.zst 0,0,1658900656,441196433,546831398,1648038809
L6/2b/5d.zst 0,0,0,0,0,4294967296
L6/2b/56.zst 0,0,1659026664,471396929,555945697,1608598006
L6/2b/62.zst 0,0,1658762281,415508097,541437394,1679259524
L6/2b/58.zst 0,0,0,0,0,4294967296
L6/2b/59.zst 0,0,0,0,0,4294967296
L6/2b/63.zst 0,0,1659390584,428079412,544166057,1663331243
L6/2b/64.zst 0,0,1659655778,433124611,546252364,1655934543
L6/2b/68.zst 0,0,1668084829,487427137,567175963,1572279367
L6/2b/65.zst 0,0,1659799315,436988781,548077285,1650101915
L6/2b/6b.zst 0,0,1659690054,514705710,574943787,1545627745
L6/2b/6c.zst 0,0,1659737350,516171323,575141139,1543917484
L6/2b/6e.zst 0,0,1659683018,517944787,574587443,1542752048
L6/2b/70.zst 0,0,4294967296,0,0,0
L6/2b/71.zst 0,0,4294967296,0,0,0
L6/2b/67.zst 0,0,1659746490,473407975,555276590,1606536241
L6/2b/6f.zst 0,0,1659731900,523678528,575598644,1535958224
L6/2b/69.zst 0,0,1668083416,492234544,568861491,1565787845
L6/2b/6a.zst 0,0,1659732585,513799386,575508503,1545926822
L6/2b/74.zst 0,0,2362888107,457682772,468435982,1005960435
L6/2b/73.zst 0,0,1922620549,520877324,544361719,1307107704
L6/2b/76.zst 0,0,4294967296,0,0,0
L6/2b/7b.zst 0,0,3031492695,374919299,304770524,583784778
L6/2b/7c.zst 0,0,4294967296,0,0,0
L6/2b/7d.zst 0,0,4294967296,0,0,0
L6/2b/78.zst 0,0,1668014334,517987417,575906577,1533058968
L6/2b/7f.zst 0,0,1922745104,514145532,545467835,1312608825
L6/2b/80.zst 0,0,1664289326,516830790,575380233,1538466947
L6/2b/82.zst 0,0,1659733953,522162469,574901242,1538169632
L6/2b/77.zst 0,0,4294967296,0,0,0
L6/2b/84.zst 0,0,1661562888,518510160,575596159,1539298089
L6/2b/79.zst 0,0,1922620300,520594035,544537654,1307215307
L6/2b/83.zst 0,0,1659509191,522587748,574860653,1538009704
L6/2b/85.zst 0,0,1665320879,513774652,575894587,1539977178
L6/2b/7a.zst 0,0,2362887764,457902026,468384671,1005792835
L6/2b/87.zst 0,0,1668036326,512671475,575268711,1538990784
L6/2b/89.zst 0,0,1659493547,521454641,574889726,1539129382
L6/2b/8c.zst 0,0,1664195890,513947077,575308736,1541515593
L6/2b/8f.zst 0,0,1659548644,506850707,570106515,1558461430
L6/2b/8b.zst 0,0,1665252759,511924107,575861120,1541929310
L6/2b/90.zst 0,0,13414733,2145999438,569457730,1566095395
L6/2b/91.zst 0,0,13147690,1944972532,587237820,1749609254
L6/2b/93.zst 0,0,14655405,1976361804,576417588,1727532499
L6/2b/95.zst 0,0,15436145,1996778092,573977818,1708775241
L6/2b/88.zst 0,0,1659728532,520998164,574767388,1539473212
L6/2b/8a.zst 0,0,1661557533,516560807,575678007,1541170949
L6/2b/8d.zst 0,0,1668035139,501521254,572174116,1553236787
L6/2b/96.zst 0,0,1666486134,487683594,568094112,1572703456
L6/2b/98.zst 0,0,0,0,0,4294967296
L6/2b/94.zst 0,0,14900678,1995538752,570020184,1714507682
L6/2b/99.zst 0,0,0,0,0,4294967296
L6/2b/9d.zst 0,0,0,0,0,4294967296
L6/2b/9e.zst 0,0,0,0,0,4294967296
L6/2b/a1.zst 0,0,13146692,2116274443,554570264,1610975897
L6/2b/a2.zst 0,0,13349693,1900007331,526324508,1855285764
L6/2b/a3.zst 0,0,14376650,1939383917,512718687,1828488042
L6/2b/a0.zst 0,0,13417617,2115726618,554918049,1610905012
L6/2b/a5.zst 0,0,15578387,1964181847,503650047,1811557015
L6/2b/9a.zst 0,0,0,0,0,4294967296
L6/2b/9b.zst 0,0,0,0,0,4294967296
L6/2b/9c.zst 0,0,0,0,0,4294967296
L6/2b/a7.zst 0,0,1658132976,448876872,547802266,1640155182
L6/2b/a6.zst 0,0,1658083513,451669513,548539744,1636674526
L6/2b/aa.zst 0,0,0,0,0,4294967296
L6/2b/a9.zst 0,0,0,0,0,4294967296
L6/2b/ae.zst 0,0,0,0,0,4294967296
L6/2b/b0.zst 0,0,1667612595,485223594,566892311,1575238796
L6/2b/b1.zst 0,0,1666809218,468754197,561418667,1597985214
L6/2b/b3.zst 0,0,1666773753,407968424,540804166,1679420953
L6/2b/b5.zst 0,0,1666769644,452638713,562636925,1612922014
L6/2b/b6.zst 0,0,1667265861,455135991,569260255,1603305189
L6/2b/b2.zst 0,0,1666792508,456163259,560746629,1611264900
L6/2b/ab.zst 0,0,0,0,0,4294967296
L6/2b/ac.zst 0,0,0,0,0,4294967296
L6/2b/ad.zst 0,0,0,0,0,4294967296
L6/2b/b7.zst 0,0,1666853662,470057741,565406927,1592648966
L6/2b/b9.zst 0,0,1666844992,473384451,563150998,1591586855
L6/2b/ba.zst 0,0,1667315578,478202710,568091317,1581357691
L6/2b/bf.zst 0,0,1667385162,493514157,573506421,1560561556
L6/2b/bb.zst 0,0,1667296203,429762874,548882647,1649025572
L6/2b/c1.zst 0,0,1667377566,468405901,590036164,1569147665
L6/2b/c2.zst 0,0,1668001000,454769567,563357307,1608839422
L6/2b/c3.zst 0,0,1667925056,471772185,566216412,1589053643
L6/2b/c6.zst 0,0,1668107948,489806561,597241441,1539811346
L6/2b/c7.zst 0,0,1668105777,489779368,596869700,1540212451
L6/2b/bc.zst 0,0,1667346982,479375461,571033277,1577211576
L6/2b/bd.zst 0,0,1667330139,482454671,576300928,1568881558
L6/2b/c8.zst 0,0,1668133538,490626010,597131890,1539075858
L6/2b/be.zst 0,0,1667797348,477314687,577603920,1572251341
L6/2b/c5.zst 0,0,1668094607,481449803,571722277,1573700609
L6/2b/cb.zst 0,0,1668139108,490154798,597464206,1539209184
L6/2b/ca.zst 0,0,1668168211,490594709,596795201,1539409175
L6/2b/ce.zst 0,0,1668135694,489895689,598297156,1538638757
L6/2b/d2.zst 0,0,0,0,2755233414,1539733882
L6/2b/d3.zst 0,0,0,0,2754922497,1540044799
L6/2b/d0.zst 0,0,0,0,2756274788,1538692508
L6/2b/d4.zst 0,0,0,0,2755163723,1539803573
L6/2b/d6.zst 0,0,0,0,2755275849,1539691447
L6/2b/d7.zst 0,0,0,0,2755231509,1539735787
L6/2b/cc.zst 0,0,1668146514,489964696,597900842,1538955244
L6/2b/cd.zst 0,0,1668139933,490127897,598048653,1538650813
L6/2b/d9.zst 0,0,0,0,2755910733,1539056563
L6/2b/cf.zst 0,0,1668139629,487006319,601449134,1538372214
L6/2b/db.zst 0,0,0,0,2756729647,1538237649
L6/2b/d8.zst 0,0,0,0,2755509575,1539457721
L6/2b/dc.zst 0,0,0,0,2756528317,1538438979
L6/2b/df.zst 0,0,0,0,2755897093,1539070203
L6/2b/e2.zst 0,0,235596960,1602507364,632890220,1823972752
L6/2b/e4.zst 0,0,264943046,1639233042,603700473,1787090735
L6/2b/e5.zst 0,0,273381835,1636965707,603262106,1781357648
L6/2b/e3.zst 0,0,261245362,1619586802,612065778,1802069354
L6/2b/e7.zst 0,0,1666495545,468272924,561147345,1599051482
L6/2b/e8.zst 0,0,0,0,0,4294967296
L6/2b/dd.zst 0,0,0,0,2755442744,1539524552
L6/2b/e9.zst 0,0,0,0,0,4294967296
L6/2b/e0.zst 0,0,86976420,1022784194,1645566548,1539640134
L6/2b/de.zst 0,0,0,0,2755374491,1539592805
L6/2b/ec.zst 0,0,0,0,0,4294967296
L6/2b/ed.zst 0,0,0,0,0,4294967296
L6/2b/eb.zst 0,0,0,0,0,4294967296
L6/2b/ef.zst 0,0,0,0,0,4294967296
L6/2b/f3.zst 0,0,4294967296,0,0,0
L6/2b/f4.zst 0,0,4294967296,0,0,0
L6/2b/f7.zst 0,0,4294967296,0,0,0
L6/2b/f8.zst 0,0,4294967296,0,0,0
L6/2b/f6.zst 0,0,4294967296,0,0,0
L6/2b/f0.zst 0,0,4294967296,0,0,0
L6/2b/fa.zst 0,0,4294967296,0,0,0
L6/2b/fb.zst 0,0,4294967296,0,0,0
L6/2b/f1.zst 0,0,4294967296,0,0,0
L6/2b/fd.zst 0,0,4294967296,0,0,0
L6/2b/ee.zst 0,0,0,0,0,4294967296
L6/2b/fe.zst 0,0,4294967296,0,0,0
L6/2c/02.zst 0,0,1660083902,526322037,576017241,1532544116
L6/2c/01.zst 0,0,1659990149,526633707,576028001,1532315439
L6/2c/04.zst 0,0,1660082889,526202088,576011907,1532670412
L6/2b/ff.zst 0,0,4294967296,0,0,0
L6/2c/08.zst 0,0,1660362776,525496069,575920496,1533187955
L6/2c/0a.zst 0,0,1660057423,525890992,575968990,1533049891
L6/2c/06.zst 0,0,1660062850,526089492,575996276,1532818678
L6/2c/09.zst 0,0,1659990960,525628766,575897883,1533449687
L6/2c/0d.zst 0,0,1660043131,525854985,575943415,1533125765
L6/2c/03.zst 0,0,1660043352,526266070,576014890,1532642984
L6/2c/0e.zst 0,0,1660091936,525912268,576031007,1532932085
L6/2c/05.zst 0,0,1659989864,526191017,576010260,1532776155
L6/2c/10.zst 0,0,1889188541,530874511,576489391,1298414853
L6/2c/0f.zst 0,0,1659984937,525865757,575872781,1533243821
L6/2c/12.zst 0,0,1660460566,513173055,563637502,1557696173
L6/2c/14.zst 0,0,1660483560,512971382,563687511,1557824843
L6/2c/16.zst 0,0,1660398267,512052457,563776740,1558739832
L6/2c/19.zst 0,0,1668776599,525063966,575387800,1525738931
L6/2c/0c.zst 0,0,1665661795,521096585,576034431,1532174485
L6/2c/1a.zst 0,0,1661387773,528601755,575849132,1529128636
L6/2c/1b.zst 0,0,1661485062,526868023,576173713,1530440498
L6/2c/18.zst 0,0,1668849470,525319690,575331612,1525466524
L6/2c/1d.zst 0,0,1661177436,527041069,578091683,1528657108
L6/2c/13.zst 0,0,1660482169,512323417,563684998,1558476712
L6/2c/1f.zst 0,0,1660660068,512032232,597450349,1524824647
L6/2c/15.zst 0,0,1660416869,512118537,563483512,1558948378
L6/2c/20.zst 0,0,1659813915,501413210,598739540,1535000631
L6/2c/23.zst 0,0,1659705603,500834196,600188243,1534239254
L6/2c/25.zst 0,0,1659008147,499915738,598526308,1537517103
L6/2c/21.zst 0,0,1659720904,497932002,599143340,1538171050
L6/2c/27.zst 0,0,1659015225,495827669,597922544,1542201858
L6/2c/29.zst 0,0,1658961459,488493541,594581210,1552931086
L6/2c/2a.zst 0,0,1659030581,494448065,598952972,1542535678
L6/2c/1e.zst 0,0,1668232751,524941583,577193059,1524599903
L6/2c/2c.zst 0,0,1659259826,495300684,598202386,1542204400
L6/2c/2e.zst 0,0,1658937751,490625402,596909242,1548494901
L6/2c/2f.zst 0,0,1659024279,495104880,598681271,1542156866
L6/2c/24.zst 0,0,1659273087,503554552,598950850,1533188807
L6/2c/2b.zst 0,0,1658942339,488641334,595702999,1551680624
L6/2c/26.zst 0,0,1659065860,499683436,598603872,1537614128
L6/2c/31.zst 0,0,1667891490,512891919,575603441,1538580446
L6/2c/33.zst 0,0,1667826165,514306389,575158307,1537676435
L6/2c/34.zst 0,0,1667909131,516382168,576041772,1534634225
L6/2c/38.zst 0,0,1668343023,518972625,575993679,1531657969
L6/2c/3a.zst 0,0,1668196485,517320629,575732976,1533717206
L6/2c/36.zst 0,0,1667811977,515904585,576598538,1534652196
L6/2c/3b.zst 0,0,1668214740,518684685,575442467,1532625404
L6/2c/30.zst 0,0,1668314243,515191409,576311961,1535149683
L6/2c/3c.zst 0,0,1814566251,527234931,579935815,1373230299
L6/2c/3e.zst 0,0,1668290618,532599564,573647354,1520429760
L6/2c/40.zst 0,0,1680524184,506582774,574671947,1533188391
L6/2c/35.zst 0,0,1668163477,516319485,576319799,1534164535
L6/2c/37.zst 0,0,1668170536,516022709,575759222,1535014829
L6/2c/3f.zst 0,0,1668183121,531978892,572961485,1521843798
L6/2c/42.zst 0,0,1681261470,502158265,574821142,1536726419
L6/2c/44.zst 0,0,1681273135,498155792,574530940,1541007429
L6/2c/45.zst 0,0,1681601307,496915248,574591652,1541859089
L6/2c/49.zst 0,0,1896751623,542009873,587990878,1268214922
L6/2c/4b.zst 0,0,1896781535,542249594,588154214,1267781953
L6/2c/4c.zst 0,0,1896750127,542188659,588050345,1267978165
L6/2c/41.zst 0,0,1680952831,513895892,575642007,1524476566
L6/2c/48.zst 0,0,1896778517,541999993,587910414,1268278372
L6/2c/4f.zst 0,0,1896693714,542511038,588367770,1267394774
L6/2c/50.zst 0,0,191937,2090240226,545458800,1659076333
L6/2c/4e.zst 0,0,1896743563,542424315,588065971,1267733447
L6/2c/46.zst 0,0,1891514951,542242020,586849122,1274361203
L6/2c/47.zst 0,0,1891512772,541221689,586783753,1275449082
L6/2c/55.zst 0,0,7238768,2243374480,527613184,1516740864
L6/2c/54.zst 0,0,7119288,2229658696,527817472,1530371840
L6/2c/56.zst 0,0,1659011676,474533650,557149049,1604272921
L6/2c/52.zst 0,0,7017892,2209824860,510056192,1568068352
L6/2c/59.zst 0,0,0,0,0,4294967296
L6/2c/5a.zst 0,0,0,0,0,4294967296
L6/2c/5c.zst 0,0,0,0,0,4294967296
L6/2c/51.zst 0,0,100010,2186658370,576034431,1532174485
L6/2c/5e.zst 0,0,0,0,0,4294967296
L6/2c/5f.zst 0,0,0,0,0,4294967296
L6/2c/5d.zst 0,0,0,0,0,4294967296
L6/2c/61.zst 0,0,1658865182,431829980,570316232,1633955902
L6/2c/57.zst 0,0,1659062655,470371275,556158373,1609374993
L6/2c/58.zst 0,0,0,0,0,4294967296
L6/2c/63.zst 0,0,1659332880,429912555,545046126,1660675735
L6/2c/64.zst 0,0,1659620966,435792479,546585261,1652968590
L6/2c/67.zst 0,0,1659717969,475799149,555965345,1603484833
L6/2c/6a.zst 0,0,1659745139,516450307,576124157,1542647693
L6/2c/66.zst 0,0,1659667964,475128972,555983562,1604186798
L6/2c/6b.zst 0,0,1659699012,517054204,575720300,1542493780
L6/2c/6d.zst 0,0,1659746091,519817786,575017213,1540386206
L6/2c/62.zst 0,0,1658855661,420250577,542883619,1672977439
L6/2c/6e.zst 0,0,1659707965,520648195,575425050,1539186086
L6/2c/70.zst 0,0,4294967296,0,0,0
L6/2c/72.zst 0,0,1668041014,520450489,576673592,1529802201
L6/2c/68.zst 0,0,1668100037,489909522,567801891,1569155846
L6/2c/6f.zst 0,0,1659807658,525711307,576372570,1533075761
L6/2c/69.zst 0,0,1668099103,494569528,569641992,1562656673
L6/2c/74.zst 0,0,2362372049,458841228,468893821,1004860198
L6/2c/75.zst 0,0,3031491874,374997748,304904335,583573339
L6/2c/77.zst 0,0,4294967296,0,0,0
L6/2c/7b.zst 0,0,3031489520,374995209,304902297,583580270
L6/2c/7c.zst 0,0,4294967296,0,0,0
L6/2c/79.zst 0,0,1922555070,522264867,545095318,1305052041
L6/2c/7e.zst 0,0,1668031083,519065211,576572428,1531298574
L6/2c/73.zst 0,0,1922525197,522483668,544865884,1305092547
L6/2c/7f.zst 0,0,1922681716,515792491,545973007,1310520082
L6/2c/80.zst 0,0,1664350449,519296095,576190446,1535130306
L6/2c/82.zst 0,0,1659750064,524458780,575623083,1535135369
L6/2c/78.zst 0,0,1668045488,520557498,576791935,1529572375
L6/2c/85.zst 0,0,1664795407,516713142,576955124,1536503623
L6/2c/7a.zst 0,0,2362496720,458937862,468693968,1004838746
L6/2c/81.zst 0,0,1668289277,515443804,575904314,1535329901
L6/2c/86.zst 0,0,1664249841,518949782,576432051,1535335622
L6/2c/88.zst 0,0,1659744654,523593523,575781136,1535847983
L6/2c/8a.zst 0,0,1661036306,519563302,576498213,1537869475
L6/2c/8d.zst 0,0,1668238921,504066693,573004104,1549657578
L6/2c/8f.zst 0,0,1659382037,509343032,571122028,1555120199
L6/2c/84.zst 0,0,1661032584,521241891,576540884,1536151937
L6/2c/90.zst 0,0,13409980,2147152351,569853770,1564551195
L6/2c/8c.zst 0,0,1664256648,515807098,576100547,1538803003
L6/2c/91.zst 0,0,13141182,1946499212,587739876,1747587026
L6/2c/93.zst 0,0,14645916,1978565026,577140090,1724616264
L6/2c/95.zst 0,0,15434980,2000603821,574397685,1704530810
L6/2c/89.zst 0,0,1659334039,523970995,575905774,1535756488
L6/2c/8b.zst 0,0,1664780400,514134356,576797139,1539255401
L6/2c/97.zst 0,0,1666495770,486368179,567806462,1574296885
L6/2c/99.zst 0,0,0,0,0,4294967296
L6/2c/96.zst 0,0,1666498592,490035265,568700223,1569733216
L6/2c/9a.zst 0,0,0,0,0,4294967296
L6/2c/9d.zst 0,0,0,0,0,4294967296
L6/2c/9f.zst 0,0,0,0,0,4294967296
L6/2c/a1.zst 0,0,13140278,2117559561,555025080,1609242377
L6/2c/94.zst 0,0,14895428,1998447457,570864599,1710759812
L6/2c/a2.zst 0,0,13354183,1902142228,527194027,1852276858
L6/2c/a0.zst 0,0,13411637,2115726702,554639399,1611189558
L6/2c/a5.zst 0,0,15571788,1966091482,504413295,1808890731
L6/2c/a4.zst 0,0,14930847,1968667739,509287908,1802080802
L6/2c/9b.zst 0,0,0,0,0,4294967296
L6/2c/9c.zst 0,0,0,0,0,4294967296
L6/2c/a7.zst 0,0,1658141083,451359442,548767326,1636699445
L6/2c/aa.zst 0,0,0,0,0,4294967296
L6/2c/ab.zst 0,0,0,0,0,4294967296
L6/2c/ae.zst 0,0,0,0,0,4294967296
L6/2c/a8.zst 0,0,0,0,0,4294967296
L6/2c/b0.zst 0,0,1667571789,488110569,567705785,1571579153
L6/2c/a6.zst 0,0,1658092162,454179003,549142784,1633553347
L6/2c/b1.zst 0,0,1666862339,481005485,567384033,1579715439
L6/2c/b2.zst 0,0,1666906503,478693388,569738150,1579629255
L6/2c/b5.zst 0,0,1666828542,462374362,562580578,1603183814
L6/2c/ac.zst 0,0,0,0,0,4294967296
L6/2c/b7.zst 0,0,1667609622,481485374,569705600,1576166700
L6/2c/b3.zst 0,0,1666795204,455469045,566616049,1606086998
L6/2c/ad.zst 0,0,0,0,0,4294967296
L6/2c/b8.zst 0,0,1667646665,490074620,568135298,1569110713
L6/2c/ba.zst 0,0,1667426741,498703942,577324281,1551512332
L6/2c/bc.zst 0,0,1667345580,485205561,573742105,1568674050
L6/2c/bf.zst 0,0,1668142123,505185962,578014371,1543624840
L6/2c/c1.zst 0,0,1667332367,466254873,590483576,1570896480
L6/2c/bd.zst 0,0,1667353156,483935436,571399294,1572279410
L6/2c/b6.zst 0,0,1667567185,476145502,567505747,1583748862
L6/2c/c2.zst 0,0,1668211657,455050466,564142384,1607562789
L6/2c/c3.zst 0,0,1667853803,472711693,566910854,1587490946
L6/2c/c5.zst 0,0,1668084366,482614737,571758993,1572509200
L6/2c/bb.zst 0,0,1667324317,477152337,575379891,1575110751
L6/2c/be.zst 0,0,1668093239,498763888,576012927,1552097242
L6/2c/c8.zst 0,0,1668153809,492770829,597646174,1536396484
L6/2c/c9.zst 0,0,1668139538,492887948,597475816,1536463994
L6/2c/c6.zst 0,0,1668116806,492591345,597855685,1536403460
L6/2c/ca.zst 0,0,1668158424,492959854,597769806,1536079212
L6/2c/cf.zst 0,0,1668155685,489400447,602240214,1535170950
L6/2c/ce.zst 0,0,1668165586,492456449,599031380,1535313881
L6/2c/d1.zst 0,0,0,0,2758559560,1536407736
L6/2c/c7.zst 0,0,1668117485,492561174,597792024,1536496613
L6/2c/d3.zst 0,0,0,0,2758861286,1536106010
L6/2c/d4.zst 0,0,0,0,2758800713,1536166583
L6/2c/d0.zst 0,0,0,0,2759135288,1535832008
L6/2c/d5.zst 0,0,0,0,2758732285,1536235011
L6/2c/cc.zst 0,0,1668144046,492619907,598507584,1535695759
L6/2c/cd.zst 0,0,1668169725,492630064,598557826,1535609681
L6/2c/d8.zst 0,0,0,0,2758853934,1536113362
L6/2c/d9.zst 0,0,0,0,2759497656,1535469640
L6/2c/db.zst 0,0,0,0,2759705082,1535262214
L6/2c/da.zst 0,0,0,0,2759468541,1535498755
L6/2c/df.zst 0,0,0,0,2758951259,1536016037
L6/2c/e0.zst 0,0,86994951,1022918194,1648488170,1536565981
L6/2c/e1.zst 0,0,14128974,2178102856,576708900,1526026566
L6/2c/d7.zst 0,0,0,0,2758427953,1536539343
L6/2c/e4.zst 0,0,265210769,1641448615,604852235,1783455677
L6/2c/e5.zst 0,0,273267105,1638622092,604058217,1779019882
L6/2c/e6.zst 0,0,1666501857,473465498,562881187,1592118754
L6/2c/e3.zst 0,0,261390065,1621099101,612682777,1799795353
L6/2c/de.zst 0,0,0,0,2758596505,1536370791
L6/2c/e9.zst 0,0,0,0,0,4294967296
L6/2c/dd.zst 0,0,0,0,2758777982,1536189314
L6/2c/ea.zst 0,0,0,0,0,4294967296
L6/2c/eb.zst 0,0,0,0,0,4294967296
L6/2c/ef.zst 0,0,0,0,0,4294967296
L6/2c/f2.zst 0,0,4294967296,0,0,0
L6/2c/f1.zst 0,0,4294967296,0,0,0
L6/2c/ed.zst 0,0,0,0,0,4294967296
L6/2c/f4.zst 0,0,4294967296,0,0,0
L6/2c/f6.zst 0,0,4294967296,0,0,0
L6/2c/e8.zst 0,0,0,0,0,4294967296
L6/2c/f7.zst 0,0,4294967296,0,0,0
L6/2c/f0.zst 0,0,4294967296,0,0,0
L6/2c/f8.zst 0,0,4294967296,0,0,0
L6/2c/fa.zst 0,0,4294967296,0,0,0
L6/2c/fb.zst 0,0,4294967296,0,0,0
L6/2c/ee.zst 0,0,0,0,0,4294967296
L6/2c/fe.zst 0,0,4294967296,0,0,0
L6/2d/01.zst 0,0,1659978101,523740742,576391845,1534856608
L6/2d/03.zst 0,0,1660071134,523241632,576493036,1535161494
L6/2d/05.zst 0,0,1660346578,522793525,576347692,1535479501
L6/2c/ff.zst 0,0,4294967296,0,0,0
L6/2d/00.zst 0,0,1663363660,525419410,577019438,1529164788
L6/2c/fc.zst 0,0,4294967296,0,0,0
L6/2d/07.zst 0,0,1659985269,522683899,576561267,1535736861
L6/2d/08.zst 0,0,1659993997,522848068,576274553,1535850678
L6/2d/09.zst 0,0,1660009233,522957607,576442957,1535557499
L6/2d/0f.zst 0,0,1660060233,522988694,576275286,1535643083
L6/2d/0e.zst 0,0,1660658553,522319152,576431341,1535558250
L6/2d/04.zst 0,0,1660000537,523342979,576350150,1535273630
L6/2d/0b.zst 0,0,1660054889,522768863,576328312,1535815232
L6/2d/10.zst 0,0,1889155175,530569554,576452460,1298790107
L6/2d/11.zst 0,0,1660453419,513314835,563576150,1557622892
L6/2d/12.zst 0,0,1660419767,512983364,563785883,1557778282
L6/2d/0a.zst 0,0,1659994925,522933856,576450286,1535588229
L6/2d/0c.zst 0,0,1660006165,522870773,576330062,1535760296
L6/2d/16.zst 0,0,1660353918,511979925,563500636,1559132817
L6/2d/17.zst 0,0,1660386633,511546342,564926580,1558107741
L6/2d/18.zst 0,0,1668783654,525124439,575421400,1525637803
L6/2d/15.zst 0,0,1660377054,511999590,563532551,1559058101
L6/2d/1c.zst 0,0,1661241323,528512867,576265206,1528947900
L6/2d/1d.zst 0,0,1661148715,526952643,578081194,1528784744
L6/2d/1e.zst 0,0,1668186719,524788686,577043228,1524948663
L6/2d/14.zst 0,0,1660429750,512491000,563751289,1558295257
L6/2d/21.zst 0,0,1659667262,499838430,599713530,1535748074
L6/2d/20.zst 0,0,1659784116,498393177,599222627,1537567376
L6/2d/22.zst 0,0,1659826874,500548320,599512374,1535079728
L6/2d/23.zst 0,0,1659243598,503578340,598898203,1533247155
L6/2d/1a.zst 0,0,1661357854,528414574,575979479,1529215389
L6/2d/1b.zst 0,0,1661279757,526832954,575761561,1531093024
L6/2d/26.zst 0,0,1659027981,496036473,598154818,1541748024
L6/2d/28.zst 0,0,1658966078,488737387,595569448,1551694383
L6/2d/29.zst 0,0,1658984139,494271028,598138660,1543573469
L6/2d/27.zst 0,0,1658987249,490959196,596050446,1548970405
L6/2d/2d.zst 0,0,1659204499,489791630,596138014,1549833153
L6/2d/2e.zst 0,0,1658966806,494195540,598746480,1543058470
L6/2d/2f.zst 0,0,1659041803,495676844,598657877,1541590772
L6/2d/24.zst 0,0,1659018659,500205118,598640306,1537103213
L6/2d/33.zst 0,0,1668138853,513320296,576388834,1537119313
L6/2d/34.zst 0,0,1668153264,514105131,575188691,1537520210
L6/2d/32.zst 0,0,1668132752,512167609,575368727,1539298208
L6/2d/31.zst 0,0,1667806965,514702138,575975704,1536482489
L6/2d/2b.zst 0,0,1658959899,495098597,597921340,1542987460
L6/2d/2c.zst 0,0,1658937690,494773641,598518123,1542737842
L6/2d/37.zst 0,0,1668162039,515831246,575983387,1534990624
L6/2d/38.zst 0,0,1668160584,515753117,575933866,1535119729
L6/2d/39.zst 0,0,1668287990,518167180,576001726,1532510400
L6/2d/3e.zst 0,0,1668335578,536700939,573243129,1516687650
L6/2d/3f.zst 0,0,1668199308,532951638,573569383,1520246967
L6/2d/35.zst 0,0,1668179902,515223037,575907983,1535656374
L6/2d/40.zst 0,0,1680447382,505993414,577337398,1531189102
L6/2d/3b.zst 0,0,1668200232,516929245,576035090,1533802729
L6/2d/42.zst 0,0,1681202754,502165543,574860180,1536738819
L6/2d/43.zst 0,0,1681241688,499952057,574646986,1539126565
L6/2d/46.zst 0,0,1891511434,541893459,586841332,1274721071
L6/2d/3c.zst 0,0,1668193826,518140145,575413610,1533219715
L6/2d/3d.zst 0,0,1814580137,526917708,579791709,1373677742
L6/2d/48.zst 0,0,1896751141,541521507,587983761,1268710887
L6/2d/49.zst 0,0,1896751810,541487715,588112998,1268614773
L6/2d/47.zst 0,0,1891512129,540853240,586795009,1275806918
L6/2d/4b.zst 0,0,1896747044,541400047,588616949,1268203256
L6/2d/4e.zst 0,0,1896734996,541932195,588166625,1268133480
L6/2d/4f.zst 0,0,1896690007,542038350,588468400,1267770539
L6/2d/45.zst 0,0,1681616825,496880003,574665070,1541805398
L6/2d/52.zst 0,0,6918860,2182150452,515409920,1590488064
L6/2d/50.zst 0,0,74591,2079300300,546052646,1669539759
L6/2d/53.zst 0,0,6894812,2174392100,527876608,1585803776
L6/2d/54.zst 0,0,6936785,2187645487,537654016,1562731008
L6/2d/57.zst 0,0,1659037288,466020486,556016364,1613893158
L6/2d/4c.zst 0,0,1896744571,541658277,588145607,1268418841
L6/2d/4d.zst 0,0,1896738732,541780005,588231137,1268217422
L6/2d/59.zst 0,0,0,0,0,4294967296
L6/2d/5a.zst 0,0,0,0,0,4294967296
L6/2d/58.zst 0,0,0,0,0,4294967296
L6/2d/5c.zst 0,0,0,0,0,4294967296
L6/2d/5f.zst 0,0,0,0,0,4294967296
L6/2d/60.zst 0,0,1658909172,440320347,561894242,1633843535
L6/2d/56.zst 0,0,1658989671,470972649,557470135,1607534841
L6/2d/63.zst 0,0,1659399297,434010372,546343071,1655214556
L6/2d/64.zst 0,0,1659630605,436890069,547760196,1650686426
L6/2d/65.zst 0,0,1659767134,438365742,548653794,1648180626
L6/2d/62.zst 0,0,1658948995,428517074,544976644,1662524583
L6/2d/68.zst 0,0,1668118436,486783117,568202127,1571863616
L6/2d/5d.zst 0,0,0,0,0,4294967296
L6/2d/5e.zst 0,0,0,0,0,4294967296
L6/2d/69.zst 0,0,1668073280,491407189,570072198,1565414629
L6/2d/6a.zst 0,0,1659723055,513352963,576690171,1545201107
L6/2d/6d.zst 0,0,1659728217,516819196,575375151,1543044732
L6/2d/70.zst 0,0,4294967296,0,0,0
L6/2d/6c.zst 0,0,1659723992,515505604,576319863,1543417837
L6/2d/71.zst 0,0,4294967296,0,0,0
L6/2d/67.zst 0,0,1659696159,472680071,556327213,1606263853
L6/2d/73.zst 0,0,1922607477,520434613,545474072,1306451134
L6/2d/74.zst 0,0,2362778573,457412212,469252748,1005523763
L6/2d/76.zst 0,0,4294967296,0,0,0
L6/2d/6e.zst 0,0,1659669289,517498516,575859914,1541939577
L6/2d/79.zst 0,0,1922648922,520439696,545318802,1306559876
L6/2d/6f.zst 0,0,1659734068,523101521,576910801,1535220906
L6/2d/7a.zst 0,0,2362779832,457491243,469228256,1005467965
L6/2d/75.zst 0,0,3031508041,374860870,304834069,583764316
L6/2d/7b.zst 0,0,3031508172,374859870,304835053,583764201
L6/2d/7e.zst 0,0,1667982859,516379348,577053151,1533551938
L6/2d/80.zst 0,0,1664268562,516522841,576823877,1537352016
L6/2d/78.zst 0,0,1667989328,517718067,577190911,1532068990
L6/2d/82.zst 0,0,1659725862,521528310,576276981,1537436143
L6/2d/81.zst 0,0,1668025187,512610059,576568746,1537763304
L6/2d/85.zst 0,0,1665269372,513101095,577157491,1539439338
L6/2d/84.zst 0,0,1661522889,517857835,576803162,1538783410
L6/2d/87.zst 0,0,1668019541,512302512,576599350,1538045893
L6/2d/8a.zst 0,0,1661397586,516219744,576858687,1540491279
L6/2d/8b.zst 0,0,1665251399,510198789,576909991,1542607117
L6/2d/7f.zst 0,0,1922770820,513587764,546491423,1312117289
L6/2d/8c.zst 0,0,1664166328,512496965,576408328,1541895675
L6/2d/7d.zst 0,0,4294967296,0,0,0
L6/2d/89.zst 0,0,1659441841,520748522,576236621,1538540312
L6/2d/8e.zst 0,0,1659717669,509316762,572835867,1553096998
L6/2d/8f.zst 0,0,1659491237,506034417,571435617,1558006025
L6/2d/91.zst 0,0,13145685,1944022494,588710561,1749088556
L6/2d/86.zst 0,0,1664229535,515645239,576642093,1538450429
L6/2d/95.zst 0,0,15432945,1997084257,575058881,1707391213
L6/2d/96.zst 0,0,1666475053,486968559,569011359,1572512325
L6/2d/93.zst 0,0,14641925,1975911046,577836838,1726577487
L6/2d/97.zst 0,0,1666471774,483278227,568115349,1577101946
L6/2d/9a.zst 0,0,0,0,0,4294967296
L6/2d/9b.zst 0,0,0,0,0,4294967296
L6/2d/90.zst 0,0,13415249,2146943299,570367578,1564241170
L6/2d/9d.zst 0,0,0,0,0,4294967296
L6/2d/92.zst 0,0,13404801,1943763378,588710561,1749088556
L6/2d/9f.zst 0,0,0,0,0,4294967296
L6/2d/9c.zst 0,0,0,0,0,4294967296
L6/2d/a0.zst 0,0,13414643,2114178655,555626526,1611747472
L6/2d/a2.zst 0,0,13350605,1899526100,527137995,1854952596
L6/2d/98.zst 0,0,0,0,0,4294967296
L6/2d/a5.zst 0,0,15576041,1963387034,504302794,1811701427
L6/2d/a7.zst 0,0,1658119770,448108370,548844785,1639894371
L6/2d/a8.zst 0,0,0,0,0,4294967296
L6/2d/ab.zst 0,0,0,0,0,4294967296
L6/2d/a6.zst 0,0,1658071623,451008372,549274035,1636613266
L6/2d/a1.zst 0,0,13177735,2113697716,554813042,1613278803
L6/2d/ac.zst 0,0,0,0,0,4294967296
L6/2d/ad.zst 0,0,0,0,0,4294967296
L6/2d/a4.zst 0,0,14933206,1965966558,509697348,1804370184
L6/2d/af.zst 0,0,0,0,0,4294967296
L6/2d/b2.zst 0,0,1666846859,471692614,571221999,1585205824
L6/2d/b3.zst 0,0,1666760936,450016178,560516016,1617674166
L6/2d/a9.zst 0,0,0,0,0,4294967296
L6/2d/b0.zst 0,0,1667545343,484337178,568024448,1575060327
L6/2d/b6.zst 0,0,1666802111,463945207,568180133,1596039845
L6/2d/b7.zst 0,0,1666828611,456593892,559274381,1612270412
L6/2d/b8.zst 0,0,1667620285,486679245,568768096,1571899670
L6/2d/bc.zst 0,0,1667317174,425116004,619831230,1582702888
L6/2d/b1.zst 0,0,1666803844,476488920,565754365,1585920167
L6/2d/be.zst 0,0,1667327954,486221123,576468575,1564949644
L6/2d/bd.zst 0,0,1667280045,465238686,570305616,1592142949
L6/2d/bb.zst 0,0,1667292086,472015233,568732503,1586927474
L6/2d/b5.zst 0,0,1666753477,435445912,558210185,1634557722
L6/2d/c0.zst 0,0,1667371397,507330732,578608985,1541656182
L6/2d/c2.zst 0,0,1668170946,453895508,563290697,1609610145
L6/2d/b9.zst 0,0,1666841548,481749494,568327998,1578048256
L6/2d/c3.zst 0,0,1667985430,471867055,566804105,1588310706
L6/2d/c7.zst 0,0,1668092035,489154464,598350159,1539370638
L6/2d/c4.zst 0,0,1668049052,478207191,570291816,1578419237
L6/2d/c8.zst 0,0,1668123180,489751616,598328104,1538764396
L6/2d/ca.zst 0,0,1668125413,489888183,598570029,1538383671
L6/2d/cc.zst 0,0,1668153259,489369544,599401003,1538043490
L6/2d/c1.zst 0,0,1667341927,466036253,591038799,1570550317
L6/2d/ce.zst 0,0,1668134150,489196599,599462483,1538174064
L6/2d/cf.zst 0,0,1668141111,486194660,602703955,1537927570
L6/2d/d1.zst 0,0,0,0,2755909761,1539057535
L6/2d/c6.zst 0,0,1668100529,489219923,598519734,1539127110
L6/2d/cd.zst 0,0,1668122708,489435887,599107074,1538301627
L6/2d/d3.zst 0,0,0,0,2755909655,1539057641
L6/2d/c9.zst 0,0,1668127253,489585023,598262212,1538992808
L6/2d/d4.zst 0,0,0,0,2755964350,1539002946
L6/2d/d6.zst 0,0,0,0,2755664147,1539303149
L6/2d/d9.zst 0,0,0,0,2756784533,1538182763
L6/2d/dd.zst 0,0,0,0,2755967718,1538999578
L6/2d/db.zst 0,0,0,0,2755875125,1539092171
L6/2d/d8.zst 0,0,0,0,2755734515,1539232781
L6/2d/d2.zst 0,0,0,0,2756160484,1538806812
L6/2d/de.zst 0,0,0,0,2755671043,1539296253
L6/2d/e0.zst 0,0,86968036,1022219189,1648499037,1537281034
L6/2d/e1.zst 0,0,14123968,2177033497,577093215,1526716616
L6/2d/d7.zst 0,0,0,0,2756012391,1538954905
L6/2d/e4.zst 0,0,264855011,1639237042,605125375,1785749868
L6/2d/e2.zst 0,0,235547782,1601671930,634392558,1823355026
L6/2d/da.zst 0,0,0,0,2756599258,1538368038
L6/2d/e5.zst 0,0,273459559,1635747599,604318360,1781441778
L6/2d/e7.zst 0,0,1666480533,467187217,562272986,1599026560
L6/2d/e9.zst 0,0,0,0,0,4294967296
L6/2d/ec.zst 0,0,0,0,0,4294967296
L6/2d/ee.zst 0,0,0,0,0,4294967296
L6/2d/ea.zst 0,0,0,0,0,4294967296
L6/2d/e3.zst 0,0,261164167,1619728835,613319050,1800755244
L6/2d/ef.zst 0,0,0,0,0,4294967296
L6/2d/f0.zst 0,0,4294967296,0,0,0
L6/2d/f2.zst 0,0,4294967296,0,0,0
L6/2d/e8.zst 0,0,0,0,0,4294967296
L6/2d/f6.zst 0,0,4294967296,0,0,0
L6/2d/f3.zst 0,0,4294967296,0,0,0
L6/2d/f7.zst 0,0,4294967296,0,0,0
L6/2d/eb.zst 0,0,0,0,0,4294967296
L6/2d/f9.zst 0,0,4294967296,0,0,0
L6/2d/fb.zst 0,0,4294967296,0,0,0
L6/2d/fd.zst 0,0,4294967296,0,0,0
L6/2d/fc.zst 0,0,4294967296,0,0,0
L6/2d/f5.zst 0,0,4294967296,0,0,0
L6/2e/00.zst 0,0,1663400947,527570084,577103537,1526892728
L6/2e/02.zst 0,0,1660147667,525992934,576483574,1532343121
L6/2e/03.zst 0,0,1659938517,525889643,576443267,1532695869
L6/2d/fa.zst 0,0,4294967296,0,0,0
L6/2e/08.zst 0,0,1659994174,525562080,576636221,1532774821
L6/2d/ff.zst 0,0,4294967296,0,0,0
L6/2e/04.zst 0,0,1660724561,525190872,576597792,1532454071
L6/2e/07.zst 0,0,1660012165,525235783,576690253,1533029095
L6/2e/09.zst 0,0,1660005763,525387590,576551577,1533022366
L6/2e/0c.zst 0,0,1659991870,525754191,576449598,1532771637
L6/2e/10.zst 0,0,1889206758,530801763,576534788,1298423987
L6/2e/0f.zst 0,0,1660015911,525231858,576528714,1533190813
L6/2e/05.zst 0,0,1659949356,525421379,576507593,1533088968
L6/2e/0e.zst 0,0,1665954130,520212525,576635676,1532164965
L6/2e/12.zst 0,0,1660559885,513186805,563741658,1557478948
L6/2e/13.zst 0,0,1660483639,512434568,563781557,1558267532
L6/2e/14.zst 0,0,1660507895,512809335,563771262,1557878804
L6/2e/0a.zst 0,0,1660117701,525393531,576402030,1533054034
L6/2e/18.zst 0,0,1668894760,525214098,575465679,1525392759
L6/2e/19.zst 0,0,1668839810,524984428,575593427,1525549631
L6/2e/0d.zst 0,0,1659972923,525520978,576376716,1533096679
L6/2e/1a.zst 0,0,1661438178,528421817,575921708,1529185593
L6/2e/16.zst 0,0,1660418591,512373688,563475251,1558699766
L6/2e/1e.zst 0,0,1668252250,525084743,577173523,1524456780
L6/2e/1d.zst 0,0,1661230311,526942331,578272510,1528522144
L6/2e/20.zst 0,0,1659793538,501042274,599275155,1534856329
L6/2e/15.zst 0,0,1660458626,512047509,563561507,1558899654
L6/2e/23.zst 0,0,1659000332,500974690,598774145,1536218129
L6/2e/24.zst 0,0,1659065860,500389030,598514009,1536998397
L6/2e/21.zst 0,0,1659706746,501183534,599843627,1534233389
L6/2e/25.zst 0,0,1658985476,495706171,598022997,1542252652
L6/2e/1b.zst 0,0,1661369032,526780254,575850855,1530967155
L6/2e/27.zst 0,0,1659026398,488822021,595460732,1551658145
L6/2e/29.zst 0,0,1658977433,488718572,595418763,1551852528
L6/2e/1f.zst 0,0,1660822843,512064055,597338440,1524741958
L6/2e/2b.zst 0,0,1658961036,494726792,598250184,1543029284
L6/2e/2d.zst 0,0,1658965323,493961900,598905332,1543134741
L6/2e/2e.zst 0,0,1659279659,495239918,599175697,1541272022
L6/2e/2a.zst 0,0,1658970807,496031305,598189220,1541775964
L6/2e/31.zst 0,0,1667832656,512699415,576891598,1537543627
L6/2e/26.zst 0,0,1658995256,492247774,596722498,1547001768
L6/2e/32.zst 0,0,1667820992,514968738,575614796,1536562770
L6/2e/33.zst 0,0,1668140477,512618151,575284807,1538923861
L6/2e/36.zst 0,0,1668200997,515474637,575623226,1535668436
L6/2e/2c.zst 0,0,1658943382,490251714,596918279,1548853921
L6/2e/38.zst 0,0,1668177202,516577770,575782963,1534429361
L6/2e/35.zst 0,0,1668148570,514289517,575498054,1537031155
L6/2e/39.zst 0,0,1668169027,515862081,575882261,1535053927
L6/2e/30.zst 0,0,1668240652,514846582,577139777,1534740285
L6/2e/3b.zst 0,0,1668180883,517000720,575667845,1534117848
L6/2e/3d.zst 0,0,1668235576,518064482,575535696,1533131542
L6/2e/3f.zst 0,0,1667938684,536987795,573325140,1516715677
L6/2e/37.zst 0,0,1667793758,516993843,576619608,1533560087
L6/2e/3e.zst 0,0,1814662868,526690286,580283107,1373331035
L6/2e/42.zst 0,0,1681269443,502633619,575004566,1536059668
L6/2e/43.zst 0,0,1681249433,500323560,574757876,1538636427
L6/2e/44.zst 0,0,1681265577,498454030,574676253,1540571436
L6/2e/48.zst 0,0,1896748683,541937837,587960495,1268320281
L6/2e/3c.zst 0,0,1668213857,517782823,576448442,1532522174
L6/2e/49.zst 0,0,1896743889,541922427,588043533,1268257447
L6/2e/4a.zst 0,0,1896742773,542011946,588011387,1268201190
L6/2e/41.zst 0,0,1680948933,514147401,575804807,1524066155
L6/2e/47.zst 0,0,1891513417,541095070,586876592,1275482217
L6/2e/4c.zst 0,0,1896749422,542092646,588106129,1268019099
L6/2e/4e.zst 0,0,1896734552,542370231,588126897,1267735616
L6/2e/4f.zst 0,0,1896690336,542462556,588437118,1267377286
L6/2e/46.zst 0,0,1891515934,542180025,586908871,1274362466
L6/2e/55.zst 0,0,7104739,2217115165,524315136,1546432256
L6/2e/54.zst 0,0,6969510,2203086682,536691712,1548219392
L6/2e/53.zst 0,0,6943948,2202589492,542885376,1542548480
L6/2e/52.zst 0,0,6921474,2207892478,526114560,1554038784
L6/2e/58.zst 0,0,0,0,0,4294967296
L6/2e/59.zst 0,0,0,0,0,4294967296
L6/2e/4d.zst 0,0,1896736858,542162400,588158648,1267909390
L6/2e/5a.zst 0,0,0,0,0,4294967296
L6/2e/51.zst 0,0,63515,2186103140,576635676,1532164965
L6/2e/5e.zst 0,0,0,0,0,4294967296
L6/2e/5d.zst 0,0,0,0,0,4294967296
L6/2e/5c.zst 0,0,0,0,0,4294967296
L6/2e/60.zst 0,0,1658918214,443020413,549337418,1643691251
L6/2e/57.zst 0,0,1659037767,468478338,555852526,1611598665
L6/2e/63.zst 0,0,1659313802,436272914,548337580,1651043000
L6/2e/64.zst 0,0,1659619735,438429111,549157286,1647761164
L6/2e/67.zst 0,0,1659691206,474951060,556581448,1603743582
L6/2e/65.zst 0,0,1659742124,439233291,549129550,1646862331
L6/2e/69.zst 0,0,1668070697,493973114,570127471,1562796014
L6/2e/6a.zst 0,0,1659718791,515981127,576625616,1542641762
L6/2e/5f.zst 0,0,0,0,0,4294967296
L6/2e/6c.zst 0,0,1659723878,518042184,576245597,1540955637
L6/2e/62.zst 0,0,1658963754,435773200,546820981,1653409361
L6/2e/6e.zst 0,0,1659673737,520390849,575933425,1538969285
L6/2e/6f.zst 0,0,1659717094,525379830,577089998,1532780374
L6/2e/72.zst 0,0,1668015652,520242100,577404782,1529304762
L6/2e/6d.zst 0,0,1659721671,519307341,575547806,1540390478
L6/2e/74.zst 0,0,2362738585,458458915,469024407,1004745389
L6/2e/68.zst 0,0,1668075690,489793416,568575335,1568522855
L6/2e/75.zst 0,0,3031463003,374998936,304891355,583614002
L6/2e/77.zst 0,0,4294967296,0,0,0
L6/2e/79.zst 0,0,1922606125,521933393,545382159,1305045619
L6/2e/7b.zst 0,0,3031475954,374979181,304890492,583621669
L6/2e/78.zst 0,0,1667997489,520146172,577561696,1529261939
L6/2e/70.zst 0,0,4294967296,0,0,0
L6/2e/73.zst 0,0,1922606925,522192474,545346926,1304820971
L6/2e/7c.zst 0,0,4294967296,0,0,0
L6/2e/7e.zst 0,0,1668010412,518613432,577043663,1531299789
L6/2e/7f.zst 0,0,1922726156,515217880,546548886,1310474374
L6/2e/83.zst 0,0,1659472271,524362010,576382082,1534750933
L6/2e/85.zst 0,0,1665002123,516162663,577347608,1536454902
L6/2e/86.zst 0,0,1664165678,518664599,576929518,1535207501
L6/2e/80.zst 0,0,1664249137,518784963,576784661,1535148535
L6/2e/7a.zst 0,0,2362737047,458323979,469036411,1004869859
L6/2e/87.zst 0,0,1668045752,515251816,576711955,1534957773
L6/2e/89.zst 0,0,1659423612,523493437,576462067,1535588180
L6/2e/8a.zst 0,0,1661279543,518263043,576876733,1538547977
L6/2e/82.zst 0,0,1659723777,523947226,576304433,1534991860
L6/2e/81.zst 0,0,1668046077,515591711,576551714,1534777794
L6/2e/8d.zst 0,0,1668036112,503471563,573360758,1550098863
L6/2e/8f.zst 0,0,1659476327,508795116,571566346,1555129507
L6/2e/8b.zst 0,0,1664988997,512823301,577103709,1540051289
L6/2e/90.zst 0,0,13414941,2149530403,569676189,1562345763
L6/2e/95.zst 0,0,15437874,2000594555,574959252,1703975615
L6/2e/94.zst 0,0,14895998,1997927847,571408468,1710734983
L6/2e/97.zst 0,0,1666471750,485600665,568244471,1574650410
L6/2e/8c.zst 0,0,1664175380,514850348,576383701,1539557867
L6/2e/96.zst 0,0,1666473693,489428968,568975915,1570088720
L6/2e/99.zst 0,0,0,0,0,4294967296
L6/2e/9a.zst 0,0,0,0,0,4294967296
L6/2e/9b.zst 0,0,0,0,0,4294967296
L6/2e/92.zst 0,0,13406987,1946498243,588825342,1746236724
L6/2e/91.zst 0,0,13147727,1946757503,588825342,1746236724
L6/2e/9f.zst 0,0,0,0,0,4294967296
L6/2e/a0.zst 0,0,13418146,2115481002,555552838,1610515310
L6/2e/a1.zst 0,0,13145056,2116400881,555432051,1609989308
L6/2e/9d.zst 0,0,0,0,0,4294967296
L6/2e/a5.zst 0,0,15577907,1966028654,504797020,1808563715
L6/2e/a6.zst 0,0,1658069585,453907097,549545534,1633445080
L6/2e/a7.zst 0,0,1658116751,450555816,549133702,1637161027
L6/2e/9c.zst 0,0,0,0,0,4294967296
L6/2e/a9.zst 0,0,0,0,0,4294967296
L6/2e/ab.zst 0,0,0,0,0,4294967296
L6/2e/ac.zst 0,0,0,0,0,4294967296
L6/2e/a8.zst 0,0,0,0,0,4294967296
L6/2e/a3.zst 0,0,14383420,1941972957,514016600,1824594319
L6/2e/a2.zst 0,0,13352330,1902083246,527405447,1852126273
L6/2e/ae.zst 0,0,0,0,0,4294967296
L6/2e/b0.zst 0,0,1667545868,487721916,568411709,1571287803
L6/2e/b1.zst 0,0,1666828246,480039416,566486612,1581613022
L6/2e/b5.zst 0,0,1666785120,461079450,569262791,1597839935
L6/2e/b2.zst 0,0,1666855400,472721892,566096362,1589293642
L6/2e/b7.zst 0,0,1667575437,480842223,569090293,1577459343
L6/2e/b8.zst 0,0,1667623654,489421143,568913346,1569009153
L6/2e/ad.zst 0,0,0,0,0,4294967296
L6/2e/b9.zst 0,0,1666862511,485342257,568904696,1573857832
L6/2e/bd.zst 0,0,1667305695,484104016,574940070,1568617515
L6/2e/bc.zst 0,0,1667235650,440408508,605216810,1582106328
L6/2e/bb.zst 0,0,1667356649,514034936,575012420,1538563291
L6/2e/b3.zst 0,0,1666830752,492640892,566796990,1568698662
L6/2e/bf.zst 0,0,1668107822,504719348,577942990,1544197136
L6/2e/b4.zst 0,0,1666710158,418933879,597251687,1612071572
L6/2e/c1.zst 0,0,1667322312,469587885,605518131,1552538968
L6/2e/c2.zst 0,0,1668230312,453956248,563816624,1608964112
L6/2e/c5.zst 0,0,1668080357,481977256,571754723,1573154960
L6/2e/c8.zst 0,0,1668122274,492410938,598594663,1535839421
L6/2e/c9.zst 0,0,1668120865,492408922,598629035,1535808474
L6/2e/c3.zst 0,0,1667999596,471612147,566645829,1588709724
L6/2e/be.zst 0,0,1667352719,485572575,572359835,1569682167
L6/2e/ca.zst 0,0,1668118760,492472497,598454647,1535921392
L6/2e/cc.zst 0,0,1668141257,491743948,599461773,1535620318
L6/2e/cd.zst 0,0,1668116805,492043549,599348021,1535458921
L6/2e/d0.zst 0,0,0,0,2758949535,1536017761
L6/2e/c4.zst 0,0,1668018128,478561114,570068756,1578319298
L6/2e/c6.zst 0,0,1668093616,492206460,598370087,1536297133
L6/2e/d2.zst 0,0,0,0,2758709518,1536257778
L6/2e/ce.zst 0,0,1668123133,492091961,599441822,1535310380
L6/2e/d3.zst 0,0,0,0,2758918001,1536049295
L6/2e/d4.zst 0,0,0,0,2758755328,1536211968
L6/2e/d8.zst 0,0,0,0,2759155835,1535811461
L6/2e/da.zst 0,0,0,0,2758275463,1536691833
L6/2e/db.zst 0,0,0,0,2758773352,1536193944
L6/2e/cf.zst 0,0,1668152312,488805666,602911292,1535098026
L6/2e/d9.zst 0,0,0,0,2759733650,1535233646
L6/2e/dd.zst 0,0,0,0,2758931163,1536036133
L6/2e/de.zst 0,0,0,0,2758716714,1536250582
L6/2e/df.zst 0,0,0,0,2759433857,1535533439
L6/2e/d5.zst 0,0,0,0,2758762931,1536204365
L6/2e/d7.zst 0,0,0,0,2758958943,1536008353
L6/2e/e3.zst 0,0,261170754,1621472812,613488696,1798835034
L6/2e/e4.zst 0,0,265106312,1641128475,605303091,1783429418
L6/2e/e5.zst 0,0,273308642,1637981653,604455632,1779221369
L6/2e/e2.zst 0,0,235524521,1603735795,634520527,1821186453
L6/2e/e9.zst 0,0,0,0,0,4294967296
L6/2e/ea.zst 0,0,0,0,0,4294967296
L6/2e/eb.zst 0,0,0,0,0,4294967296
L6/2e/e0.zst 0,0,86981533,1022850950,1648391682,1536743131
L6/2e/ee.zst 0,0,0,0,0,4294967296
L6/2e/f0.zst 0,0,4294967296,0,0,0
L6/2e/ec.zst 0,0,0,0,0,4294967296
L6/2e/ef.zst 0,0,0,0,0,4294967296
L6/2e/e6.zst 0,0,1666480276,473142848,563595868,1591748304
L6/2e/f3.zst 0,0,4294967296,0,0,0
L6/2e/f4.zst 0,0,4294967296,0,0,0
L6/2e/e8.zst 0,0,0,0,0,4294967296
L6/2e/f5.zst 0,0,4294967296,0,0,0
L6/2e/f7.zst 0,0,4294967296,0,0,0
L6/2e/f9.zst 0,0,4294967296,0,0,0
L6/2e/fb.zst 0,0,4294967296,0,0,0
L6/2e/f2.zst 0,0,4294967296,0,0,0
L6/2e/fd.zst 0,0,4294967296,0,0,0
L6/2e/ff.zst 0,0,4294967296,0,0,0
L6/2f/00.zst 0,0,1663491422,529536326,576379504,1525560044
L6/2e/f8.zst 0,0,4294967296,0,0,0
L6/2f/01.zst 0,0,1660018641,528426962,575804132,1530717561
L6/2e/fc.zst 0,0,4294967296,0,0,0
L6/2f/05.zst 0,0,1660104960,527775762,575761716,1531324858
L6/2f/06.zst 0,0,1659987590,527744052,575745078,1531490576
L6/2f/08.zst 0,0,1660013493,527622530,575776041,1531555232
L6/2f/04.zst 0,0,1659992275,527932235,575791670,1531251116
L6/2f/0c.zst 0,0,1660030728,527863747,575774879,1531297942
L6/2f/0b.zst 0,0,1660061795,527693446,575740298,1531471757
L6/2f/0d.zst 0,0,1659999587,527761736,575774190,1531431783
L6/2f/03.zst 0,0,1660002041,527989494,575766566,1531209195
L6/2f/10.zst 0,0,1889244878,531447526,576314103,1297960789
L6/2f/07.zst 0,0,1660022061,527865535,575804678,1531275022
L6/2f/11.zst 0,0,1660523520,514043847,563328538,1557071391
L6/2f/12.zst 0,0,1660479412,513795484,563408879,1557283521
L6/2f/0f.zst 0,0,1665713578,522628663,575743758,1530881297
L6/2f/0a.zst 0,0,1660735051,527038293,575744981,1531448971
L6/2f/15.zst 0,0,1660430626,512511146,563292624,1558732900
L6/2f/18.zst 0,0,1668873697,525879997,575068767,1525144835
L6/2f/17.zst 0,0,1660448661,512006433,564690563,1557821639
L6/2f/1c.zst 0,0,1661329129,528906469,576177101,1528554597
L6/2f/1d.zst 0,0,1661205248,527336612,577992787,1528432649
L6/2f/19.zst 0,0,1668800799,525464038,575172447,1525530012
L6/2f/1e.zst 0,0,1668284325,525196558,576759642,1524726771
L6/2f/14.zst 0,0,1660472934,513405591,563464740,1557624031
L6/2f/20.zst 0,0,1659834872,501971476,599317797,1533843151
L6/2f/16.zst 0,0,1660480024,512512124,563111167,1558863981
L6/2f/21.zst 0,0,1659308526,505155823,598658247,1531844700
L6/2f/23.zst 0,0,1659046266,501053278,598339170,1536528582
L6/2f/22.zst 0,0,1659342685,501561045,598667909,1535395657
L6/2f/26.zst 0,0,1659027738,489616015,595612161,1550711382
L6/2f/1b.zst 0,0,1661396380,527527560,575575420,1530467936
L6/2f/28.zst 0,0,1659028448,495965802,597974338,1541998708
L6/2f/29.zst 0,0,1659043805,496824278,597467133,1541632080
L6/2f/2c.zst 0,0,1659037990,494482962,598835661,1542610683
L6/2f/2e.zst 0,0,1658945679,486434562,594005782,1555581273
L6/2f/2f.zst 0,0,1659288633,491152455,596992845,1547533363
L6/2f/2b.zst 0,0,1658979578,490690933,596363022,1548933763
L6/2f/31.zst 0,0,1667845081,514895698,576810616,1535415901
L6/2f/32.zst 0,0,1668184045,512963492,576321554,1537498205
L6/2f/27.zst 0,0,1659036916,495109316,597521603,1543299461
L6/2f/25.zst 0,0,1659036314,492679722,596890867,1546360393
L6/2f/33.zst 0,0,1667858680,515558413,575534551,1536015652
L6/2f/36.zst 0,0,1668214649,514682883,575413181,1536656583
L6/2f/37.zst 0,0,1668245894,516579362,575410468,1534731572
L6/2f/2d.zst 0,0,1659051577,495147257,598823355,1541945107
L6/2f/35.zst 0,0,1667848409,514046141,575757182,1537315564
L6/2f/3a.zst 0,0,1668244613,515399039,575437374,1535886270
L6/2f/3c.zst 0,0,1668224477,517780202,575522339,1533440278
L6/2f/3d.zst 0,0,1668254762,517968785,575887597,1532856152
L6/2f/41.zst 0,0,1680998374,514417206,575592730,1523958986
L6/2f/42.zst 0,0,1681257039,503149898,574878417,1535681942
L6/2f/43.zst 0,0,1681294505,501089612,574641377,1537941802
L6/2f/38.zst 0,0,1668286306,517045327,576374945,1533260718
L6/2f/39.zst 0,0,1668221411,516596367,575932807,1534216711
L6/2f/3f.zst 0,0,1814606551,528218499,579641614,1372500632
L6/2f/45.zst 0,0,1681642947,497791339,574560393,1540972617
L6/2f/46.zst 0,0,1891558128,542824629,586659401,1273925138
L6/2f/47.zst 0,0,1891554444,542045367,586769961,1274597524
L6/2f/3e.zst 0,0,1668402187,518446458,576015303,1532103348
L6/2f/4c.zst 0,0,1896790947,542673335,587880780,1267622234
L6/2f/4d.zst 0,0,1896780610,542780328,587962331,1267444027
L6/2f/4e.zst 0,0,1896779686,542934191,587903461,1267349958
L6/2f/4a.zst 0,0,1896791216,542533206,587802871,1267840003
L6/2f/51.zst 0,0,55955,2188286286,575743758,1530881297
L6/2f/52.zst 0,0,7040948,2225268556,534224640,1528433152
L6/2f/53.zst 0,0,7023866,2211857926,531525888,1544559616
L6/2f/48.zst 0,0,1896794601,542533490,587743225,1267895980
L6/2f/49.zst 0,0,1896788187,542485936,587844188,1267848985
L6/2f/56.zst 0,0,1659029534,475567268,556720820,1603649674
L6/2f/54.zst 0,0,7108642,2228511966,534294016,1525052672
L6/2f/57.zst 0,0,1659080077,471659787,555720894,1608506538
L6/2f/58.zst 0,0,0,0,0,4294967296
L6/2f/4f.zst 0,0,1896732382,543139146,588188790,1266906978
L6/2f/5c.zst 0,0,0,0,0,4294967296
L6/2f/5f.zst 0,0,0,0,0,4294967296
L6/2f/5e.zst 0,0,0,0,0,4294967296
L6/2f/5d.zst 0,0,0,0,0,4294967296
L6/2f/62.zst 0,0,1658986702,439937476,548367687,1647675431
L6/2f/63.zst 0,0,1659478178,438781566,550748722,1645958830
L6/2f/64.zst 0,0,1659687524,439779596,548576446,1646923730
L6/2f/59.zst 0,0,0,0,0,4294967296
L6/2f/5a.zst 0,0,0,0,0,4294967296
L6/2f/68.zst 0,0,1668114991,491530271,567929579,1567392455
L6/2f/69.zst 0,0,1668112655,496298300,569570658,1560985683
L6/2f/67.zst 0,0,1659733421,476468462,555522253,1603243160
L6/2f/66.zst 0,0,1659684732,475888674,555351328,1604042562
L6/2f/60.zst 0,0,1659044010,444436254,550470396,1641016636
L6/2f/6d.zst 0,0,1659763602,521411055,574881451,1538911188
L6/2f/6e.zst 0,0,1659711700,522148963,575427260,1537679373
L6/2f/6f.zst 0,0,1659766137,527428155,576462039,1531310965
L6/2f/73.zst 0,0,1922660788,523652444,544577733,1304076331
L6/2f/74.zst 0,0,2363106783,458272445,468787522,1004800546
L6/2f/75.zst 0,0,3031504715,375066507,304819857,583576217
L6/2f/6a.zst 0,0,1659762634,517886739,575864725,1541453198
L6/2f/70.zst 0,0,4294967296,0,0,0
L6/2f/6b.zst 0,0,1659713510,518605447,575549918,1541098421
L6/2f/78.zst 0,0,1668098785,521627335,576572710,1528668466
L6/2f/77.zst 0,0,4294967296,0,0,0
L6/2f/79.zst 0,0,1922671672,523486470,544566052,1304243102
L6/2f/72.zst 0,0,1668052621,521753070,576649543,1528512062
L6/2f/7f.zst 0,0,1922785842,517183414,545634740,1309363300
L6/2f/7e.zst 0,0,1668048572,520446236,576516156,1529956332
L6/2f/80.zst 0,0,1664302680,521398348,576140583,1533125685
L6/2f/7b.zst 0,0,3031505830,375066754,304820068,583574644
L6/2f/82.zst 0,0,1659763276,526463777,575608261,1533131982
L6/2f/83.zst 0,0,1659581755,526508042,575825775,1533051724
L6/2f/85.zst 0,0,1665272331,518276799,576675864,1534742302
L6/2f/7a.zst 0,0,2363104186,458224895,468779273,1004858942
L6/2f/87.zst 0,0,1668181061,517039011,575942252,1533804972
L6/2f/7c.zst 0,0,4294967296,0,0,0
L6/2f/88.zst 0,0,1659774119,525451313,575742126,1533999738
L6/2f/86.zst 0,0,1664207552,520786937,576232140,1533740667
L6/2f/8a.zst 0,0,1661647131,520358038,576074462,1536887665
L6/2f/81.zst 0,0,1668088036,517405872,575911409,1533561979
L6/2f/8c.zst 0,0,1664205691,517412714,575831567,1537517324
L6/2f/8e.zst 0,0,1659757021,514348605,572280002,1548581668
L6/2f/91.zst 0,0,13148525,1949676893,588290047,1743851831
L6/2f/90.zst 0,0,13819715,2172948832,548985789,1559212960
L6/2f/93.zst 0,0,14667133,1980931863,577801263,1721567037
L6/2f/94.zst 0,0,14909742,2000536475,571436256,1708084823
L6/2f/8b.zst 0,0,1665251640,515047967,576319760,1538347929
L6/2f/96.zst 0,0,1666511717,491897184,568697689,1567860706
L6/2f/98.zst 0,0,0,0,0,4294967296
L6/2f/99.zst 0,0,0,0,0,4294967296
L6/2f/8d.zst 0,0,1668089736,505607779,572713520,1548556261
L6/2f/97.zst 0,0,1666517919,487830648,567688186,1572930543
L6/2f/9c.zst 0,0,0,0,0,4294967296
L6/2f/9d.zst 0,0,0,0,0,4294967296
L6/2f/92.zst 0,0,13413371,1949412047,588290047,1743851831
L6/2f/9e.zst 0,0,0,0,0,4294967296
L6/2f/a2.zst 0,0,13351965,1902896971,527392662,1851325698
L6/2f/a3.zst 0,0,14376635,1942335552,513580618,1824674491
L6/2f/a5.zst 0,0,15581673,1967561245,504391766,1807432612
L6/2f/a1.zst 0,0,13143512,2117581397,554699773,1609542614
L6/2f/9b.zst 0,0,0,0,0,4294967296
L6/2f/a7.zst 0,0,1658155927,451971960,548207878,1636631531
L6/2f/a8.zst 0,0,0,0,0,4294967296
L6/2f/a9.zst 0,0,0,0,0,4294967296
L6/2f/a0.zst 0,0,13438131,2115948487,554897566,1610683112
L6/2f/ad.zst 0,0,0,0,0,4294967296
L6/2f/ae.zst 0,0,0,0,0,4294967296
L6/2f/af.zst 0,0,0,0,0,4294967296
L6/2f/a4.zst 0,0,14936478,1969399776,509324805,1801306237
L6/2f/ab.zst 0,0,0,0,0,4294967296
L6/2f/b3.zst 0,0,1666885341,490745829,565188296,1572147830
L6/2f/b2.zst 0,0,1666904383,477669612,568312174,1582081127
L6/2f/b4.zst 0,0,1666958533,502739036,564128669,1561141058
L6/2f/b8.zst 0,0,1667660165,491454963,568100920,1567751248
L6/2f/ac.zst 0,0,0,0,0,4294967296
L6/2f/b6.zst 0,0,1666977849,465703913,570496312,1591789222
L6/2f/ba.zst 0,0,1667435171,499065082,576182714,1552284329
L6/2f/b9.zst 0,0,1666928614,489125533,569768824,1569144325
L6/2f/b1.zst 0,0,1666895769,484282202,567552702,1576236623
L6/2f/bc.zst 0,0,1667476874,524300233,572244081,1530946108
L6/2f/bf.zst 0,0,1667437804,499604523,576640470,1551284499
L6/2f/c0.zst 0,0,1667412171,510309719,578918983,1538326423
L6/2f/b5.zst 0,0,1666746366,477012063,573247199,1577961668
L6/2f/be.zst 0,0,1667503593,488512877,579084656,1559866170
L6/2f/c3.zst 0,0,1668079051,471829804,566390958,1588667483
L6/2f/c4.zst 0,0,1668125093,478355083,569963795,1578523325
L6/2f/c5.zst 0,0,1668171834,481852557,571806516,1573136389
L6/2f/c9.zst 0,0,1668162348,494197023,598110842,1534497083
L6/2f/bd.zst 0,0,1667263254,496684262,581202963,1549816817
L6/2f/ca.zst 0,0,1668150884,494306530,597766230,1534743652
L6/2f/cb.zst 0,0,1668169854,493533623,598401341,1534862478
L6/2f/c8.zst 0,0,1668174197,494067406,597740561,1534985132
L6/2f/c2.zst 0,0,1668369236,454415705,563230559,1608951796
L6/2f/cd.zst 0,0,1668178335,493627831,598390734,1534770396
L6/2f/cf.zst 0,0,1668163299,490837347,601665663,1534300987
L6/2f/c6.zst 0,0,1668132886,493460372,597769679,1535604359
L6/2f/d1.zst 0,0,0,0,2759940404,1535026892
L6/2f/d4.zst 0,0,0,0,2759693546,1535273750
L6/2f/d5.zst 0,0,0,0,2760148124,1534819172
L6/2f/d2.zst 0,0,0,0,2760338458,1534628838
L6/2f/d8.zst 0,0,0,0,2760692456,1534274840
L6/2f/d9.zst 0,0,0,0,2759650313,1535316983
L6/2f/ce.zst 0,0,1668179214,493635937,598810258,1534341887
L6/2f/da.zst 0,0,0,0,2759666613,1535300683
L6/2f/dd.zst 0,0,0,0,2759880680,1535086616
L6/2f/de.zst 0,0,0,0,2759631878,1535335418
L6/2f/d3.zst 0,0,0,0,2759783859,1535183437
L6/2f/e0.zst 0,0,87373601,1042516328,1629897008,1535180359
L6/2f/dc.zst 0,0,0,0,2759528984,1535438312
L6/2f/d7.zst 0,0,0,0,2760679022,1534288274
L6/2f/e2.zst 0,0,235760516,1604811476,633562428,1820832876
L6/2f/e3.zst 0,0,261313925,1622652111,612799252,1798202008
L6/2f/e5.zst 0,0,273187248,1639878557,604059584,1777841907
L6/2f/e9.zst 0,0,0,0,0,4294967296
L6/2f/ea.zst 0,0,0,0,0,4294967296
L6/2f/e6.zst 0,0,1666520261,475223835,562937044,1590286156
L6/2f/df.zst 0,0,0,0,2760373682,1534593614
L6/2f/eb.zst 0,0,0,0,0,4294967296
L6/2f/ed.zst 0,0,0,0,0,4294967296
L6/2f/ee.zst 0,0,0,0,0,4294967296
L6/2f/f1.zst 0,0,4294967296,0,0,0
L6/2f/e4.zst 0,0,265079898,1642581596,604698712,1782607090
L6/2f/f3.zst 0,0,4294967296,0,0,0
L6/2f/f4.zst 0,0,4294967296,0,0,0
L6/2f/e8.zst 0,0,0,0,0,4294967296
L6/2f/ef.zst 0,0,0,0,0,4294967296
L6/2f/f5.zst 0,0,4294967296,0,0,0
L6/2f/f0.zst 0,0,4294967296,0,0,0
L6/2f/fa.zst 0,0,4294967296,0,0,0
L6/2f/f8.zst 0,0,4294967296,0,0,0
L6/2f/fd.zst 0,0,4294967296,0,0,0
L6/2f/fc.zst 0,0,4294967296,0,0,0
L6/2f/f6.zst 0,0,4294967296,0,0,0
L6/30/00.zst 612607923,408512566,852134897,548182366,556165956,1317363588
L6/30/02.zst 587288486,400101606,869294635,555495808,555010139,1327776622
L6/30/01.zst 587341933,400109766,869287869,555780242,555002997,1327444489
L6/2f/fe.zst 0,0,4294967296,0,0,0
L6/2f/fb.zst 0,0,4294967296,0,0,0
L6/30/06.zst 587288121,400101590,869268737,555012692,555046546,1328249610
L6/30/07.zst 587288121,400101590,869245814,554546185,554896126,1328889460
L6/30/04.zst 587288121,400101590,869283302,555258756,555021806,1328013721
L6/30/08.zst 587288121,400101590,869376744,554102262,554740748,1329357831
L6/30/0c.zst 587288121,400101590,869301526,554087588,554715718,1329472753
L6/30/0d.zst 587288121,400101590,869242942,554014875,554753924,1329565844
L6/30/10.zst 587288117,400101590,909875335,547769434,556439409,1293493411
L6/30/0e.zst 587288129,400101590,869328128,553962870,554726898,1329559681
L6/30/11.zst 0,0,1668554792,528504593,542616251,1555291660
L6/30/05.zst 587288127,400101590,869242972,555132208,555022166,1328180233
L6/30/12.zst 0,0,1668536887,528156210,542593495,1555680704
L6/30/09.zst 587288121,400101590,869244140,554139412,554733273,1329460760
L6/30/14.zst 0,0,1668533156,527760440,542500250,1556173450
L6/30/0b.zst 587288127,400101590,869277083,553982266,554717864,1329600366
L6/30/16.zst 0,0,1668629052,526685808,542455185,1557197251
L6/30/18.zst 0,0,1676851482,540677420,553478190,1523960204
L6/30/1b.zst 0,0,1669367660,542015925,553936502,1529647209
L6/30/15.zst 0,0,1668478828,526988601,542462496,1557037371
L6/30/1d.zst 0,0,1669283016,542151600,556175369,1527357311
L6/30/1e.zst 0,0,1676351398,541168461,554170296,1523277141
L6/30/20.zst 587291507,400101590,868986372,527377320,577201339,1334009168
L6/30/22.zst 0,0,1668030361,519696524,577868211,1529372200
L6/30/17.zst 0,0,1668486755,526894509,542909310,1556676722
L6/30/23.zst 0,0,1668166798,518651436,577441682,1530707380
L6/30/19.zst 0,0,1676802588,540193868,553557835,1524413005
L6/30/21.zst 0,0,1668037614,521199901,577385474,1528344307
L6/30/1c.zst 0,0,1669478117,543874039,554402307,1527212833
L6/30/25.zst 0,0,1667986313,515286197,577233389,1534461397
L6/30/26.zst 0,0,1668101929,515132985,578711086,1533021296
L6/30/28.zst 0,0,1668134728,515948515,577068463,1533815590
L6/30/2d.zst 0,0,1668025100,511203506,578286072,1537452618
L6/30/2e.zst 0,0,1668027415,513920782,577804455,1535214644
L6/30/2f.zst 0,0,1668068170,515047270,578286552,1533565304
L6/30/2b.zst 0,0,1668054703,512086843,577070348,1537755402
L6/30/31.zst 0,0,1676487138,551881063,551293926,1515305169
L6/30/32.zst 0,0,1676449008,547702371,551829322,1518986595
L6/30/33.zst 0,0,1676419929,546723950,551349893,1520473524
L6/30/27.zst 0,0,1667986799,516212369,577084594,1533683534
L6/30/2a.zst 0,0,1668047898,512663373,577716301,1536539724
L6/30/2c.zst 0,0,1668098349,514884295,577329302,1534655350
L6/30/37.zst 0,0,1676401387,544486609,550100515,1523978785
L6/30/36.zst 0,0,1676425273,542003208,550549520,1525989295
L6/30/34.zst 0,0,1676429675,546847792,550600714,1521089115
L6/30/38.zst 0,0,1676404691,544541363,550212561,1523808681
L6/30/3d.zst 0,0,1676547606,542127042,550535764,1525756884
L6/30/3e.zst 0,0,1676448957,540130849,550170471,1528217019
L6/30/40.zst 0,0,1688919585,528177274,554147148,1523723289
L6/30/3f.zst 0,0,1676434432,541731037,550728065,1526073762
L6/30/42.zst 3107010,1520406,1685691930,519054482,554524862,1531068606
L6/30/43.zst 2810492,1553238,1685377159,516874227,554252251,1534099929
L6/30/44.zst 2788369,1553590,1685210073,514837984,554126024,1536451256
L6/30/39.zst 0,0,1676384184,543195602,550572819,1524814691
L6/30/3b.zst 0,0,1676423889,539494396,550029859,1529019152
L6/30/3c.zst 0,0,1676413752,540077435,551412794,1527063315
L6/30/47.zst 589501071,400112504,910560032,559291748,566369810,1269132131
L6/30/48.zst 589501071,400112504,915843035,560157082,567576283,1261777321
L6/30/49.zst 589501071,400112504,915833925,559983997,567542997,1261992802
L6/30/46.zst 589501067,400112504,910570181,559160156,566189819,1269433569
L6/30/4e.zst 589501071,400112504,915826542,560373145,567687477,1261466557
L6/30/50.zst 0,0,9151722,2323188874,545486950,1417139750
L6/30/4f.zst 589485105,400112408,915791212,560965446,568008900,1260604225
L6/30/53.zst 2860578,1696226,3749191,2567465141,513150464,1206045696
L6/30/55.zst 3027732,1597222,3714574,2566437560,505218304,1214971904
L6/30/54.zst 2844032,1653858,3755902,2560289696,512580096,1213843712
L6/30/4a.zst 589501071,400112504,915832953,559999981,567551783,1261969004
L6/30/52.zst 3185043,1545716,3690727,2597566098,506020096,1182959616
L6/30/4c.zst 589501071,400112504,915835802,560179170,567626477,1261712272
L6/30/4d.zst 589501071,400112504,915827232,560186209,567669356,1261670924
L6/30/57.zst 587288121,400101590,869020796,509625514,540136963,1388794312
L6/30/59.zst 587288121,400101590,372829503,282880155,277905427,2373962500
L6/30/58.zst 587288121,400101590,372828254,293416379,281477586,2359855366
L6/30/5f.zst 587288455,400101622,369872047,293427000,279039023,2365239149
L6/30/60.zst 0,0,1672060174,474497956,534900383,1613508783
L6/30/5c.zst 587291046,400101818,369870054,282671842,282787696,2372244840
L6/30/61.zst 0,0,1672339029,446910809,526867967,1648849491
L6/30/63.zst 2792200,1553206,1668937531,457040752,531001937,1633641670
L6/30/64.zst 2777311,1553558,1668809715,458908560,531198452,1631719700
L6/30/66.zst 587288119,400101590,865963271,505684226,536568043,1399362047
L6/30/5a.zst 587288837,400101628,369898696,283022016,282855016,2371801103
L6/30/5d.zst 587289483,400101624,369867727,282186304,283751119,2371771039
L6/30/68.zst 587288121,400101590,877260014,520490971,548397096,1361429504
L6/30/5e.zst 587288449,400101590,369864414,279899756,275571655,2382241432
L6/30/65.zst 2970987,1531414,1668718305,460380540,531890562,1629475488
L6/30/69.zst 587288121,400101590,877256917,524350096,549810766,1356159806
L6/30/6a.zst 587288686,400101622,869001023,542535085,554651024,1341389856
L6/30/6e.zst 587288447,400101590,868951066,547273969,554897368,1336454856
L6/30/71.zst 4294967296,0,0,0,0,0
L6/30/72.zst 587304643,400101750,874263237,552842029,555847395,1324608242
L6/30/74.zst 886876416,371989988,1250313194,481165593,459546103,845076002
L6/30/70.zst 4294967296,0,0,0,0,0
L6/30/75.zst 1598440832,290340452,1229376391,411937520,300914684,463957417
L6/30/6b.zst 587288636,400101627,868954899,543611133,555096486,1339914515
L6/30/76.zst 4294967296,0,0,0,0,0
L6/30/6d.zst 587288805,400101654,868997990,546073903,554627355,1337877589
L6/30/78.zst 587304643,400101750,874270135,553111653,555811769,1324367346
L6/30/6f.zst 587289413,400101622,868981555,551489709,556419521,1330685476
L6/30/7a.zst 886876416,371989988,1250310048,481369740,459545135,844875969
L6/30/7c.zst 4294967296,0,0,0,0,0
L6/30/79.zst 669943319,391594516,1030488841,559065185,525936137,1117939298
L6/30/7f.zst 669994749,391602900,1030552386,555796488,526513375,1120507398
L6/30/81.zst 4294967296,0,0,0,0,0
L6/30/82.zst 587304643,400101750,868994886,556164832,555370104,1327031081
L6/30/84.zst 886876416,371989988,824421291,537629993,541872364,1132177244
L6/30/83.zst 669943319,391594516,848791614,567666572,555747792,1261223483
L6/30/86.zst 4294967296,0,0,0,0,0
L6/30/88.zst 587304643,400101750,868995018,555728388,555354737,1327482760
L6/30/87.zst 4294967296,0,0,0,0,0
L6/30/7b.zst 1598440838,290340452,1229380795,411936037,300914584,463954590
L6/30/7d.zst 4294967296,0,0,0,0,0
L6/30/80.zst 4294967296,0,0,0,0,0
L6/30/8b.zst 1598440832,290340452,654302090,513872719,435594928,802416275
L6/30/8c.zst 4294967296,0,0,0,0,0
L6/30/8d.zst 4294967296,0,0,0,0,0
L6/30/8a.zst 886876416,371989988,824425242,536769310,541962547,1132943793
L6/30/92.zst 4135369,2076089,7987029,2189328016,580257950,1511182843
L6/30/93.zst 4654392,2282363,8286034,2224454474,565565258,1489724775
L6/30/94.zst 4781696,2331284,8681301,2236451309,557452909,1485268797
L6/30/97.zst 0,0,1859784136,516354367,547825141,1371003652
L6/30/98.zst 0,0,0,0,0,4294967296
L6/30/99.zst 0,0,0,0,0,4294967296
L6/30/8e.zst 587304651,400101750,868981827,545055735,552295044,1341228289
L6/30/96.zst 0,0,1859786897,519372322,548470075,1367338002
L6/30/90.zst 4669748,2065360,8067479,2303257353,540760932,1436146424
L6/30/91.zst 3752606,2054638,7857052,2189862207,580257950,1511182843
L6/30/9c.zst 0,0,0,0,0,4294967296
L6/30/9b.zst 0,0,0,0,0,4294967296
L6/30/9d.zst 0,0,0,0,0,4294967296
L6/30/a3.zst 4607900,2247599,8307439,2164586679,510069835,1605147844
L6/30/a4.zst 4856502,2305044,8702081,2197549947,504092578,1577461144
L6/30/a0.zst 4012761,2054862,8029403,2245283977,548160549,1487425744
L6/30/a5.zst 4606143,2434483,9257176,2189844628,500838017,1587986849
L6/30/a7.zst 0,0,1854290389,486209176,533709903,1420757828
L6/30/a8.zst 0,0,0,0,0,4294967296
L6/30/aa.zst 0,0,0,0,0,4294967296
L6/30/9f.zst 0,0,0,0,0,4294967296
L6/30/a1.zst 3748442,2054638,7859067,2267291076,529357440,1484656633
L6/30/a2.zst 3841166,2061938,8018311,2081152016,536266036,1663627829
L6/30/a9.zst 0,0,0,0,0,4294967296
L6/30/ac.zst 0,0,0,0,0,4294967296
L6/30/ad.zst 0,0,0,0,0,4294967296
L6/30/ae.zst 0,0,0,0,0,4294967296
L6/30/b4.zst 589501071,400112504,875005336,508699036,547879174,1373770175
L6/30/b5.zst 589501071,400112504,874939964,507023281,548353910,1375036566
L6/30/b6.zst 589501071,400112504,874941350,507452239,548556245,1374403887
L6/30/b3.zst 589501071,400112504,875012464,505553657,547572081,1377215519
L6/30/b8.zst 589501071,400112504,875038576,517085807,547777299,1365452039
L6/30/b9.zst 589485125,400112414,874941552,515101015,548413071,1366914119
L6/30/b0.zst 589485109,400112408,875039894,516039058,547789109,1366501718
L6/30/b1.zst 589501071,400112504,874955977,511089524,547196930,1372111290
L6/30/ba.zst 587313757,400102208,876574161,528007315,555496637,1347473218
L6/30/b2.zst 589501071,400112504,875071997,509103364,549454924,1371723436
L6/30/bd.zst 587305537,400101622,876449057,528280369,555906795,1346923916
L6/30/be.zst 587288287,400101590,876465150,529584120,555285210,1346242939
L6/30/bc.zst 587306241,400101622,876516818,529792889,554892401,1346357325
L6/30/c2.zst 3089434,1520374,1677310202,510882220,556025262,1546139804
L6/30/c4.zst 2777311,1553558,1677914986,509428636,556716791,1546576014
L6/30/c5.zst 2970987,1531414,1677390508,509997258,557687440,1545389689
L6/30/c8.zst 587288121,400101590,876599116,520953640,574765764,1335259065
L6/30/c9.zst 587288121,400101590,876594093,521003997,574819905,1335159590
L6/30/ca.zst 587288121,400101590,876597257,520955392,574914893,1335110043
L6/30/c7.zst 587288121,400101590,873872597,520886790,574084967,1338733231
L6/30/c1.zst 0,0,1680578586,511630666,561638143,1541119901
L6/30/c0.zst 0,0,1680934234,528014391,555978880,1530039791
L6/30/cc.zst 587288121,400101590,876600470,520561833,575664992,1334750290
L6/30/cd.zst 587288121,400101590,876595548,520588452,575774119,1334619466
L6/30/ce.zst 587304079,400101686,876585482,520571295,575993939,1334410815
L6/30/c3.zst 2792200,1553206,1677843572,510200012,555740759,1546837547
L6/30/d3.zst 0,0,0,0,2962276145,1332691151
L6/30/d4.zst 0,0,0,0,2961598396,1333368900
L6/30/d5.zst 0,0,0,0,2961548579,1333418717
L6/30/cf.zst 589469147,400112312,875144350,519278955,578741651,1332220881
L6/30/d8.zst 0,0,0,0,2961428953,1333538343
L6/30/d9.zst 0,0,0,0,2961143481,1333823815
L6/30/da.zst 0,0,0,0,2960823182,1334144114
L6/30/d1.zst 0,0,0,0,2962174214,1332793082
L6/30/d2.zst 0,0,0,0,2962233125,1332734171
L6/30/db.zst 0,0,0,0,2961013401,1333953895
L6/30/de.zst 0,0,0,0,2960432843,1334534453
L6/30/dd.zst 0,0,0,0,2960663674,1334303622
L6/30/df.zst 0,0,0,0,2962736396,1332230900
L6/30/d6.zst 0,0,0,0,2961490453,1333476843
L6/30/e4.zst 188125408,13858115,142509772,1811473616,576835609,1562164776
L6/30/e6.zst 0,0,1859100905,504506170,543535113,1387825108
L6/30/e5.zst 167933698,18921980,156840746,1810632427,574554510,1566083935
L6/30/e3.zst 203808017,16635738,134169441,1784187424,584679047,1571487629
L6/30/e9.zst 0,0,0,0,0,4294967296
L6/30/ea.zst 0,0,0,0,0,4294967296
L6/30/eb.zst 0,0,0,0,0,4294967296
L6/30/e2.zst 157726031,39701184,136843322,1742181726,610433349,1608081684
L6/30/e1.zst 4612724,2054622,9012869,2286564072,552286055,1440436954
L6/30/ee.zst 0,0,0,0,0,4294967296
L6/30/f0.zst 0,4294967296,0,0,0,0
L6/30/ef.zst 0,0,0,0,0,4294967296
L6/30/e7.zst 0,0,1859104561,502288858,542893018,1390680859
L6/30/ed.zst 0,0,0,0,0,4294967296
L6/30/f4.zst 0,4294967296,0,0,0,0
L6/30/f6.zst 0,4294967296,0,0,0,0
L6/30/f5.zst 0,4294967296,0,0,0,0
L6/30/f9.zst 0,4294967296,0,0,0,0
L6/30/fa.zst 0,4294967296,0,0,0,0
L6/30/fc.zst 0,4294967296,0,0,0,0
L6/30/fd.zst 0,4294967296,0,0,0,0
L6/30/f2.zst 0,4294967296,0,0,0,0
L6/30/f8.zst 0,4294967296,0,0,0,0
L6/30/ff.zst 0,4294967296,0,0,0,0
L6/30/f3.zst 0,4294967296,0,0,0,0
L6/31/00.zst 0,0,1671271342,564275999,551098640,1508321315
L6/31/01.zst 0,0,1668718270,563220319,550677265,1512351442
L6/31/03.zst 0,0,1668006651,562808038,550572821,1513579786
L6/31/08.zst 0,0,1668008539,562577480,550549668,1513831609
L6/31/09.zst 0,0,1668019793,562435542,550525443,1513986518
L6/31/0b.zst 0,0,1668018013,562404964,550531657,1514012662
L6/31/06.zst 0,0,1668006442,562619749,550579474,1513761631
L6/31/0c.zst 0,0,1668014107,562452719,550527443,1513973027
L6/31/0d.zst 0,0,1668020524,562491883,550576957,1513877932
L6/31/0f.zst 0,0,1668130035,562160966,550639010,1514037285
L6/31/04.zst 0,0,1668008956,562770604,550564984,1513622752
L6/31/05.zst 0,0,1668033802,562693034,550552248,1513688212
L6/31/11.zst 0,0,1668697501,528159814,542212291,1555897690
L6/31/07.zst 0,0,1668016485,562618820,550552029,1513779962
L6/31/12.zst 0,0,1668652229,527790656,542369152,1556155259
L6/31/10.zst 0,0,1897353699,545332505,555434807,1296846285
L6/31/14.zst 0,0,1668620440,527475017,542030573,1556841266
L6/31/17.zst 0,0,1668548639,527072428,542423783,1556922446
L6/31/19.zst 0,0,1676914726,540297438,553105232,1524649900
L6/31/1c.zst 0,0,1669334871,543744609,554119904,1527767912
L6/31/1d.zst 0,0,1669273707,542284383,555636331,1527772875
L6/31/1e.zst 0,0,1676346204,541217625,553866226,1523537241
L6/31/1b.zst 0,0,1669423379,541952842,553650951,1529940124
L6/31/20.zst 0,0,1667829923,537832103,573939997,1515365273
L6/31/21.zst 0,0,1814160695,529157072,581512237,1370137292
L6/31/16.zst 0,0,1668559000,526995492,542012407,1557400397
L6/31/15.zst 0,0,1668572094,526982000,542136691,1557276511
L6/31/18.zst 0,0,1676971959,540550298,553091401,1524353638
L6/31/22.zst 0,0,1667853033,520543909,577192590,1529377764
L6/31/26.zst 0,0,1667818436,515129233,577013085,1535006542
L6/31/25.zst 0,0,1667926843,517567347,576945256,1532527850
L6/31/24.zst 0,0,1667845282,518104036,577163183,1531854795
L6/31/2a.zst 0,0,1667822321,514242840,576777088,1536125047
L6/31/2c.zst 0,0,1667831329,512282702,576467786,1538385479
L6/31/2d.zst 0,0,1667785115,513892400,577034830,1536254951
L6/31/2f.zst 0,0,1667825088,514590954,577013298,1535537956
L6/31/31.zst 0,0,1676601553,547388440,551283615,1519693688
L6/31/2e.zst 0,0,1667785464,511314025,577672294,1538195513
L6/31/32.zst 0,0,1676311492,546573180,550665740,1521416884
L6/31/27.zst 0,0,1667804510,515299816,577455255,1534407715
L6/31/28.zst 0,0,1667815590,515644733,576975380,1534531593
L6/31/33.zst 0,0,1676300275,546095244,550017222,1522554555
L6/31/29.zst 0,0,1667839461,515203315,576920762,1535003758
L6/31/35.zst 0,0,1676303458,542069234,550049229,1526545375
L6/31/37.zst 0,0,1676275676,544117347,549695075,1524879198
L6/31/3a.zst 0,0,1676277659,539321012,549907348,1529461277
L6/31/36.zst 0,0,1676295606,544033388,549717643,1524920659
L6/31/3d.zst 0,0,1676274973,539756517,549813312,1529122494
L6/31/3e.zst 0,0,1676354141,541205096,550363372,1527044687
L6/31/3f.zst 0,0,1675172540,540569092,551086808,1528138856
L6/31/42.zst 0,0,1689456652,519579492,554248688,1531682464
L6/31/44.zst 0,0,1689536115,514610015,553682206,1537138960
L6/31/3b.zst 0,0,1676259442,539514745,550670756,1528522353
L6/31/43.zst 0,0,1689469529,516755504,553895689,1534846574
L6/31/39.zst 0,0,1676258159,539965981,551270467,1527472689
L6/31/38.zst 0,0,1676288651,542991543,550116788,1525570314
L6/31/41.zst 0,0,1689240823,528669078,553671475,1523385920
L6/31/46.zst 0,0,1899634449,557351710,565154830,1272826307
L6/31/47.zst 0,0,1899628824,557112470,565190881,1273035121
L6/31/49.zst 0,0,1904890553,557884884,566381321,1265810538
L6/31/4e.zst 0,0,1904883036,558195408,566529030,1265359822
L6/31/4f.zst 0,0,1904835066,558950946,566882930,1264298354
L6/31/4d.zst 0,0,1904881678,558041108,566512367,1265532143
L6/31/50.zst 0,0,31691,2269424994,546249417,1479261194
L6/31/52.zst 0,0,16777216,4278190080,0,0
L6/31/54.zst 0,0,9475455,2901618817,427842048,956030976
L6/31/48.zst 0,0,1904899972,557901394,566379658,1265786272
L6/31/4a.zst 0,0,1904887662,557941950,566452780,1265684904
L6/31/4b.zst 0,0,1904891984,558097900,566532738,1265444674
L6/31/56.zst 0,0,1667195752,514614715,533637651,1579519178
L6/31/55.zst 0,0,7867335,2536002105,504507648,1246590208
L6/31/57.zst 0,0,1667248184,508858836,532764254,1586096022
L6/31/59.zst 0,0,0,0,0,4294967296
L6/31/5d.zst 0,0,0,0,0,4294967296
L6/31/60.zst 0,0,1667035466,466846450,543376103,1617709277
L6/31/61.zst 0,0,1666506495,464008786,532733683,1631718332
L6/31/5e.zst 0,0,0,0,0,4294967296
L6/31/62.zst 0,0,1667643593,456164402,529366683,1641792618
L6/31/64.zst 0,0,1667648388,459329475,530558938,1637430495
L6/31/65.zst 0,0,1667788335,460558511,531131763,1635488687
L6/31/5a.zst 0,0,0,0,0,4294967296
L6/31/5b.zst 0,0,0,0,0,4294967296
L6/31/5c.zst 0,0,0,0,0,4294967296
L6/31/68.zst 0,0,1676271324,527151337,543461419,1548083216
L6/31/67.zst 0,0,1667828917,513073419,532362124,1581702836
L6/31/6a.zst 0,0,1667860506,553552118,550960063,1522594609
L6/31/66.zst 0,0,1667782533,512573524,532325207,1582286032
L6/31/6e.zst 0,0,1667810262,557430611,550794475,1518931948
L6/31/70.zst 0,0,4294967296,0,0,0
L6/31/71.zst 0,0,4294967296,0,0,0
L6/31/73.zst 0,0,1928509379,556372611,518404898,1291680408
L6/31/75.zst 0,0,3031448956,400259374,285716672,577542294
L6/31/72.zst 0,0,1676078475,556698560,551500682,1510689579
L6/31/6b.zst 0,0,1667813491,554095787,550693076,1522364942
L6/31/6c.zst 0,0,1667863617,555437054,550820856,1520845769
L6/31/76.zst 0,0,4294967296,0,0,0
L6/31/6d.zst 0,0,1667861208,556475156,550351925,1520279007
L6/31/77.zst 0,0,4294967296,0,0,0
L6/31/79.zst 0,0,1928502144,556381487,518411310,1291672355
L6/31/7d.zst 0,0,4294967296,0,0,0
L6/31/7f.zst 0,0,1928634861,550469245,519431315,1296431875
L6/31/7a.zst 0,0,2381139670,472470586,444195349,997161691
L6/31/81.zst 0,0,1676186569,554760287,550922898,1513097542
L6/31/82.zst 0,0,1667868789,562520923,550665135,1513912449
L6/31/83.zst 0,0,1666217848,563584614,550848634,1514316200
L6/31/86.zst 0,0,1671662660,557709952,551045961,1514548723
L6/31/87.zst 0,0,1676145509,554298153,550892846,1513630788
L6/31/88.zst 0,0,1667865052,561575832,550623675,1514902737
L6/31/85.zst 0,0,1672105953,555357793,551773012,1515730538
L6/31/7e.zst 0,0,1676078271,556052501,551465974,1511370550
L6/31/7b.zst 0,0,3031449860,400260499,285716380,577540557
L6/31/7c.zst 0,0,4294967296,0,0,0
L6/31/8a.zst 0,0,1668346091,557584711,551564247,1517472247
L6/31/8b.zst 0,0,1672107825,552860979,551665787,1518332705
L6/31/8c.zst 0,0,1671664489,554919230,550841888,1517541689
L6/31/92.zst 0,0,13492887,2019021054,569663150,1692790205
L6/31/8d.zst 0,0,1676136317,543873671,547906294,1527051014
L6/31/93.zst 0,0,14769775,2038250436,558505050,1683442035
L6/31/94.zst 0,0,15011115,2051787302,551230803,1676938076
L6/31/96.zst 0,0,1674918109,528622003,544565161,1546862023
L6/31/98.zst 0,0,0,0,0,4294967296
L6/31/99.zst 0,0,0,0,0,4294967296
L6/31/8f.zst 0,0,1666257021,548324931,546458271,1533927073
L6/31/8e.zst 0,0,1667861899,551133040,547566222,1528406135
L6/31/91.zst 0,0,13217284,2019296657,569663150,1692790205
L6/31/97.zst 0,0,1674917209,524428515,543765917,1551855655
L6/31/9b.zst 0,0,0,0,0,4294967296
L6/31/9c.zst 0,0,0,0,0,4294967296
L6/31/9d.zst 0,0,0,0,0,4294967296
L6/31/a3.zst 0,0,14462764,1987551252,497886852,1795066428
L6/31/a5.zst 0,0,15674474,2012619657,489266936,1777406229
L6/31/a4.zst 0,0,15024899,2014441946,493579199,1771921252
L6/31/a2.zst 0,0,13383345,1947466142,511388577,1822729232
L6/31/a8.zst 0,0,0,0,0,4294967296
L6/31/a9.zst 0,0,0,0,0,4294967296
L6/31/a7.zst 0,0,1666635617,489696876,525613481,1613021322
L6/31/9e.zst 0,0,0,0,0,4294967296
L6/31/9f.zst 0,0,0,0,0,4294967296
L6/31/a0.zst 0,0,13869956,2161254122,532547996,1587295222
L6/31/ac.zst 0,0,0,0,0,4294967296
L6/31/ad.zst 0,0,0,0,0,4294967296
L6/31/ae.zst 0,0,0,0,0,4294967296
L6/31/ab.zst 0,0,0,0,0,4294967296
L6/31/b3.zst 0,0,1675263252,523063677,543106850,1553533517
L6/31/b4.zst 0,0,1675751868,523225947,543466844,1552522637
L6/31/b5.zst 0,0,1675258728,522240279,543809339,1553658950
L6/31/b6.zst 0,0,1675247864,523415715,544012957,1552290760
L6/31/b8.zst 0,0,1675814628,528175372,543791358,1547185938
L6/31/b9.zst 0,0,1675308549,530045734,544731028,1544881985
L6/31/af.zst 0,0,0,0,0,4294967296
L6/31/ba.zst 0,0,1675776237,544643421,551806366,1522741272
L6/31/b0.zst 0,0,1675737241,525176385,542887975,1551165695
L6/31/b1.zst 0,0,1675278971,525201881,543103331,1551383113
L6/31/bd.zst 0,0,1675779230,544699643,551811336,1522677087
L6/31/be.zst 0,0,1675775024,545881382,552049357,1521261533
L6/31/c0.zst 0,0,1675532747,509852677,560503592,1549078280
L6/31/bc.zst 0,0,1676281336,545545284,551351120,1521789556
L6/31/c4.zst 0,0,1676435364,490605189,553729108,1574197635
L6/31/c5.zst 0,0,1676508009,493813176,555274621,1569371490
L6/31/c6.zst 0,0,1676295223,532594357,570375109,1515702607
L6/31/c9.zst 0,0,1676324893,532222811,570716511,1515703081
L6/31/ca.zst 0,0,1676320049,532174974,570804238,1515668035
L6/31/bf.zst 0,0,1675798194,546755224,551461131,1520952747
L6/31/cb.zst 0,0,1676318129,531470631,571509067,1515669469
L6/31/c8.zst 0,0,1676320321,532331015,570704241,1515611719
L6/31/c1.zst 0,0,1675584553,503770534,549452977,1566159232
L6/31/c3.zst 0,0,1676021861,484698725,551076224,1583170486
L6/31/cd.zst 0,0,1676313997,531424124,571693771,1515535404
L6/31/ce.zst 0,0,1676369509,531103490,571867843,1515626454
L6/31/d0.zst 0,0,0,0,2779248016,1515719280
L6/31/d5.zst 0,0,0,0,2779258868,1515708428
L6/31/d6.zst 0,0,0,0,2779041120,1515926176
L6/31/d1.zst 0,0,0,0,2779404571,1515562725
L6/31/d8.zst 0,0,0,0,2779146445,1515820851
L6/31/d9.zst 0,0,0,0,2779418560,1515548736
L6/31/da.zst 0,0,0,0,2779373693,1515593603
L6/31/cf.zst 0,0,1676343768,527521541,575662232,1515439755
L6/31/d2.zst 0,0,0,0,2779422551,1515544745
L6/31/d4.zst 0,0,0,0,2779492516,1515474780
L6/31/dd.zst 0,0,0,0,2779395858,1515571438
L6/31/de.zst 0,0,0,0,2779214982,1515752314
L6/31/db.zst 0,0,0,0,2779454693,1515512603
L6/31/df.zst 0,0,0,0,2779246504,1515720792
L6/31/e4.zst 0,0,267601088,1703910012,580675244,1742780952
L6/31/e5.zst 0,0,276929227,1697261973,578526658,1742249438
L6/31/e7.zst 0,0,1674932491,507533468,538191350,1574309987
L6/31/e9.zst 0,0,0,0,0,4294967296
L6/31/e6.zst 0,0,1674926308,510936291,538969458,1570135239
L6/31/ea.zst 0,0,0,0,0,4294967296
L6/31/eb.zst 0,0,0,0,0,4294967296
L6/31/e0.zst 0,0,164293322,2034211924,580089032,1516373018
L6/31/e2.zst 0,0,237166318,1676460942,613687929,1767652107
L6/31/e3.zst 0,0,262930264,1688428058,590508108,1753100866
L6/31/ed.zst 0,0,0,0,0,4294967296
L6/31/f0.zst 0,0,4294967296,0,0,0
L6/31/ef.zst 0,0,0,0,0,4294967296
L6/31/ee.zst 0,0,0,0,0,4294967296
L6/31/f6.zst 0,0,4294967296,0,0,0
L6/31/f5.zst 0,0,4294967296,0,0,0
L6/31/f7.zst 0,0,4294967296,0,0,0
L6/31/f1.zst 0,0,4294967296,0,0,0
L6/31/fa.zst 0,0,4294967296,0,0,0
L6/31/f9.zst 0,0,4294967296,0,0,0
L6/31/fd.zst 0,0,4294967296,0,0,0
L6/31/fb.zst 0,0,4294967296,0,0,0
L6/31/f2.zst 0,0,4294967296,0,0,0
L6/31/f4.zst 0,0,4294967296,0,0,0
L6/32/00.zst 0,0,1671248129,560014690,551808505,1511895972
L6/32/02.zst 0,0,1668641579,558817763,551356345,1516151609
L6/32/03.zst 0,0,1667981614,558606501,551280206,1517098975
L6/31/fe.zst 0,0,4294967296,0,0,0
L6/32/01.zst 0,0,1668006740,558951904,551245988,1516762664
L6/32/07.zst 0,0,1667978299,558396362,551235626,1517357009
L6/32/08.zst 0,0,1668011959,558286010,551244074,1517425253
L6/32/0a.zst 0,0,1668041543,558218460,551234729,1517472564
L6/32/0d.zst 0,0,1667987404,558252176,551233423,1517494293
L6/32/0e.zst 0,0,1668007428,558226163,551267797,1517465908
L6/32/10.zst 0,0,1897273433,545019166,555359932,1297314765
L6/32/05.zst 0,0,1667988405,558475701,551241503,1517261687
L6/32/0c.zst 0,0,1668018302,558196744,551214514,1517537736
L6/32/06.zst 0,0,1668009337,558351393,551286096,1517320470
L6/32/12.zst 0,0,1668583037,527781431,542091762,1556511066
L6/32/11.zst 0,0,1668587862,528044002,542103086,1556232346
L6/32/0b.zst 0,0,1667985520,558240835,551216354,1517524587
L6/32/14.zst 0,0,1668560894,527458725,542243571,1556704106
L6/32/18.zst 0,0,1676914304,540588627,553180355,1524284010
L6/32/19.zst 0,0,1676884546,540197742,553236125,1524648883
L6/32/16.zst 0,0,1668495272,526988136,542131237,1557352651
L6/32/1c.zst 0,0,1669366008,543897737,554077910,1527625641
L6/32/1d.zst 0,0,1669266361,542333514,555563924,1527803497
L6/32/1e.zst 0,0,1676296007,541091996,553782057,1523797236
L6/32/21.zst 0,0,1667458789,537600435,574300157,1515607915
L6/32/15.zst 0,0,1668511562,526946697,542145828,1557363209
L6/32/22.zst 0,0,1814183715,528808899,581396454,1370578228
L6/32/23.zst 0,0,1667881724,520023482,577051762,1530010328
L6/32/17.zst 0,0,1668483885,526793767,542489874,1557199770
L6/32/20.zst 0,0,1667804249,533813095,574573484,1518776468
L6/32/1b.zst 0,0,1669394715,541902365,553519936,1530150280
L6/32/25.zst 0,0,1667860914,517096066,577297343,1532712973
L6/32/27.zst 0,0,1667838505,515334199,577025853,1534768739
L6/32/28.zst 0,0,1667867217,515114986,578107342,1533877751
L6/32/2d.zst 0,0,1667815513,511750862,576694766,1538706155
L6/32/2e.zst 0,0,1667834010,514575637,576959693,1535597956
L6/32/2a.zst 0,0,1667884481,514883590,576875018,1535324207
L6/32/2f.zst 0,0,1667870418,511728438,577615346,1537753094
L6/32/31.zst 0,0,1676324063,546481077,550821572,1521340584
L6/32/32.zst 0,0,1676598507,546116789,550143921,1522108079
L6/32/26.zst 0,0,1667965020,516817747,577721037,1532463492
L6/32/34.zst 0,0,1676323022,542198329,549877658,1526568287
L6/32/29.zst 0,0,1667853649,515774852,577175825,1534162970
L6/32/2c.zst 0,0,1667825000,511989952,577113066,1538039278
L6/32/33.zst 0,0,1676321246,545001689,550667943,1522976418
L6/32/37.zst 0,0,1676290136,542830596,550173592,1525672972
L6/32/36.zst 0,0,1676289137,543790839,549723309,1525164011
L6/32/39.zst 0,0,1676282938,539531708,549771385,1529381265
L6/32/3e.zst 0,0,1675449270,539873362,550919251,1528725413
L6/32/40.zst 0,0,1688998226,526779893,553758723,1525430454
L6/32/3f.zst 0,0,1675437234,449466350,530431948,1639631764
L6/32/3d.zst 0,0,1676376058,541109690,550372550,1527108998
L6/32/42.zst 0,0,1689493869,519477155,554248795,1531747477
L6/32/38.zst 0,0,1676282337,539580161,551218314,1527886484
L6/32/43.zst 0,0,1689481925,516702493,553851571,1534931307
L6/32/44.zst 0,0,1689545721,514557742,553715163,1537148670
L6/32/3a.zst 0,0,1676253833,539699062,550962972,1528051429
L6/32/3c.zst 0,0,1676310771,539534371,549537978,1529584176
L6/32/47.zst 0,0,1899633443,556597202,565097940,1273638711
L6/32/49.zst 0,0,1904891319,557367185,566309110,1266399682
L6/32/4a.zst 0,0,1904894415,557069214,566723056,1266280611
L6/32/46.zst 0,0,1899642635,556953114,565085903,1273285644
L6/32/4e.zst 0,0,1904884557,557863755,566437003,1265781981
L6/32/4f.zst 0,0,1904915378,558470531,566793115,1264788272
L6/32/50.zst 0,0,60167,2270041368,546528005,1478337756
L6/32/51.zst 0,0,49281,2274933620,546599808,1473384587
L6/32/53.zst 0,0,12199918,3453423122,275638016,553706240
L6/32/55.zst 0,0,7869477,2537087963,504947456,1245062400
L6/32/48.zst 0,0,1904898547,557381803,566280185,1266406761
L6/32/56.zst 0,0,1667121664,509416167,534112303,1584317162
L6/32/4b.zst 0,0,1904926714,557264007,566330408,1266446167
L6/32/59.zst 0,0,0,0,0,4294967296
L6/32/4d.zst 0,0,1904887923,557709667,566417586,1265952120
L6/32/5a.zst 0,0,0,0,0,4294967296
L6/32/5c.zst 0,0,0,0,0,4294967296
L6/32/58.zst 0,0,0,0,0,4294967296
L6/32/5f.zst 0,0,0,0,0,4294967296
L6/32/61.zst 0,0,1667019195,405518735,509902898,1712526468
L6/32/62.zst 0,0,1667555712,461975599,530962344,1634473641
L6/32/65.zst 0,0,1667810566,459537119,530494470,1637125141
L6/32/66.zst 0,0,1667750610,508507643,532782850,1585926193
L6/32/63.zst 0,0,1667622981,459798907,529827493,1637717915
L6/32/5b.zst 0,0,0,0,0,4294967296
L6/32/67.zst 0,0,1667804021,508868116,532958689,1585336470
L6/32/5d.zst 0,0,0,0,0,4294967296
L6/32/69.zst 0,0,1676228944,527798990,545720726,1545218636
L6/32/60.zst 0,0,1667011987,471276615,536144573,1620534121
L6/32/6a.zst 0,0,1667830697,549490510,551557201,1526088888
L6/32/6d.zst 0,0,1667834975,552394563,551041028,1523696730
L6/32/70.zst 0,0,4294967296,0,0,0
L6/32/6b.zst 0,0,1667788373,550081321,551314913,1525782689
L6/32/72.zst 0,0,1676046660,552713571,552224600,1513982465
L6/32/73.zst 0,0,1929118369,552719419,519202483,1293927025
L6/32/75.zst 0,0,3031429102,400224972,285727236,577585986
L6/32/77.zst 0,0,4294967296,0,0,0
L6/32/6c.zst 0,0,1667833146,551462016,551466215,1524205919
L6/32/6e.zst 0,0,1667777821,553268560,551272669,1522648246
L6/32/78.zst 0,0,1676048193,552658539,552189761,1514070803
L6/32/76.zst 0,0,4294967296,0,0,0
L6/32/7a.zst 0,0,2383991809,469752993,444117818,997104676
L6/32/7b.zst 0,0,3031426128,400231500,285725823,577583845
L6/32/71.zst 0,0,4294967296,0,0,0
L6/32/7e.zst 0,0,1676040467,552041015,552154429,1514731385
L6/32/81.zst 0,0,1675483295,550955662,551516353,1517011986
L6/32/82.zst 0,0,1667840535,558283210,551326252,1517517299
L6/32/80.zst 0,0,1671546913,554023768,551748526,1517648089
L6/32/84.zst 0,0,1669660423,554608420,551921916,1518776537
L6/32/86.zst 0,0,1671453749,553493401,551765815,1518254331
L6/32/87.zst 0,0,1675464276,550360169,551501377,1517641474
L6/32/7c.zst 0,0,4294967296,0,0,0
L6/32/8b.zst 0,0,1672904899,548286892,552190697,1521584808
L6/32/89.zst 0,0,1666961304,558095385,551315417,1518595190
L6/32/7d.zst 0,0,4294967296,0,0,0
L6/32/8c.zst 0,0,1671452932,550749716,551561160,1521203488
L6/32/88.zst 0,0,1667836199,557321091,551307072,1518502934
L6/32/83.zst 0,0,1666895581,559200483,551330030,1517541202
L6/32/8f.zst 0,0,1667005771,544169019,546879031,1536913475
L6/32/90.zst 0,0,13906072,2190539531,545499968,1545021725
L6/32/92.zst 0,0,13504751,2016017341,570053203,1695392001
L6/32/95.zst 0,0,15553129,2045629605,555091827,1678692735
L6/32/97.zst 0,0,1674637262,520415419,544318855,1555595760
L6/32/98.zst 0,0,0,0,0,4294967296
L6/32/93.zst 0,0,14776929,2034219897,558870931,1687099539
L6/32/99.zst 0,0,0,0,0,4294967296
L6/32/8d.zst 0,0,1675462111,539999033,548571939,1530934213
L6/32/9b.zst 0,0,0,0,0,4294967296
L6/32/9c.zst 0,0,0,0,0,4294967296
L6/32/91.zst 0,0,13231700,2016290392,570053203,1695392001
L6/32/94.zst 0,0,15021243,2047413962,551879278,1680652813
L6/32/9e.zst 0,0,0,0,0,4294967296
L6/32/9d.zst 0,0,0,0,0,4294967296
L6/32/a1.zst 0,0,13230897,2158746151,531957255,1591032993
L6/32/a2.zst 0,0,13418583,1942286621,511430723,1827831369
L6/32/a5.zst 0,0,15696496,2008190863,489824033,1781255904
L6/32/a8.zst 0,0,0,0,0,4294967296
L6/32/a9.zst 0,0,0,0,0,4294967296
L6/32/aa.zst 0,0,0,0,0,4294967296
L6/32/a7.zst 0,0,1666344011,485434165,526201984,1616987136
L6/32/ac.zst 0,0,0,0,0,4294967296
L6/32/ad.zst 0,0,0,0,0,4294967296
L6/32/a0.zst 0,0,13902110,2158247737,532070631,1590746818
L6/32/a3.zst 0,0,14489107,1982722615,498292296,1799463278
L6/32/a4.zst 0,0,15051864,2010060842,494143409,1775711181
L6/32/ae.zst 0,0,0,0,0,4294967296
L6/32/b1.zst 0,0,1675750447,519428343,543161169,1556627337
L6/32/b2.zst 0,0,1675755456,517494001,543466527,1558251312
L6/32/af.zst 0,0,0,0,0,4294967296
L6/32/b6.zst 0,0,1674953279,473275325,562094823,1584643869
L6/32/b9.zst 0,0,1675779434,524593760,544957842,1549636260
L6/32/b8.zst 0,0,1675783352,523562426,544201215,1551420303
L6/32/bb.zst 0,0,1676240774,538273989,550360648,1530091885
L6/32/bd.zst 0,0,1675338367,436757150,619111445,1563760334
L6/32/ba.zst 0,0,1676286976,539209067,550943757,1528527496
L6/32/be.zst 0,0,1675500282,496125525,569964291,1553377198
L6/32/b3.zst 0,0,1675713668,515892733,542630736,1560730159
L6/32/b4.zst 0,0,1674854305,424493605,522423765,1673195621
L6/32/bf.zst 0,0,1675618814,535739092,552286557,1531322833
L6/32/b5.zst 0,0,1674808912,415022153,611236569,1593899662
L6/32/c1.zst 0,0,1676197402,501872077,548530089,1568367728
L6/32/c3.zst 0,0,1676416510,484738970,550496174,1583315642
L6/32/c6.zst 0,0,1676256537,528189052,571181357,1519340350
L6/32/c2.zst 0,0,1675584235,470311098,546867423,1602204540
L6/32/c9.zst 0,0,1676294325,528058485,571411621,1519202865
L6/32/ca.zst 0,0,1676287488,527963492,571459715,1519256601
L6/32/cb.zst 0,0,1676294740,527309346,572149395,1519213815
L6/32/ce.zst 0,0,1676298927,527020961,572523306,1519124102
L6/32/c4.zst 0,0,1676617698,490461499,553864276,1574023823
L6/32/cf.zst 0,0,1676287334,523210907,576293922,1519175133
L6/32/d0.zst 0,0,0,0,2775661615,1519305681
L6/32/c7.zst 0,0,1676257991,528223269,571277414,1519208622
L6/32/c5.zst 0,0,1676765374,493038889,555368231,1569794802
L6/32/cd.zst 0,0,1676295285,527281449,572341700,1519048862
L6/32/d2.zst 0,0,0,0,2775881710,1519085586
L6/32/d4.zst 0,0,0,0,2775997057,1518970239
L6/32/d5.zst 0,0,0,0,2775884223,1519083073
L6/32/da.zst 0,0,0,0,2775830941,1519136355
L6/32/d8.zst 0,0,0,0,2775638691,1519328605
L6/32/db.zst 0,0,0,0,2775935098,1519032198
L6/32/dc.zst 0,0,0,0,2775762164,1519205132
L6/32/de.zst 0,0,0,0,2775718117,1519249179
L6/32/d3.zst 0,0,0,0,2775944552,1519022744
L6/32/d6.zst 0,0,0,0,2775699459,1519267837
L6/32/e1.zst 0,0,14223257,2211874197,551557906,1517311936
L6/32/e0.zst 0,0,164510306,2030602324,580112964,1519741702
L6/32/d7.zst 0,0,0,0,2775642355,1519324941
L6/32/e3.zst 0,0,262926726,1685107772,590602369,1756330429
L6/32/df.zst 0,0,0,0,2775856510,1519110786
L6/32/e6.zst 0,0,1674646496,506802749,539710916,1573807135
L6/32/e7.zst 0,0,1674653837,503392608,538805930,1578114921
L6/32/ea.zst 0,0,0,0,0,4294967296
L6/32/ec.zst 0,0,0,0,0,4294967296
L6/32/ed.zst 0,0,0,0,0,4294967296
L6/32/eb.zst 0,0,0,0,0,4294967296
L6/32/ef.zst 0,0,0,0,0,4294967296
L6/32/f0.zst 0,0,4294967296,0,0,0
L6/32/e4.zst 0,0,267761481,1699897573,580749000,1746559242
L6/32/e5.zst 0,0,276666323,1693558815,578857366,1745884792
L6/32/f1.zst 0,0,4294967296,0,0,0
L6/32/e8.zst 0,0,0,0,0,4294967296
L6/32/f4.zst 0,0,4294967296,0,0,0
L6/32/f3.zst 0,0,4294967296,0,0,0
L6/32/f5.zst 0,0,4294967296,0,0,0
L6/32/fb.zst 0,0,4294967296,0,0,0
L6/32/f9.zst 0,0,4294967296,0,0,0
L6/32/fe.zst 0,0,4294967296,0,0,0
L6/32/fd.zst 0,0,4294967296,0,0,0
L6/32/f8.zst 0,0,4294967296,0,0,0
L6/33/00.zst 0,0,1671190413,559096584,551151466,1513528833
L6/32/f7.zst 0,0,4294967296,0,0,0
L6/33/01.zst 0,0,1667968151,557923504,550616764,1518458877
L6/33/02.zst 0,0,1667978731,557785301,550599432,1518603832
L6/32/fa.zst 0,0,4294967296,0,0,0
L6/33/06.zst 0,0,1667962484,557513951,550614614,1518876247
L6/33/03.zst 0,0,1668624233,557761127,550714067,1517867869
L6/33/08.zst 0,0,1667963604,557391224,550613712,1518998756
L6/33/09.zst 0,0,1667974078,557353122,550609271,1519030825
L6/33/0c.zst 0,0,1667997589,557319289,550589764,1519060654
L6/33/0f.zst 0,0,1667979187,557201199,550574339,1519212571
L6/33/0e.zst 0,0,1667976253,557322302,550615459,1519053282
L6/33/05.zst 0,0,1667962964,557536935,550606315,1518861082
L6/33/0d.zst 0,0,1667962438,557293654,550599903,1519111301
L6/33/11.zst 0,0,1668567985,528095226,542170091,1556133994
L6/33/07.zst 0,0,1667993997,557407695,550605310,1518960294
L6/33/12.zst 0,0,1668539508,527685996,542068448,1556673344
L6/33/13.zst 0,0,1668524290,527166356,542136909,1557139741
L6/33/0b.zst 0,0,1667998322,557259119,550638690,1519071165
L6/33/17.zst 0,0,1668496148,526822635,542619946,1557028567
L6/33/19.zst 0,0,1676899554,540153605,553248962,1524665175
L6/33/1b.zst 0,0,1669401519,541977635,553690930,1529897212
L6/33/16.zst 0,0,1668456763,526954797,542053120,1557502616
L6/33/1d.zst 0,0,1669274268,542111806,555501084,1528080138
L6/33/1e.zst 0,0,1676350580,540881628,553654506,1524080582
L6/33/20.zst 0,0,1667786971,532719994,573940243,1520520088
L6/33/15.zst 0,0,1668487242,526787239,542039987,1557652828
L6/33/22.zst 0,0,1667917617,537249254,574286587,1515513838
L6/33/23.zst 0,0,1814269099,528348379,581268931,1371080887
L6/33/18.zst 0,0,1676924982,540321632,553025881,1524694801
L6/33/1c.zst 0,0,1669338110,543974629,553908022,1527746535
L6/33/21.zst 0,0,1667527832,533411513,574682699,1519345252
L6/33/25.zst 0,0,1667835735,517189303,577413848,1532528410
L6/33/27.zst 0,0,1667937698,517458484,577230974,1532340140
L6/33/28.zst 0,0,1667879191,514057125,577351937,1535679043
L6/33/2d.zst 0,0,1667795953,512021466,576966240,1538183637
L6/33/2e.zst 0,0,1667792418,511789855,576719345,1538665678
L6/33/2f.zst 0,0,1667847090,514920266,576441988,1535757952
L6/33/2c.zst 0,0,1667833825,513559306,576471557,1537102608
L6/33/31.zst 0,0,1676319489,546298243,550010625,1522338939
L6/33/26.zst 0,0,1667835347,516807453,577358660,1532965836
L6/33/32.zst 0,0,1676319927,545026626,550734966,1522885777
L6/33/33.zst 0,0,1676594283,541809163,549962029,1526601821
L6/33/29.zst 0,0,1667813946,513834984,577734197,1535584169
L6/33/2b.zst 0,0,1667845432,514603358,577002178,1535516328
L6/33/36.zst 0,0,1676313049,542636733,550267726,1525749788
L6/33/38.zst 0,0,1676280665,539292654,549733614,1529660363
L6/33/34.zst 0,0,1676298953,544098422,549783696,1524786225
L6/33/39.zst 0,0,1676250515,540029730,550841161,1527845890
L6/33/3d.zst 0,0,1675433083,539890379,550908080,1528735754
L6/33/3e.zst 0,0,1675434690,449361089,530423600,1639747917
L6/33/40.zst 0,0,1689253307,523568919,553052552,1529092518
L6/33/3f.zst 0,0,1675424170,444698206,531236839,1643608081
L6/33/37.zst 0,0,1676292129,539527889,551546696,1527600582
L6/33/43.zst 0,0,1689465983,516524100,553834751,1535142462
L6/33/42.zst 0,0,1689444035,519189489,554087895,1532245877
L6/33/44.zst 0,0,1689523470,514529787,553686507,1537227532
L6/33/3a.zst 0,0,1676298125,541528384,550351381,1526789406
L6/33/3c.zst 0,0,1676375185,541117710,550441691,1527032710
L6/33/48.zst 0,0,1904904609,557099749,566183810,1266779128
L6/33/4a.zst 0,0,1904895140,557149297,566278124,1266644735
L6/33/49.zst 0,0,1904898165,557113006,566185068,1266771057
L6/33/46.zst 0,0,1899638339,556761659,565017940,1273549358
L6/33/4e.zst 0,0,1904968622,557468626,566334734,1266195314
L6/33/4f.zst 0,0,1904842185,558285013,566687623,1265152475
L6/33/50.zst 0,0,22649,2269720176,546667836,1478556635
L6/33/52.zst 0,0,16777216,4278190080,0,0
L6/33/53.zst 0,0,12200332,3453511540,275624448,553630976
L6/33/55.zst 0,0,7867557,2536437851,504737536,1245924352
L6/33/47.zst 0,0,1899634915,556298817,564989787,1274043777
L6/33/56.zst 0,0,1667114141,508304608,533443240,1586105307
L6/33/4b.zst 0,0,1904899790,556990929,566706958,1266369619
L6/33/4d.zst 0,0,1904893749,557430925,566320711,1266321911
L6/33/5a.zst 0,0,0,0,0,4294967296
L6/33/59.zst 0,0,0,0,0,4294967296
L6/33/5c.zst 0,0,0,0,0,4294967296
L6/33/58.zst 0,0,0,0,0,4294967296
L6/33/60.zst 0,0,1667024896,472201249,533902344,1621838807
L6/33/61.zst 0,0,1666981049,405613989,509109474,1713262784
L6/33/62.zst 0,0,1667636624,464683215,530623420,1632024037
L6/33/65.zst 0,0,1667704796,459871489,530316088,1637074923
L6/33/66.zst 0,0,1667743215,507451777,532170584,1587601720
L6/33/5b.zst 0,0,0,0,0,4294967296
L6/33/63.zst 0,0,1667626049,461679379,530252859,1635409009
L6/33/67.zst 0,0,1667784253,507904751,532296432,1586981860
L6/33/5d.zst 0,0,0,0,0,4294967296
L6/33/5f.zst 0,0,0,0,0,4294967296
L6/33/69.zst 0,0,1676204585,526837102,545032606,1546893003
L6/33/6a.zst 0,0,1667818587,548765196,550992283,1527391230
L6/33/6d.zst 0,0,1667815245,551460871,550169870,1525521310
L6/33/72.zst 0,0,1675998702,551512053,551736199,1515720342
L6/33/71.zst 0,0,4294967296,0,0,0
L6/33/6c.zst 0,0,1667816337,550451857,550761155,1525937947
L6/33/73.zst 0,0,1928993719,552398583,519031027,1294543967
L6/33/6b.zst 0,0,1667771018,549200972,550676594,1527318712
L6/33/75.zst 0,0,3031423806,400191201,285731358,577620931
L6/33/76.zst 0,0,4294967296,0,0,0
L6/33/78.zst 0,0,1675997552,551800434,551543432,1515625878
L6/33/6e.zst 0,0,1667763536,552254666,550656592,1524292502
L6/33/77.zst 0,0,4294967296,0,0,0
L6/33/7c.zst 0,0,4294967296,0,0,0
L6/33/7b.zst 0,0,3031422302,400196429,285730096,577618469
L6/33/70.zst 0,0,4294967296,0,0,0
L6/33/7d.zst 0,0,4294967296,0,0,0
L6/33/81.zst 0,0,1675305346,550093072,550854932,1518713946
L6/33/82.zst 0,0,1667825550,557346397,550677302,1519118047
L6/33/84.zst 0,0,1669164435,553811151,551399849,1520591861
L6/33/80.zst 0,0,1671465825,553090531,551109679,1519301261
L6/33/86.zst 0,0,1671362919,552619760,551115083,1519869534
L6/33/87.zst 0,0,1675302576,549526297,550849783,1519288640
L6/33/7a.zst 0,0,2383003513,469777526,444318211,997868046
L6/33/7e.zst 0,0,1675991219,551076898,551494787,1516404392
L6/33/88.zst 0,0,1667820627,556333341,550684571,1520128757
L6/33/8b.zst 0,0,1672635526,547419444,551633217,1523279109
L6/33/8c.zst 0,0,1671361935,549904504,550949686,1522751171
L6/33/83.zst 0,0,1666690253,558319115,550739817,1519218111
L6/33/8a.zst 0,0,1669156504,552225147,551401879,1522183766
L6/33/8f.zst 0,0,1666730474,543295009,546320944,1538620869
L6/33/91.zst 0,0,13232083,2015367250,569580064,1696787899
L6/33/92.zst 0,0,13461725,2015137608,569580064,1696787899
L6/33/96.zst 0,0,1674609720,523604709,544660490,1552092377
L6/33/97.zst 0,0,1674607353,519426848,543694611,1557238484
L6/33/98.zst 0,0,0,0,0,4294967296
L6/33/94.zst 0,0,15014451,2046257721,551309162,1682385962
L6/33/8d.zst 0,0,1675290006,539104088,548008870,1532564332
L6/33/8e.zst 0,0,1667817144,545924894,547631214,1533594044
L6/33/9a.zst 0,0,0,0,0,4294967296
L6/33/9b.zst 0,0,0,0,0,4294967296
L6/33/9c.zst 0,0,0,0,0,4294967296
L6/33/93.zst 0,0,14760390,2033301429,558267031,1688638446
L6/33/a1.zst 0,0,13231060,2158042261,531530037,1592163938
L6/33/a2.zst 0,0,13408566,1941220632,511032454,1829305644
L6/33/9d.zst 0,0,0,0,0,4294967296
L6/33/a3.zst 0,0,14487078,1981973047,497851226,1800655945
L6/33/a7.zst 0,0,1666322597,484446453,525582470,1618615776
L6/33/a6.zst 0,0,1666273935,487473785,526288763,1614930813
L6/33/a9.zst 0,0,0,0,0,4294967296
L6/33/9e.zst 0,0,0,0,0,4294967296
L6/33/a8.zst 0,0,0,0,0,4294967296
L6/33/9f.zst 0,0,0,0,0,4294967296
L6/33/ab.zst 0,0,0,0,0,4294967296
L6/33/ac.zst 0,0,0,0,0,4294967296
L6/33/ad.zst 0,0,0,0,0,4294967296
L6/33/a4.zst 0,0,15051744,2008997302,493663684,1777254566
L6/33/b2.zst 0,0,1675238653,516793377,543282709,1559652557
L6/33/b3.zst 0,0,1674867989,424880935,521569518,1673648854
L6/33/b4.zst 0,0,1674813320,414389956,596302445,1609461575
L6/33/af.zst 0,0,0,0,0,4294967296
L6/33/b7.zst 0,0,1675740418,520472125,544019210,1554735543
L6/33/b9.zst 0,0,1675765334,523662561,544000887,1551538514
L6/33/b8.zst 0,0,1675768098,522515400,543524855,1553158943
L6/33/ae.zst 0,0,0,0,0,4294967296
L6/33/b0.zst 0,0,1675692144,520135795,542928732,1556210625
L6/33/bc.zst 0,0,1675348438,436361293,603758066,1579499499
L6/33/bd.zst 0,0,1675452637,494403531,551657051,1573454077
L6/33/ba.zst 0,0,1675766339,538715645,550788901,1529696411
L6/33/be.zst 0,0,1675087093,533636645,552255504,1533988054
L6/33/b5.zst 0,0,1674922679,472625750,543547099,1603871768
L6/33/c2.zst 0,0,1675471741,469332276,547879288,1602283991
L6/33/c3.zst 0,0,1676041744,484740291,550564212,1583621049
L6/33/c5.zst 0,0,1676471113,492451793,555301142,1570743248
L6/33/c8.zst 0,0,1676279878,527203301,570710916,1520773201
L6/33/c4.zst 0,0,1676342429,490391823,553877540,1574355504
L6/33/c9.zst 0,0,1676268823,527187553,570804070,1520706850
L6/33/bf.zst 0,0,1676324532,543593353,551953249,1523096162
L6/33/ca.zst 0,0,1676275331,527096690,570821596,1520773679
L6/33/cc.zst 0,0,1676289259,526291045,571559514,1520827478
L6/33/c1.zst 0,0,1675559823,500685937,548041292,1570680244
L6/33/ce.zst 0,0,1676320583,526066823,571959982,1520619908
L6/33/d0.zst 0,0,0,0,2774149528,1520817768
L6/33/c6.zst 0,0,1676246012,527235241,570587166,1520898877
L6/33/cd.zst 0,0,1676285081,526296379,571663319,1520722517
L6/33/d2.zst 0,0,0,0,2774030530,1520936766
L6/33/d4.zst 0,0,0,0,2774312753,1520654543
L6/33/d5.zst 0,0,0,0,2774411046,1520556250
L6/33/d9.zst 0,0,0,0,2774131872,1520835424
L6/33/da.zst 0,0,0,0,2774034077,1520933219
L6/33/cf.zst 0,0,1676266445,522370034,575686261,1520644556
L6/33/d7.zst 0,0,0,0,2774110586,1520856710
L6/33/db.zst 0,0,0,0,2774336230,1520631066
L6/33/dd.zst 0,0,0,0,2774194704,1520772592
L6/33/de.zst 0,0,0,0,2774120595,1520846701
L6/33/d3.zst 0,0,0,0,2774244032,1520723264
L6/33/e1.zst 0,0,14216794,2210582818,551490483,1518677201
L6/33/e2.zst 0,0,237126940,1672269935,614065946,1771504475
L6/33/d6.zst 0,0,0,0,2774230292,1520737004
L6/33/e4.zst 0,0,267709101,1699665872,580512397,1747079926
L6/33/e0.zst 0,0,164727208,2029528372,580204618,1520507098
L6/33/e8.zst 0,0,0,0,0,4294967296
L6/33/e6.zst 0,0,1674630048,505713922,539070790,1575552536
L6/33/ea.zst 0,0,0,0,0,4294967296
L6/33/df.zst 0,0,0,0,2774291628,1520675668
L6/33/ec.zst 0,0,0,0,0,4294967296
L6/33/ed.zst 0,0,0,0,0,4294967296
L6/33/eb.zst 0,0,0,0,0,4294967296
L6/33/ef.zst 0,0,0,0,0,4294967296
L6/33/e5.zst 0,0,276677293,1692906110,578346623,1747037270
L6/33/f1.zst 0,0,4294967296,0,0,0
L6/33/f5.zst 0,0,4294967296,0,0,0
L6/33/f2.zst 0,0,4294967296,0,0,0
L6/33/f4.zst 0,0,4294967296,0,0,0
L6/33/e9.zst 0,0,0,0,0,4294967296
L6/33/f8.zst 0,0,4294967296,0,0,0
L6/33/f9.zst 0,0,4294967296,0,0,0
L6/33/f0.zst 0,0,4294967296,0,0,0
L6/33/fa.zst 0,0,4294967296,0,0,0
L6/33/fc.zst 0,0,4294967296,0,0,0
L6/33/fe.zst 0,0,4294967296,0,0,0
L6/33/f6.zst 0,0,4294967296,0,0,0
L6/34/00.zst 0,0,1671232403,559027801,550455169,1514251923
L6/34/02.zst 0,0,1667957584,557741863,549825789,1519442060
L6/34/05.zst 0,0,1667950911,557671808,549859932,1519484645
L6/33/fd.zst 0,0,4294967296,0,0,0
L6/34/07.zst 0,0,1667958976,557555893,549918513,1519533914
L6/34/04.zst 0,0,1668624241,557817102,549969248,1518556705
L6/34/09.zst 0,0,1667962693,557558870,549897028,1519548705
L6/34/0a.zst 0,0,1668000069,557455778,549877111,1519634338
L6/34/0c.zst 0,0,1667990392,557318896,549833826,1519824182
L6/34/01.zst 0,0,1667963338,557916509,549980080,1519107369
L6/34/10.zst 0,0,1897288166,544926767,555302132,1297450231
L6/34/0f.zst 0,0,1667942726,557205703,549963933,1519854934
L6/34/11.zst 0,0,1668601032,528145479,542065871,1556154914
L6/34/0d.zst 0,0,1667947102,557532735,549904768,1519582691
L6/34/06.zst 0,0,1667959005,557608292,549874857,1519525142
L6/34/14.zst 0,0,1668587797,527475476,542130130,1556773893
L6/34/15.zst 0,0,1668515226,527110565,542042417,1557299088
L6/34/0b.zst 0,0,1667964032,557329369,550018397,1519655498
L6/34/16.zst 0,0,1668467176,526960605,542117979,1557421536
L6/34/1a.zst 0,0,1669471219,543864615,553805182,1527826280
L6/34/1b.zst 0,0,1669400561,541933005,553520999,1530112731
L6/34/17.zst 0,0,1668496934,526690322,542426992,1557353048
L6/34/1d.zst 0,0,1669436966,542072924,555528438,1527928968
L6/34/12.zst 0,0,1668584026,527953157,542277857,1556152256
L6/34/1f.zst 0,0,1669501086,547178554,554188223,1524099433
L6/34/20.zst 0,0,1667787265,532888062,573216493,1521075476
L6/34/22.zst 0,0,1667420038,533517603,574786173,1519243482
L6/34/18.zst 0,0,1676956353,540610595,553303088,1524097260
L6/34/25.zst 0,0,1667901912,519517360,576627956,1530920068
L6/34/21.zst 0,0,1667498420,532483181,574443868,1520541827
L6/34/26.zst 0,0,1667853262,517559532,577443959,1532110543
L6/34/1c.zst 0,0,1669366400,544031193,553961462,1527608241
L6/34/27.zst 0,0,1667837553,517682069,577147868,1532299806
L6/34/2a.zst 0,0,1667847445,514438978,578056681,1534624192
L6/34/2c.zst 0,0,1667868266,515030292,577063136,1535005602
L6/34/2e.zst 0,0,1667789652,512579800,577405854,1537191990
L6/34/23.zst 0,0,1667869501,537257328,574233507,1515606960
L6/34/2f.zst 0,0,1667841906,512865207,575966924,1538293259
L6/34/2b.zst 0,0,1667821183,515631413,577028467,1534486233
L6/34/31.zst 0,0,1676310717,545140572,550959656,1522556351
L6/34/32.zst 0,0,1676320184,541930133,549952784,1526764195
L6/34/28.zst 0,0,1667980388,517355781,577650599,1531980528
L6/34/34.zst 0,0,1676578447,544255421,549939281,1524194147
L6/34/37.zst 0,0,1676284742,539177960,550049482,1529455112
L6/34/38.zst 0,0,1676288698,539703073,550708109,1528267416
L6/34/2d.zst 0,0,1667555730,513671906,576637150,1537102510
L6/34/36.zst 0,0,1676285921,539801925,550879421,1528000029
L6/34/3a.zst 0,0,1676269305,539860040,549821242,1529016709
L6/34/3c.zst 0,0,1675260373,540276769,551118572,1528311582
L6/34/3d.zst 0,0,1675429720,449466113,530691483,1639379980
L6/34/33.zst 0,0,1676304051,544090305,549723463,1524849477
L6/34/40.zst 0,0,1689069560,524879549,555340904,1525677283
L6/34/3f.zst 0,0,1675448013,444879217,531932009,1642708057
L6/34/43.zst 0,0,1689486729,516603433,553812708,1535064426
L6/34/42.zst 0,0,1689492034,519362451,554185439,1531927372
L6/34/45.zst 0,0,1689856948,513255317,553582464,1538272567
L6/34/39.zst 0,0,1676281954,541752105,550170626,1526762611
L6/34/48.zst 0,0,1904905391,557041509,566173408,1266846988
L6/34/49.zst 0,0,1904899139,557043893,566169299,1266854965
L6/34/4a.zst 0,0,1904900075,556751846,566088906,1267226469
L6/34/3e.zst 0,0,1675143997,444699173,531441965,1643682161
L6/34/47.zst 0,0,1899638341,556242919,564956573,1274129463
L6/34/4d.zst 0,0,1904969253,557338382,566298732,1266360929
L6/34/44.zst 0,0,1689529983,514501135,553585964,1537350214
L6/34/4f.zst 0,0,1904843868,558281326,566656245,1265185857
L6/34/4e.zst 0,0,1904891056,557547639,566301359,1266227242
L6/34/52.zst 0,0,16777216,4278190080,0,0
L6/34/54.zst 0,0,9497273,2906335047,426663936,952471040
L6/34/56.zst 0,0,1667102103,507910115,532615488,1587339590
L6/34/57.zst 0,0,1667160067,502739716,532282663,1592784850
L6/34/4b.zst 0,0,1904934150,557332508,566341258,1266359380
L6/34/50.zst 0,0,274120,2269484335,545975130,1479233711
L6/34/5a.zst 0,0,0,0,0,4294967296
L6/34/5b.zst 0,0,0,0,0,4294967296
L6/34/55.zst 0,0,7868485,2536499131,504408832,1246190848
L6/34/5c.zst 0,0,0,0,0,4294967296
L6/34/59.zst 0,0,0,0,0,4294967296
L6/34/60.zst 0,0,1666708429,470228684,537322715,1620707468
L6/34/61.zst 0,0,1666967192,402836353,509041756,1716121995
L6/34/63.zst 0,0,1667649134,462622471,531214892,1633480799
L6/34/66.zst 0,0,1667735578,507364578,531400061,1588467079
L6/34/67.zst 0,0,1667782222,507758582,531762989,1587663503
L6/34/65.zst 0,0,1667739477,459914519,530017657,1637295643
L6/34/68.zst 0,0,1676211923,522057768,542728449,1553969156
L6/34/6a.zst 0,0,1667817623,548822077,550258395,1528069201
L6/34/5d.zst 0,0,0,0,0,4294967296
L6/34/6b.zst 0,0,1667764981,549332588,550020548,1527849179
L6/34/5f.zst 0,0,0,0,0,4294967296
L6/34/62.zst 0,0,1667607109,467717375,532169406,1627473406
L6/34/6d.zst 0,0,1667813562,551636992,549494796,1526021946
L6/34/6f.zst 0,0,1667808000,556777772,551038883,1519342641
L6/34/6c.zst 0,0,1667813573,550519878,550021084,1526612761
L6/34/71.zst 0,0,4294967296,0,0,0
L6/34/74.zst 0,0,2383601619,469858081,443736712,997770884
L6/34/76.zst 0,0,4294967296,0,0,0
L6/34/78.zst 0,0,1676024248,551803644,550755570,1516383834
L6/34/79.zst 0,0,1929074875,552201528,518211001,1295479892
L6/34/77.zst 0,0,4294967296,0,0,0
L6/34/7b.zst 0,0,3031422216,400200388,285712251,577632441
L6/34/7c.zst 0,0,4294967296,0,0,0
L6/34/72.zst 0,0,1676024177,551494178,550922416,1516526525
L6/34/73.zst 0,0,1929072623,551914337,518319006,1295661330
L6/34/70.zst 0,0,4294967296,0,0,0
L6/34/7d.zst 0,0,4294967296,0,0,0
L6/34/80.zst 0,0,1671575335,553243872,550408802,1519739287
L6/34/81.zst 0,0,1675616454,549880943,550145504,1519324395
L6/34/85.zst 0,0,1672462628,550014414,550950892,1521539362
L6/34/7f.zst 0,0,1929200982,546101344,519233550,1300431420
L6/34/87.zst 0,0,1675609184,549363695,550136934,1519857483
L6/34/88.zst 0,0,1667821482,556573177,549967341,1520605296
L6/34/89.zst 0,0,1666798787,557347786,550038179,1520782544
L6/34/8c.zst 0,0,1671474909,549937849,550302386,1523252152
L6/34/8d.zst 0,0,1675607619,539175653,547211097,1532972927
L6/34/82.zst 0,0,1667831018,557513201,549963751,1519659326
L6/34/83.zst 0,0,1666801389,558475564,550035323,1519655020
L6/34/8b.zst 0,0,1672533715,547578777,550901888,1523952916
L6/34/84.zst 0,0,1669145025,554021293,550704938,1521096040
L6/34/8f.zst 0,0,1666843928,543389816,545630383,1539103169
L6/34/90.zst 0,0,13903838,2188974360,544335267,1547753831
L6/34/91.zst 0,0,13227492,2014380793,568983906,1698375105
L6/34/97.zst 0,0,1674619522,519479561,543026441,1557841772
L6/34/98.zst 0,0,0,0,0,4294967296
L6/34/99.zst 0,0,0,0,0,4294967296
L6/34/94.zst 0,0,15010095,2046036616,550430518,1683490067
L6/34/9b.zst 0,0,0,0,0,4294967296
L6/34/9c.zst 0,0,0,0,0,4294967296
L6/34/9d.zst 0,0,0,0,0,4294967296
L6/34/92.zst 0,0,13455936,2014152349,568983906,1698375105
L6/34/93.zst 0,0,14752700,2032592739,557613655,1690008202
L6/34/95.zst 0,0,15550291,2044942669,553461636,1681012700
L6/34/a1.zst 0,0,13229443,2158405243,530892836,1592439774
L6/34/a2.zst 0,0,13403967,1940274917,510335681,1830952731
L6/34/a0.zst 0,0,13902181,2157092646,530968312,1593004157
L6/34/9e.zst 0,0,0,0,0,4294967296
L6/34/a8.zst 0,0,0,0,0,4294967296
L6/34/a7.zst 0,0,1666319433,484424032,524900173,1619323658
L6/34/a9.zst 0,0,0,0,0,4294967296
L6/34/aa.zst 0,0,0,0,0,4294967296
L6/34/ac.zst 0,0,0,0,0,4294967296
L6/34/ad.zst 0,0,0,0,0,4294967296
L6/34/ae.zst 0,0,0,0,0,4294967296
L6/34/a4.zst 0,0,15047092,2008900518,492791292,1778228394
L6/34/a3.zst 0,0,14483388,1981434588,496880032,1802169288
L6/34/b1.zst 0,0,1675720924,517633875,541605202,1560007295
L6/34/b2.zst 0,0,1675695063,516401546,542902525,1559968162
L6/34/b3.zst 0,0,1674914725,465210302,543838295,1611003974
L6/34/a5.zst 0,0,15692194,2007085656,488533177,1783656269
L6/34/af.zst 0,0,0,0,0,4294967296
L6/34/b7.zst 0,0,1674963038,508888653,543359576,1567756029
L6/34/b8.zst 0,0,1675767709,522522385,542749051,1553928151
L6/34/b9.zst 0,0,1675752885,522592160,543449107,1553173144
L6/34/bd.zst 0,0,1675344144,439838155,527975517,1651809480
L6/34/be.zst 0,0,1675492483,508040626,551037976,1560396211
L6/34/bf.zst 0,0,1675523078,532164952,551398469,1535880797
L6/34/bb.zst 0,0,1675448971,487760493,551476353,1580281479
L6/34/b4.zst 0,0,1674973249,477731104,552389086,1589873857
L6/34/c1.zst 0,0,1675557231,497433846,548380352,1573595867
L6/34/b5.zst 0,0,1674814676,418005043,520135936,1682011641
L6/34/c2.zst 0,0,1676001106,470297260,547808669,1600860261
L6/34/ba.zst 0,0,1676222234,537677246,549880071,1531187745
L6/34/c3.zst 0,0,1676107791,485518218,550352913,1582988374
L6/34/c6.zst 0,0,1676243835,527472693,569898573,1521352195
L6/34/c9.zst 0,0,1676275147,527277869,570091985,1521322295
L6/34/c4.zst 0,0,1676454612,490395400,554104762,1574012522
L6/34/cb.zst 0,0,1676280366,526467026,570744686,1521475218
L6/34/cc.zst 0,0,1676286201,526390665,570832641,1521457789
L6/34/ce.zst 0,0,1676277934,526024407,571245299,1521419656
L6/34/d0.zst 0,0,0,0,2773445426,1521521870
L6/34/cf.zst 0,0,1676328924,522431133,574874797,1521332442
L6/34/d1.zst 0,0,0,0,2773561610,1521405686
L6/34/c5.zst 0,0,1676589997,492502171,555632534,1570242594
L6/34/d2.zst 0,0,0,0,2773385881,1521581415
L6/34/c8.zst 0,0,1676321548,527325282,569999253,1521321213
L6/34/ca.zst 0,0,1676275354,527325789,570216604,1521149549
L6/34/d4.zst 0,0,0,0,2773634900,1521332396
L6/34/d6.zst 0,0,0,0,2773673388,1521293908
L6/34/d8.zst 0,0,0,0,2773532811,1521434485
L6/34/dc.zst 0,0,0,0,2773518701,1521448595
L6/34/d5.zst 0,0,0,0,2773734520,1521232776
L6/34/dd.zst 0,0,0,0,2773651934,1521315362
L6/34/de.zst 0,0,0,0,2773602235,1521365061
L6/34/e0.zst 0,0,164693726,2029535264,578607144,1522131162
L6/34/e2.zst 0,0,237005883,1672988888,612917732,1772054793
L6/34/e3.zst 0,0,263021880,1684166207,589719761,1758059448
L6/34/d7.zst 0,0,0,0,2773652652,1521314644
L6/34/da.zst 0,0,0,0,2773515116,1521452180
L6/34/e1.zst 0,0,14222861,2211085611,550311097,1519347727
L6/34/db.zst 0,0,0,0,2773582686,1521384610
L6/34/e5.zst 0,0,276942841,1692716239,577863014,1747445202
L6/34/e6.zst 0,0,1674629376,505895282,538524838,1575917800
L6/34/e7.zst 0,0,1674677879,502512959,537576819,1580199639
L6/34/ed.zst 0,0,0,0,0,4294967296
L6/34/ee.zst 0,0,0,0,0,4294967296
L6/34/ef.zst 0,0,0,0,0,4294967296
L6/34/eb.zst 0,0,0,0,0,4294967296
L6/34/f3.zst 0,0,4294967296,0,0,0
L6/34/f4.zst 0,0,4294967296,0,0,0
L6/34/f2.zst 0,0,4294967296,0,0,0
L6/34/e8.zst 0,0,0,0,0,4294967296
L6/34/f6.zst 0,0,4294967296,0,0,0
L6/34/ea.zst 0,0,0,0,0,4294967296
L6/34/f8.zst 0,0,4294967296,0,0,0
L6/34/f9.zst 0,0,4294967296,0,0,0
L6/34/ec.zst 0,0,0,0,0,4294967296
L6/34/fa.zst 0,0,4294967296,0,0,0
L6/34/fc.zst 0,0,4294967296,0,0,0
L6/34/ff.zst 0,0,4294967296,0,0,0
L6/35/00.zst 0,0,1671183623,557595650,551339694,1514848329
L6/35/03.zst 0,0,1667951171,556160934,550679810,1520175381
L6/34/fb.zst 0,0,4294967296,0,0,0
L6/35/05.zst 0,0,1668615299,556169813,550901625,1519280559
L6/35/06.zst 0,0,1667949033,556015476,550814040,1520188747
L6/35/08.zst 0,0,1667979038,555905465,550820390,1520262403
L6/35/04.zst 0,0,1667969281,556174043,550803819,1520020153
L6/35/0a.zst 0,0,1667985651,555869368,550809764,1520302513
L6/35/0b.zst 0,0,1667970570,555823411,550706251,1520467064
L6/34/fe.zst 0,0,4294967296,0,0,0
L6/35/01.zst 0,0,1667957304,556399161,550793604,1519817227
L6/35/0d.zst 0,0,1667937437,555863607,550715126,1520451126
L6/35/0f.zst 0,0,1667968177,555704015,550753196,1520541908
L6/35/10.zst 0,0,1897293587,544690960,555438402,1297544347
L6/35/0e.zst 0,0,1667959693,555845388,550803881,1520358334
L6/35/14.zst 0,0,1668552728,527491450,542001934,1556921184
L6/35/15.zst 0,0,1668519548,526654035,542040942,1557752771
L6/35/09.zst 0,0,1667986637,555875653,550816954,1520288052
L6/35/16.zst 0,0,1668472284,526694318,541852599,1557948095
L6/35/1a.zst 0,0,1669462661,544051442,553638811,1527814382
L6/35/19.zst 0,0,1676902111,540142100,553218198,1524704887
L6/35/1c.zst 0,0,1669339605,543932660,553892398,1527802633
L6/35/18.zst 0,0,1676935229,540273212,552969263,1524789592
L6/35/11.zst 0,0,1668599724,527856935,542084908,1556425729
L6/35/13.zst 0,0,1668551144,527169124,541999015,1557248013
L6/35/1e.zst 0,0,1676338342,540706598,553620778,1524301578
L6/35/1f.zst 0,0,1669498529,546555783,553803272,1525109712
L6/35/20.zst 0,0,1667785662,531425894,573997872,1521757868
L6/35/25.zst 0,0,1814157333,527559996,581353034,1371896933
L6/35/1b.zst 0,0,1669399211,541950352,553367569,1530250164
L6/35/21.zst 0,0,1667469107,532002975,573354155,1522141059
L6/35/26.zst 0,0,1667844882,518871677,577176442,1531074295
L6/35/27.zst 0,0,1667848928,517004386,577173192,1532940790
L6/35/29.zst 0,0,1667933958,516532541,577066090,1533434707
L6/35/2c.zst 0,0,1667823380,515338139,576676566,1535129211
L6/35/2d.zst 0,0,1667850632,514544939,576552712,1536019013
L6/35/23.zst 0,0,1667804290,533018073,574438659,1519706274
L6/35/24.zst 0,0,1667892355,537102503,574169497,1515802941
L6/35/2b.zst 0,0,1667828287,513730175,578256055,1535152779
L6/35/2f.zst 0,0,1667839069,513338106,576591540,1537198581
L6/35/30.zst 0,0,1676268275,545329335,551619761,1521749925
L6/35/31.zst 0,0,1676316016,542108339,549941752,1526601189
L6/35/36.zst 0,0,1676303664,539023701,549764337,1529875594
L6/35/2a.zst 0,0,1667831702,513856381,576921400,1536357813
L6/35/38.zst 0,0,1676272989,541746449,549948803,1526999055
L6/35/37.zst 0,0,1676261368,539415486,550624080,1528666362
L6/35/35.zst 0,0,1676546679,539505525,551197195,1527717897
L6/35/3a.zst 0,0,1676290378,541341870,550486145,1526848903
L6/35/3c.zst 0,0,1675435335,449229625,530367652,1639934684
L6/35/3d.zst 0,0,1675400118,444486638,531373330,1643707210
L6/35/40.zst 0,0,1689010682,521750732,553876839,1530329043
L6/35/33.zst 0,0,1676286152,543802150,549743995,1525134999
L6/35/34.zst 0,0,1676317141,542870530,550063230,1525716395
L6/35/41.zst 0,0,1689230518,528390712,553529589,1523816477
L6/35/3f.zst 0,0,1675416809,443243980,531017488,1645289019
L6/35/42.zst 0,0,1689437276,519181752,553989972,1532358296
L6/35/44.zst 0,0,1689523496,514340077,553641544,1537462179
L6/35/3b.zst 0,0,1675411823,539920957,550715615,1528918901
L6/35/47.zst 0,0,1899636617,555867494,565038921,1274424264
L6/35/49.zst 0,0,1904891070,556727742,566240915,1267107569
L6/35/4b.zst 0,0,1904895309,556996278,566430193,1266645516
L6/35/48.zst 0,0,1904898137,556660490,566244626,1267164043
L6/35/4d.zst 0,0,1904891898,556600835,566276542,1267198021
L6/35/50.zst 0,0,26904,2269153251,546432246,1479354895
L6/35/4e.zst 0,0,1904883554,557170124,566398255,1266515363
L6/35/45.zst 0,0,1689862081,513042620,553495063,1538567532
L6/35/52.zst 0,0,16777216,4278190080,0,0
L6/35/46.zst 0,0,1899634984,556569757,565160948,1273601607
L6/35/54.zst 0,0,9496787,2906177837,426859520,952433152
L6/35/51.zst 0,0,49277,2273449223,546512333,1474956463
L6/35/55.zst 0,0,7868389,2535919387,505003008,1246176512
L6/35/57.zst 0,0,1667142962,500434604,533051094,1594338636
L6/35/4c.zst 0,0,1904968144,556496730,566798324,1266704098
L6/35/5a.zst 0,0,0,0,0,4294967296
L6/35/5c.zst 0,0,0,0,0,4294967296
L6/35/5e.zst 0,0,0,0,0,4294967296
L6/35/5b.zst 0,0,0,0,0,4294967296
L6/35/60.zst 0,0,1667000658,470056329,535126707,1622783602
L6/35/61.zst 0,0,1666963538,405800670,509257957,1712945131
L6/35/63.zst 0,0,1667613655,462126728,530376637,1634850276
L6/35/56.zst 0,0,1667096377,505764302,533809258,1588297359
L6/35/65.zst 0,0,1667781273,460138221,529916096,1637131706
L6/35/59.zst 0,0,0,0,0,4294967296
L6/35/66.zst 0,0,1667752100,506009972,532376364,1588828860
L6/35/64.zst 0,0,1667660093,460964904,530572382,1635769917
L6/35/5f.zst 0,0,0,0,0,4294967296
L6/35/67.zst 0,0,1667779375,506412219,532429899,1588345803
L6/35/6a.zst 0,0,1667809253,547149891,551153046,1528855106
L6/35/6c.zst 0,0,1667811969,549215505,551023895,1526915927
L6/35/6f.zst 0,0,1667807812,555316491,551789332,1520053661
L6/35/71.zst 0,0,4294967296,0,0,0
L6/35/6d.zst 0,0,1667809839,550049523,550386038,1526721896
L6/35/72.zst 0,0,1675991840,549964352,551923261,1517087843
L6/35/73.zst 0,0,1929128139,550607079,519020881,1296211197
L6/35/69.zst 0,0,1676199268,525177870,545247331,1548342827
L6/35/75.zst 0,0,3031427030,400132366,285725011,577682889
L6/35/6b.zst 0,0,1667760376,547852342,550941285,1528413293
L6/35/78.zst 0,0,1675989940,550270871,551655857,1517050628
L6/35/77.zst 0,0,4294967296,0,0,0
L6/35/6e.zst 0,0,1667757202,550854784,550694759,1525660551
L6/35/7b.zst 0,0,3031430010,400131358,285725217,577680711
L6/35/76.zst 0,0,4294967296,0,0,0
L6/35/7e.zst 0,0,1675989875,549532090,551641056,1517804275
L6/35/7d.zst 0,0,4294967296,0,0,0
L6/35/81.zst 0,0,1675323257,548520380,551043763,1520079896
L6/35/84.zst 0,0,1669649445,552156835,551514955,1521646061
L6/35/83.zst 0,0,1666981371,556657018,550883571,1520445336
L6/35/82.zst 0,0,1667816537,555815822,550859887,1520475050
L6/35/86.zst 0,0,1671401545,551102508,551298820,1521164423
L6/35/7a.zst 0,0,2384015480,468542064,444028616,998381136
L6/35/87.zst 0,0,1675287882,548041137,551048813,1520589464
L6/35/7f.zst 0,0,1929271041,544722790,519923338,1301050127
L6/35/7c.zst 0,0,4294967296,0,0,0
L6/35/88.zst 0,0,1667813598,554868188,550870127,1521415383
L6/35/8b.zst 0,0,1672945083,545661100,551825491,1524535622
L6/35/89.zst 0,0,1666973389,555628430,550891755,1521473722
L6/35/8d.zst 0,0,1675275436,537763448,548135273,1533793139
L6/35/90.zst 0,0,13902843,2188194372,545185251,1547684830
L6/35/92.zst 0,0,13461113,2013090487,569154447,1699261249
L6/35/94.zst 0,0,15015969,2044759198,551154379,1684037750
L6/35/97.zst 0,0,1674605367,518118853,543917639,1558325437
L6/35/96.zst 0,0,1674604155,522068671,544779304,1553515166
L6/35/93.zst 0,0,14761371,2031387535,558009567,1690808823
L6/35/98.zst 0,0,0,0,0,4294967296
L6/35/8e.zst 0,0,1667810406,544572743,547876604,1534707543
L6/35/8c.zst 0,0,1671389549,548353919,551143008,1524080820
L6/35/9a.zst 0,0,0,0,0,4294967296
L6/35/9b.zst 0,0,0,0,0,4294967296
L6/35/8f.zst 0,0,1667016875,541689931,546497735,1539762755
L6/35/9d.zst 0,0,0,0,0,4294967296
L6/35/a1.zst 0,0,13233539,2157046303,531265341,1593422113
L6/35/a2.zst 0,0,13408746,1939045131,511017070,1831496349
L6/35/9c.zst 0,0,0,0,0,4294967296
L6/35/a4.zst 0,0,15053145,2007364298,493575864,1778973989
L6/35/a6.zst 0,0,1666267025,485968641,526420308,1616311322
L6/35/a7.zst 0,0,1666314435,482891298,525794958,1619966605
L6/35/a9.zst 0,0,0,0,0,4294967296
L6/35/9e.zst 0,0,0,0,0,4294967296
L6/35/a8.zst 0,0,0,0,0,4294967296
L6/35/aa.zst 0,0,0,0,0,4294967296
L6/35/9f.zst 0,0,0,0,0,4294967296
L6/35/ac.zst 0,0,0,0,0,4294967296
L6/35/a3.zst 0,0,14489532,1980090737,497819241,1802567786
L6/35/ad.zst 0,0,0,0,0,4294967296
L6/35/b0.zst 0,0,1675688053,518695663,543062993,1557520587
L6/35/b3.zst 0,0,1674833270,414194907,616309778,1589629341
L6/35/af.zst 0,0,0,0,0,4294967296
L6/35/b5.zst 0,0,1675035603,510183542,543844822,1565903329
L6/35/b6.zst 0,0,1675737778,518990960,544053872,1556184686
L6/35/b8.zst 0,0,1675761615,521058936,543658099,1554488646
L6/35/ae.zst 0,0,0,0,0,4294967296
L6/35/ba.zst 0,0,1675412549,446300004,529461981,1643792762
L6/35/bb.zst 0,0,1675369368,435708762,624204969,1559684197
L6/35/b2.zst 0,0,1674886931,424855631,522161886,1673062848
L6/35/b9.zst 0,0,1675765067,521922116,544199843,1553080270
L6/35/bd.zst 0,0,1675580428,532453832,552028488,1534904548
L6/35/bf.zst 0,0,1676309531,542358754,551955593,1524343418
L6/35/b4.zst 0,0,1674905955,467217132,546615385,1606228824
L6/35/c0.zst 0,0,1675408591,508923739,562037612,1548597354
L6/35/c4.zst 0,0,1676348020,489662088,553576453,1575380735
L6/35/c5.zst 0,0,1676452810,491744826,555759135,1571010525
L6/35/c7.zst 0,0,1676240389,525941957,570824309,1521960641
L6/35/c3.zst 0,0,1675997765,483897850,550494071,1584577610
L6/35/c9.zst 0,0,1676267380,525687263,570925409,1522087244
L6/35/ca.zst 0,0,1676274460,525619832,570986133,1522086871
L6/35/be.zst 0,0,1676278053,541515649,551966844,1525206750
L6/35/cb.zst 0,0,1676286201,525076837,571732406,1521871852
L6/35/ce.zst 0,0,1676313467,524533376,572046361,1522074092
L6/35/cf.zst 0,0,1676262591,520944701,575731668,1522028336
L6/35/d1.zst 0,0,0,0,2772860768,1522106528
L6/35/cd.zst 0,0,1676264718,524846950,571827615,1522028013
L6/35/c2.zst 0,0,1675322185,469383813,545976916,1604284382
L6/35/c6.zst 0,0,1676240907,525972893,570742380,1522011116
L6/35/d4.zst 0,0,0,0,2772687408,1522279888
L6/35/d3.zst 0,0,0,0,2772931942,1522035354
L6/35/d5.zst 0,0,0,0,2772967301,1521999995
L6/35/d6.zst 0,0,0,0,2772911042,1522056254
L6/35/da.zst 0,0,0,0,2772793168,1522174128
L6/35/d0.zst 0,0,0,0,2773022767,1521944529
L6/35/db.zst 0,0,0,0,2772846173,1522121123
L6/35/dc.zst 0,0,0,0,2772696397,1522270899
L6/35/df.zst 0,0,0,0,2772855401,1522111895
L6/35/e2.zst 0,0,236994535,1671417170,613420112,1773135479
L6/35/e1.zst 0,0,14216405,2209324364,551204047,1520222480
L6/35/d8.zst 0,0,0,0,2772931796,1522035500
L6/35/d9.zst 0,0,0,0,2772886018,1522081278
L6/35/de.zst 0,0,0,0,2772795651,1522171645
L6/35/e4.zst 0,0,267644603,1698588953,580589971,1748143769
L6/35/e5.zst 0,0,276592828,1692188265,578350996,1747835207
L6/35/e6.zst 0,0,1674624487,504579049,539378333,1576385427
L6/35/eb.zst 0,0,0,0,0,4294967296
L6/35/e0.zst 0,0,164378025,2028944956,579191802,1522452513
L6/35/ec.zst 0,0,0,0,0,4294967296
L6/35/ed.zst 0,0,0,0,0,4294967296
L6/35/ea.zst 0,0,0,0,0,4294967296
L6/35/f1.zst 0,0,4294967296,0,0,0
L6/35/ef.zst 0,0,0,0,0,4294967296
L6/35/f2.zst 0,0,4294967296,0,0,0
L6/35/f4.zst 0,0,4294967296,0,0,0
L6/35/f5.zst 0,0,4294967296,0,0,0
L6/35/e8.zst 0,0,0,0,0,4294967296
L6/35/f7.zst 0,0,4294967296,0,0,0
L6/35/e9.zst 0,0,0,0,0,4294967296
L6/35/f0.zst 0,0,4294967296,0,0,0
L6/35/f8.zst 0,0,4294967296,0,0,0
L6/35/fb.zst 0,0,4294967296,0,0,0
L6/35/f9.zst 0,0,4294967296,0,0,0
L6/35/fd.zst 0,0,4294967296,0,0,0
L6/36/01.zst 0,0,1667969007,553200107,549760991,1524037191
L6/36/02.zst 0,0,1667957167,553080693,549778608,1524150828
L6/36/04.zst 0,0,1667963173,552920578,549831030,1524252515
L6/35/fc.zst 0,0,4294967296,0,0,0
L6/36/03.zst 0,0,1667959415,553000598,549796369,1524210914
L6/36/07.zst 0,0,1668010376,552752429,549803293,1524401198
L6/36/06.zst 0,0,1668633238,552912446,549898226,1523523386
L6/36/09.zst 0,0,1667964443,552767852,549828495,1524406506
L6/35/fe.zst 0,0,4294967296,0,0,0
L6/36/00.zst 0,0,1671191682,554329846,550400324,1519045444
L6/36/0c.zst 0,0,1667959708,552774809,549822604,1524410175
L6/36/0d.zst 0,0,1667948109,552794503,549756570,1524468114
L6/36/0f.zst 0,0,1667956272,552563666,549663586,1524783772
L6/36/0b.zst 0,0,1667956213,552757190,549731490,1524522403
L6/36/12.zst 0,0,1668710715,527520831,542124415,1556611335
L6/36/14.zst 0,0,1668654804,527256083,542029660,1557026749
L6/36/13.zst 0,0,1668660390,527146644,542076653,1557083609
L6/36/0a.zst 0,0,1668056562,552620450,549785981,1524504303
L6/36/17.zst 0,0,1668538148,526753541,542294027,1557381580
L6/36/18.zst 0,0,1676952911,540524872,553040728,1524448785
L6/36/19.zst 0,0,1676886095,540200816,553108854,1524771531
L6/36/16.zst 0,0,1668550167,526797072,542055361,1557564696
L6/36/11.zst 0,0,1668777924,527676538,542065821,1556447013
L6/36/10.zst 0,0,1897476424,544340732,555267847,1297882293
L6/36/1c.zst 0,0,1669338875,543790097,553889686,1527948638
L6/36/1d.zst 0,0,1669265016,542132102,555382651,1528187527
L6/36/1f.zst 0,0,1669493899,546909543,553954072,1524609782
L6/36/23.zst 0,0,1667404807,532148720,574080947,1521332822
L6/36/24.zst 0,0,1667872220,533136003,574859874,1519099199
L6/36/20.zst 0,0,1667791931,528270454,573085808,1525819103
L6/36/26.zst 0,0,1814173452,527231752,581494196,1372067896
L6/36/27.zst 0,0,1667867211,518939955,576911775,1531248355
L6/36/1b.zst 0,0,1669394200,541814561,553363181,1530395354
L6/36/28.zst 0,0,1667857036,517119090,577464038,1532527132
L6/36/2b.zst 0,0,1667862255,514538600,577013104,1535553337
L6/36/21.zst 0,0,1667496781,530980293,574082045,1522408177
L6/36/2c.zst 0,0,1667830638,514830989,578340126,1533965543
L6/36/22.zst 0,0,1667503351,532324078,573578954,1521560913
L6/36/2e.zst 0,0,1667860149,514827318,576697802,1535582027
L6/36/2a.zst 0,0,1667951519,516550820,576983029,1533481928
L6/36/30.zst 0,0,1676280600,542079829,550536168,1526070699
L6/36/32.zst 0,0,1676287875,543927463,550108803,1524643155
L6/36/34.zst 0,0,1676322484,539760051,550975462,1527909299
L6/36/37.zst 0,0,1676289094,541438585,550034887,1527204730
L6/36/38.zst 0,0,1676271489,539428246,549525318,1529742243
L6/36/35.zst 0,0,1676278503,539285149,549592029,1529811615
L6/36/39.zst 0,0,1676289909,541380003,550311880,1526985504
L6/36/2d.zst 0,0,1667834657,515233790,576470811,1535428038
L6/36/31.zst 0,0,1676310444,544055985,549743113,1524857754
L6/36/3c.zst 0,0,1675402616,444308821,531203329,1644052530
L6/36/3b.zst 0,0,1675438553,449050322,529914841,1640563580
L6/36/3e.zst 0,0,1675421357,442803100,530143585,1646599254
L6/36/33.zst 0,0,1676288816,542624650,550200590,1525853240
L6/36/42.zst 0,0,1689499065,518965736,554096675,1532405820
L6/36/3d.zst 0,0,1675438834,444801554,531694039,1643032869
L6/36/43.zst 0,0,1689481082,516265057,553795260,1535425897
L6/36/44.zst 0,0,1689534418,514205312,553761762,1537465804
L6/36/47.zst 0,0,1899640519,555538398,564837245,1274951134
L6/36/49.zst 0,0,1904898295,556318674,566036839,1267713488
L6/36/4a.zst 0,0,1904896480,556154379,566019322,1267897115
L6/36/3f.zst 0,0,1675434374,442607773,531123296,1645801853
L6/36/48.zst 0,0,1904906324,556273461,566050307,1267737204
L6/36/41.zst 0,0,1689282700,528437222,553636250,1523611124
L6/36/4c.zst 0,0,1904899511,556200554,566600412,1267266819
L6/36/4d.zst 0,0,1904889560,556246882,566076869,1267753985
L6/36/4e.zst 0,0,1904892491,556816342,566191806,1267066657
L6/36/53.zst 0,0,12199604,3453108812,275758848,553900032
L6/36/51.zst 0,0,49286,2271861116,546110204,1476946690
L6/36/46.zst 0,0,1899645004,556369932,564994627,1273957733
L6/36/54.zst 0,0,9496886,2905524170,426826240,953120000
L6/36/55.zst 0,0,7868559,2534713201,505193728,1247191808
L6/36/52.zst 0,0,16777216,4278190080,0,0
L6/36/57.zst 0,0,1667153964,495310780,530669602,1601832950
L6/36/5b.zst 0,0,0,0,0,4294967296
L6/36/5a.zst 0,0,0,0,0,4294967296
L6/36/58.zst 0,0,0,0,0,4294967296
L6/36/5e.zst 0,0,0,0,0,4294967296
L6/36/50.zst 0,0,434056,2266456273,545810295,1482266672
L6/36/5f.zst 0,0,0,0,0,4294967296
L6/36/60.zst 0,0,1667018875,474916433,533742071,1619289917
L6/36/63.zst 0,0,1667613091,462140243,530615497,1634598465
L6/36/65.zst 0,0,1667817834,459909452,530051361,1637188649
L6/36/59.zst 0,0,0,0,0,4294967296
L6/36/66.zst 0,0,1667742330,502984213,531363282,1592877471
L6/36/5c.zst 0,0,0,0,0,4294967296
L6/36/62.zst 0,0,1667727247,468577482,531866016,1626796551
L6/36/68.zst 0,0,1676214527,517348790,542532955,1558871024
L6/36/69.zst 0,0,1676212072,522106000,544196044,1552453180
L6/36/6b.zst 0,0,1667772777,544513843,549906753,1532773923
L6/36/6f.zst 0,0,1667821759,552153117,550686618,1524305802
L6/36/64.zst 0,0,1667697684,459919938,530184666,1637165008
L6/36/6d.zst 0,0,1667824038,547079546,549425098,1530638614
L6/36/70.zst 0,0,4294967296,0,0,0
L6/36/71.zst 0,0,4294967296,0,0,0
L6/36/73.zst 0,0,1929032435,548013334,518492876,1299428651
L6/36/6a.zst 0,0,1667816208,544018174,550074601,1533058313
L6/36/6c.zst 0,0,1667827206,546120186,549965403,1531054501
L6/36/76.zst 0,0,4294967296,0,0,0
L6/36/79.zst 0,0,1929028718,548144793,518357768,1299436017
L6/36/78.zst 0,0,1676009075,547036400,550679064,1521242757
L6/36/75.zst 0,0,3031440688,399934433,285696048,577896127
L6/36/7c.zst 0,0,4294967296,0,0,0
L6/36/7d.zst 0,0,4294967296,0,0,0
L6/36/7e.zst 0,0,1676003995,546394312,550611087,1521957902
L6/36/74.zst 0,0,2383717920,466856107,443680637,1000712632
L6/36/81.zst 0,0,1675484892,545197583,550001949,1524282872
L6/36/82.zst 0,0,1667830510,552720899,549809869,1524606018
L6/36/83.zst 0,0,1666818354,553629702,549876468,1524642772
L6/36/80.zst 0,0,1671508958,548336318,550277542,1524844478
L6/36/86.zst 0,0,1671376121,547989640,550226181,1525375354
L6/36/87.zst 0,0,1675495777,544694393,549927139,1524849987
L6/36/88.zst 0,0,1667829142,551752612,549818886,1525566656
L6/36/7a.zst 0,0,2383591009,466846733,443707427,1000822127
L6/36/7b.zst 0,0,3031439633,399937187,285696572,577893904
L6/36/8b.zst 0,0,1672632906,542762107,550841690,1528730593
L6/36/8c.zst 0,0,1671403456,545206785,550127503,1528229552
L6/36/8a.zst 0,0,1669263255,547458381,550696221,1527549439
L6/36/8e.zst 0,0,1667821521,541493176,546816803,1538835796
L6/36/92.zst 0,0,13455755,2009500107,568654737,1703356697
L6/36/91.zst 0,0,13228725,2009727137,568654737,1703356697
L6/36/85.zst 0,0,1672634526,545113149,550877685,1526341936
L6/36/95.zst 0,0,15547849,2038447453,552956021,1688015973
L6/36/93.zst 0,0,14754106,2027571547,557091938,1695549705
L6/36/96.zst 0,0,1674628763,519043141,543789892,1557505500
L6/36/97.zst 0,0,1674625645,514592398,542879468,1562869785
L6/36/9a.zst 0,0,0,0,0,4294967296
L6/36/90.zst 0,0,13908812,2184798529,544575650,1551684305
L6/36/8f.zst 0,0,1666855101,538796416,545507551,1543808228
L6/36/9c.zst 0,0,0,0,0,4294967296
L6/36/9d.zst 0,0,0,0,0,4294967296
L6/36/9f.zst 0,0,0,0,0,4294967296
L6/36/9b.zst 0,0,0,0,0,4294967296
L6/36/a2.zst 0,0,13403442,1934117572,509550787,1837895495
L6/36/a3.zst 0,0,14482093,1976144364,496632025,1807708814
L6/36/98.zst 0,0,0,0,0,4294967296
L6/36/a5.zst 0,0,15689069,2001728273,488126269,1789423685
L6/36/a7.zst 0,0,1666327004,479783688,524522185,1624334419
L6/36/a8.zst 0,0,0,0,0,4294967296
L6/36/a0.zst 0,0,13905754,2153110378,530234499,1597716665
L6/36/a6.zst 0,0,1666276892,482884636,525398183,1620407585
L6/36/ab.zst 0,0,0,0,0,4294967296
L6/36/a1.zst 0,0,13226423,2154006728,530494755,1597239390
L6/36/ac.zst 0,0,0,0,0,4294967296
L6/36/ad.zst 0,0,0,0,0,4294967296
L6/36/b1.zst 0,0,1675693023,513946536,542182237,1563145500
L6/36/b3.zst 0,0,1674809579,413800993,607504169,1598852555
L6/36/b4.zst 0,0,1674813911,416939557,520595754,1682618074
L6/36/b0.zst 0,0,1675698276,515564545,542042857,1561661618
L6/36/a9.zst 0,0,0,0,0,4294967296
L6/36/b6.zst 0,0,1674921468,476089243,544190600,1599765985
L6/36/b7.zst 0,0,1674919614,480721642,553141387,1586184653
L6/36/b8.zst 0,0,1675772932,517926553,542673127,1558594684
L6/36/af.zst 0,0,0,0,0,4294967296
L6/36/bc.zst 0,0,1675346780,439437657,528574633,1651608226
L6/36/b2.zst 0,0,1674831905,418636148,522577196,1678922047
L6/36/bd.zst 0,0,1675411694,443429827,529092197,1647033578
L6/36/be.zst 0,0,1680645278,493412548,551756193,1569153277
L6/36/b9.zst 0,0,1675724355,518567945,543618429,1557056567
L6/36/c1.zst 0,0,1675541193,495783429,548941594,1574701080
L6/36/c3.zst 0,0,1676017739,483154350,549822562,1585972645
L6/36/c4.zst 0,0,1676309262,488849761,554075300,1575732973
L6/36/bb.zst 0,0,1675345633,435401257,615194137,1569026269
L6/36/c5.zst 0,0,1676431609,491152451,556006719,1571376517
L6/36/c7.zst 0,0,1676257889,522834367,569814446,1526060594
L6/36/c8.zst 0,0,1676276281,522612291,569811480,1526267244
L6/36/c9.zst 0,0,1676282297,522438456,569838172,1526408371
L6/36/c0.zst 0,0,1675415009,512253505,560908502,1546390280
L6/36/ce.zst 0,0,1676277524,521434450,570980860,1526274462
L6/36/cd.zst 0,0,1676284456,521778493,570773633,1526130714
L6/36/cf.zst 0,0,1676273081,517861005,574666848,1526166362
L6/36/c2.zst 0,0,1675247596,468145380,547071193,1604503127
L6/36/cc.zst 0,0,1676325693,521867855,570734601,1526039147
L6/36/d2.zst 0,0,0,0,2768634300,1526332996
L6/36/d4.zst 0,0,0,0,2768557243,1526410053
L6/36/d3.zst 0,0,0,0,2768817926,1526149370
L6/36/d8.zst 0,0,0,0,2768776950,1526190346
L6/36/d9.zst 0,0,0,0,2768774694,1526192602
L6/36/cb.zst 0,0,1676282137,521716737,570699077,1526269345
L6/36/da.zst 0,0,0,0,2768495567,1526471729
L6/36/d7.zst 0,0,0,0,2768620890,1526346406
L6/36/d1.zst 0,0,0,0,2768772713,1526194583
L6/36/dc.zst 0,0,0,0,2768499220,1526468076
L6/36/dd.zst 0,0,0,0,2768546685,1526420611
L6/36/df.zst 0,0,0,0,2768812505,1526154791
L6/36/d6.zst 0,0,0,0,2768692999,1526274297
L6/36/e3.zst 0,0,262723800,1680884104,589479688,1761879704
L6/36/e4.zst 0,0,267869351,1695454914,579828387,1751814644
L6/36/e0.zst 0,0,165232169,2024412738,578198443,1527123946
L6/36/e5.zst 0,0,276596660,1689073678,578043175,1751253783
L6/36/e8.zst 0,0,0,0,0,4294967296
L6/36/e9.zst 0,0,0,0,0,4294967296
L6/36/de.zst 0,0,0,0,2768713432,1526253864
L6/36/eb.zst 0,0,0,0,0,4294967296
L6/36/e2.zst 0,0,236947184,1668898559,612529923,1776591630
L6/36/ed.zst 0,0,0,0,0,4294967296
L6/36/ea.zst 0,0,0,0,0,4294967296
L6/36/ee.zst 0,0,0,0,0,4294967296
L6/36/f0.zst 0,0,4294967296,0,0,0
L6/36/f3.zst 0,0,4294967296,0,0,0
L6/36/f5.zst 0,0,4294967296,0,0,0
L6/36/e7.zst 0,0,1674633429,498292308,537558461,1584483098
L6/36/f4.zst 0,0,4294967296,0,0,0
L6/36/f7.zst 0,0,4294967296,0,0,0
L6/36/f9.zst 0,0,4294967296,0,0,0
L6/36/fa.zst 0,0,4294967296,0,0,0
L6/36/f2.zst 0,0,4294967296,0,0,0
L6/36/fc.zst 0,0,4294967296,0,0,0
L6/36/ff.zst 0,0,4294967296,0,0,0
L6/36/fe.zst 0,0,4294967296,0,0,0
L6/36/ef.zst 0,0,0,0,0,4294967296
L6/37/00.zst 0,0,1671180477,556807352,549996694,1516982773
L6/37/04.zst 0,0,1667937261,555285695,549419350,1522324990
L6/36/fb.zst 0,0,4294967296,0,0,0
L6/37/05.zst 0,0,1667929207,555262537,549421597,1522353955
L6/37/07.zst 0,0,1668597537,555265734,549664927,1521439098
L6/37/03.zst 0,0,1667932043,555332011,549438024,1522265218
L6/37/09.zst 0,0,1667919425,555127034,549467473,1522453364
L6/37/0b.zst 0,0,1667947816,555107108,549461345,1522451027
L6/37/0c.zst 0,0,1667950070,555041375,549427365,1522548486
L6/37/01.zst 0,0,1667941929,555558900,549415954,1522050513
L6/37/0f.zst 0,0,1667957902,554873790,549471911,1522663693
L6/37/06.zst 0,0,1667952075,555282376,549420210,1522312635
L6/37/10.zst 0,0,1897247669,544693046,555285793,1297740788
L6/37/11.zst 0,0,1668566299,528021179,542058116,1556321702
L6/37/0e.zst 0,0,1667952717,555102222,549478645,1522433712
L6/37/14.zst 0,0,1668520744,527585940,542057674,1556802938
L6/37/0a.zst 0,0,1667943089,555063646,549438149,1522522412
L6/37/17.zst 0,0,1668508450,526996681,542522068,1556940097
L6/37/16.zst 0,0,1668449529,526716374,542041308,1557760085
L6/37/1a.zst 0,0,1669454217,543811426,553728648,1527973005
L6/37/19.zst 0,0,1676894203,540373171,553103878,1524596044
L6/37/1c.zst 0,0,1669336533,543899751,554000595,1527730417
L6/37/12.zst 0,0,1668537332,527703377,542129389,1556597198
L6/37/1d.zst 0,0,1669274611,542294858,555480870,1527916957
L6/37/1f.zst 0,0,1669506234,546881496,553846618,1524732948
L6/37/15.zst 0,0,1668478457,526965657,542093557,1557429625
L6/37/21.zst 0,0,1667497868,527766928,573246173,1526456327
L6/37/24.zst 0,0,1667862731,531899814,574090434,1521114317
L6/37/25.zst 0,0,1667824122,532935481,574578764,1519628929
L6/37/20.zst 0,0,1667764924,530626718,572692853,1523882801
L6/37/1b.zst 0,0,1669406390,541954129,553458408,1530148369
L6/37/27.zst 0,0,1814159866,527420470,581174886,1372212074
L6/37/29.zst 0,0,1667844446,517126768,577535893,1532460189
L6/37/2a.zst 0,0,1667846050,516460919,577368648,1533291679
L6/37/22.zst 0,0,1667817307,530811947,574125706,1522212336
L6/37/2d.zst 0,0,1667818690,514381005,577691706,1535075895
L6/37/2f.zst 0,0,1667902161,515784327,576241546,1535039262
L6/37/30.zst 0,0,1676257413,544517649,550259931,1523932303
L6/37/2b.zst 0,0,1667934220,516582229,577424891,1533025956
L6/37/32.zst 0,0,1676312315,542692517,550120771,1525841693
L6/37/26.zst 0,0,1667888570,536819287,574111804,1516147635
L6/37/35.zst 0,0,1676284424,539233172,550740007,1528709693
L6/37/34.zst 0,0,1676311391,539188748,549752580,1529714577
L6/37/37.zst 0,0,1676537284,539147380,549642527,1529640105
L6/37/36.zst 0,0,1676285096,541399063,549950405,1527332732
L6/37/3a.zst 0,0,1675433291,449136931,530059123,1640337951
L6/37/3b.zst 0,0,1675390483,444290985,531045409,1644240419
L6/37/2c.zst 0,0,1667819332,514878875,577033349,1535235740
L6/37/31.zst 0,0,1676281804,544270477,549818619,1524596396
L6/37/3c.zst 0,0,1675518138,444718106,531772883,1642958169
L6/37/3f.zst 0,0,1675431670,439903850,531294330,1648337446
L6/37/40.zst 0,0,1689086510,522285220,554775353,1528820213
L6/37/3e.zst 0,0,1675432457,442239265,531058761,1646236813
L6/37/43.zst 0,0,1689464494,516150408,553515938,1535836456
L6/37/45.zst 0,0,1689862947,512949660,553454057,1538700632
L6/37/39.zst 0,0,1675396676,539936185,550716759,1528917676
L6/37/46.zst 0,0,1899650505,556484429,565021608,1273810754
L6/37/48.zst 0,0,1904904062,556333496,566052310,1267677428
L6/37/4a.zst 0,0,1904976296,556362923,566112279,1267515798
L6/37/4c.zst 0,0,1904898963,556646940,566233497,1267187896
L6/37/47.zst 0,0,1899638252,555571490,564840067,1274917487
L6/37/41.zst 0,0,1689240341,528245951,553410116,1524070888
L6/37/42.zst 0,0,1689438528,518938515,553878871,1532711382
L6/37/4d.zst 0,0,1904891744,556680402,566205590,1267189560
L6/37/4f.zst 0,0,1904842834,557591988,566555700,1265976774
L6/37/50.zst 0,0,29373,2268271491,545940243,1480726189
L6/37/54.zst 0,0,9496810,2905615638,426807040,953047808
L6/37/51.zst 0,0,49764,2272946886,545738746,1476231900
L6/37/56.zst 0,0,1667080226,504024123,532292700,1591570247
L6/37/4b.zst 0,0,1904900743,556293499,566089604,1267683450
L6/37/57.zst 0,0,1667129427,497518100,531258711,1599061058
L6/37/53.zst 0,0,12200022,3453135530,275664896,553966848
L6/37/59.zst 0,0,0,0,0,4294967296
L6/37/5b.zst 0,0,0,0,0,4294967296
L6/37/52.zst 0,0,16777216,4278190080,0,0
L6/37/5a.zst 0,0,0,0,0,4294967296
L6/37/5e.zst 0,0,0,0,0,4294967296
L6/37/60.zst 0,0,1667037588,475111488,534020792,1618797428
L6/37/61.zst 0,0,1666985403,405159254,509236777,1713585862
L6/37/65.zst 0,0,1667787933,459258808,529856981,1638063574
L6/37/66.zst 0,0,1667718098,504788528,530969988,1591490682
L6/37/67.zst 0,0,1667766456,505584665,531192379,1590423796
L6/37/63.zst 0,0,1667605880,461395218,530433462,1635532736
L6/37/5f.zst 0,0,0,0,0,4294967296
L6/37/6a.zst 0,0,1667792257,546248715,549851856,1531074468
L6/37/69.zst 0,0,1676188889,524440245,543895031,1550443131
L6/37/5c.zst 0,0,0,0,0,4294967296
L6/37/6b.zst 0,0,1667746547,546841548,549569897,1530809304
L6/37/62.zst 0,0,1667712475,467191479,531447346,1628615996
L6/37/6f.zst 0,0,1667791351,554548575,550456185,1522171185
L6/37/70.zst 0,0,4294967296,0,0,0
L6/37/72.zst 0,0,1675913799,549242835,550519615,1519291047
L6/37/6c.zst 0,0,1667792383,548246243,549747123,1529181547
L6/37/75.zst 0,0,3031479562,399939599,285700445,577847690
L6/37/76.zst 0,0,4294967296,0,0,0
L6/37/77.zst 0,0,4294967296,0,0,0
L6/37/6e.zst 0,0,1667748100,550188406,549335857,1527694933
L6/37/78.zst 0,0,1675910616,549502776,550368716,1519185188
L6/37/7a.zst 0,0,2383502174,467726788,443781007,999957327
L6/37/7c.zst 0,0,4294967296,0,0,0
L6/37/7b.zst 0,0,3031480183,399942971,285702334,577841808
L6/37/71.zst 0,0,4294967296,0,0,0
L6/37/73.zst 0,0,1928994083,549940629,518148334,1297884250
L6/37/80.zst 0,0,1671486731,550710626,549968120,1522801819
L6/37/81.zst 0,0,1675409950,547660658,549694399,1522202289
L6/37/82.zst 0,0,1667805293,555018458,549531585,1522611960
L6/37/7f.zst 0,0,1929118326,543954828,519024643,1302869499
L6/37/86.zst 0,0,1671374221,550388831,549947664,1523256580
L6/37/87.zst 0,0,1675441412,547243997,549703598,1522578289
L6/37/88.zst 0,0,1667798941,554160262,549532255,1523475838
L6/37/8b.zst 0,0,1672671126,545215846,550435177,1526645147
L6/37/8c.zst 0,0,1671376395,547582510,549804007,1526204384
L6/37/7d.zst 0,0,4294967296,0,0,0
L6/37/89.zst 0,0,1666831155,554855354,549663519,1523617268
L6/37/8d.zst 0,0,1675402008,536879502,546816276,1535869510
L6/37/84.zst 0,0,1669387429,551462447,550257226,1523860194
L6/37/83.zst 0,0,1666835443,556030488,549588866,1522512499
L6/37/8f.zst 0,0,1666880169,541059485,545179451,1541848191
L6/37/90.zst 0,0,13909685,2186582077,544415289,1550060245
L6/37/93.zst 0,0,14751903,2029837693,556915918,1693461782
L6/37/97.zst 0,0,1674597669,517246159,542628981,1560494487
L6/37/98.zst 0,0,0,0,0,4294967296
L6/37/92.zst 0,0,13447900,2011295956,568207587,1702015853
L6/37/99.zst 0,0,0,0,0,4294967296
L6/37/9b.zst 0,0,0,0,0,4294967296
L6/37/9c.zst 0,0,0,0,0,4294967296
L6/37/91.zst 0,0,13224033,2011519823,568207587,1702015853
L6/37/9e.zst 0,0,0,0,0,4294967296
L6/37/95.zst 0,0,15552566,2041643861,552638852,1685132017
L6/37/a0.zst 0,0,13894549,2155166130,530453286,1595453331
L6/37/9d.zst 0,0,0,0,0,4294967296
L6/37/a1.zst 0,0,13225083,2156089644,530582483,1595070086
L6/37/94.zst 0,0,15010073,2043208154,549733575,1687015494
L6/37/a3.zst 0,0,14481187,1978417165,496359681,1805709263
L6/37/a5.zst 0,0,15689816,2003986797,487877525,1787413158
L6/37/a8.zst 0,0,0,0,0,4294967296
L6/37/aa.zst 0,0,0,0,0,4294967296
L6/37/a7.zst 0,0,1666300774,482095499,524492804,1622078219
L6/37/ab.zst 0,0,0,0,0,4294967296
L6/37/ad.zst 0,0,0,0,0,4294967296
L6/37/ae.zst 0,0,0,0,0,4294967296
L6/37/a2.zst 0,0,13400297,1936480271,509605619,1835481109
L6/37/b0.zst 0,0,1675670291,517936737,541806743,1559553525
L6/37/b2.zst 0,0,1674951609,474943337,548421033,1596651317
L6/37/a4.zst 0,0,15043374,2006069056,492204228,1781650638
L6/37/af.zst 0,0,0,0,0,4294967296
L6/37/a9.zst 0,0,0,0,0,4294967296
L6/37/b3.zst 0,0,1674964558,480756067,553425385,1585821286
L6/37/b5.zst 0,0,1674394885,485269876,546076761,1589225774
L6/37/b7.zst 0,0,1675716593,519803493,542743833,1556703377
L6/37/bb.zst 0,0,1675501086,503171960,561589779,1554704471
L6/37/bc.zst 0,0,1675344373,439313757,527842794,1652466372
L6/37/be.zst 0,0,1675498050,528348549,551917263,1539203434
L6/37/b9.zst 0,0,1675712530,521786616,543558633,1553909517
L6/37/b4.zst 0,0,1674822085,417243999,520138522,1682762690
L6/37/bf.zst 0,0,1676254078,543017150,550605463,1525090605
L6/37/c0.zst 0,0,1675402689,510063860,562961239,1546539508
L6/37/c1.zst 0,0,1675567054,499343683,549890438,1570166121
L6/37/b8.zst 0,0,1675747442,520394736,542464334,1556360784
L6/37/ba.zst 0,0,1675484610,497087309,555854335,1566541042
L6/37/c5.zst 0,0,1676433942,490837605,556245236,1571450513
L6/37/c6.zst 0,0,1676228223,525016153,569407764,1524315156
L6/37/c7.zst 0,0,1676219767,525275927,569526871,1523944731
L6/37/c3.zst 0,0,1676031642,483468425,550335602,1585131627
L6/37/cd.zst 0,0,1676256045,524107814,570515534,1524087903
L6/37/cc.zst 0,0,1676256543,524163148,570416079,1524131526
L6/37/cb.zst 0,0,1676253117,524224341,570388525,1524101313
L6/37/ce.zst 0,0,1676298112,523867044,570726264,1524075876
L6/37/c4.zst 0,0,1676335067,488600290,553819028,1576212911
L6/37/d0.zst 0,0,0,0,2770720206,1524247090
L6/37/d1.zst 0,0,0,0,2770782162,1524185134
L6/37/d3.zst 0,0,0,0,2770749664,1524217632
L6/37/c9.zst 0,0,1676264057,525071772,569628678,1524002789
L6/37/ca.zst 0,0,1676253343,524853621,569666750,1524193582
L6/37/d6.zst 0,0,0,0,2770680948,1524286348
L6/37/d7.zst 0,0,0,0,2770842263,1524125033
L6/37/d9.zst 0,0,0,0,2770778167,1524189129
L6/37/d4.zst 0,0,0,0,2770657288,1524310008
L6/37/dc.zst 0,0,0,0,2770499038,1524468258
L6/37/dd.zst 0,0,0,0,2770784124,1524183172
L6/37/df.zst 0,0,0,0,2770848539,1524118757
L6/37/d5.zst 0,0,0,0,2770742203,1524225093
L6/37/e1.zst 0,0,14225417,2208767945,549958302,1522015632
L6/37/e2.zst 0,0,237106412,1670950253,611829957,1775080674
L6/37/e0.zst 0,0,164356379,2027712193,577598033,1525300691
L6/37/e4.zst 0,0,267742521,1697537771,579543463,1750143541
L6/37/e6.zst 0,0,1674611392,503317009,538398523,1578640372
L6/37/e7.zst 0,0,1674658651,500196731,537202162,1582909752
L6/37/db.zst 0,0,0,0,2770666210,1524301086
L6/37/da.zst 0,0,0,0,2770701867,1524265429
L6/37/ea.zst 0,0,0,0,0,4294967296
L6/37/eb.zst 0,0,0,0,0,4294967296
L6/37/ec.zst 0,0,0,0,0,4294967296
L6/37/e9.zst 0,0,0,0,0,4294967296
L6/37/f0.zst 0,0,4294967296,0,0,0
L6/37/f1.zst 0,0,4294967296,0,0,0
L6/37/f2.zst 0,0,4294967296,0,0,0
L6/37/e5.zst 0,0,276610828,1691090099,577670607,1749595762
L6/37/f4.zst 0,0,4294967296,0,0,0
L6/37/f5.zst 0,0,4294967296,0,0,0
L6/37/f7.zst 0,0,4294967296,0,0,0
L6/37/f8.zst 0,0,4294967296,0,0,0
L6/37/fa.zst 0,0,4294967296,0,0,0
L6/37/fd.zst 0,0,4294967296,0,0,0
L6/37/fc.zst 0,0,4294967296,0,0,0
L6/37/fe.zst 0,0,4294967296,0,0,0
L6/37/ef.zst 0,0,0,0,0,4294967296
L6/37/ee.zst 0,0,0,0,0,4294967296
L6/37/f9.zst 0,0,4294967296,0,0,0
L6/38/02.zst 0,0,1667948484,555815934,549495488,1521707390
L6/38/04.zst 0,0,1667951537,555778754,549468656,1521768349
L6/38/03.zst 0,0,1667945484,555824925,549462832,1521734055
L6/38/00.zst 0,0,1671189303,557258198,549995508,1516524287
L6/38/09.zst 0,0,1667928899,555625532,549477966,1521934899
L6/38/0a.zst 0,0,1667957396,555502841,549505796,1522001263
L6/38/0b.zst 0,0,1667932987,555523119,549505279,1522005911
L6/38/0e.zst 0,0,1667966771,555510941,549459233,1522030351
L6/38/0f.zst 0,0,1667940256,555404766,549388693,1522233581
L6/38/05.zst 0,0,1667944669,555717510,549444789,1521860328
L6/38/06.zst 0,0,1667949835,555734204,549470131,1521813126
L6/38/10.zst 0,0,1897296671,544740297,555206786,1297723542
L6/38/0c.zst 0,0,1667972169,555564488,549465797,1521964842
L6/38/07.zst 0,0,1667967131,555757812,549458723,1521783630
L6/38/12.zst 0,0,1668562913,527759240,542045058,1556600085
L6/38/13.zst 0,0,1668531914,527133541,542107543,1557194298
L6/38/16.zst 0,0,1668465488,526814242,541851530,1557836036
L6/38/1a.zst 0,0,1669467002,543845372,553569623,1528085299
L6/38/1b.zst 0,0,1669399210,541756158,553283178,1530528750
L6/38/17.zst 0,0,1668660893,526670735,542305020,1557330648
L6/38/1c.zst 0,0,1669344152,543900138,553934800,1527788206
L6/38/1e.zst 0,0,1676492704,540725582,553759149,1523989861
L6/38/1f.zst 0,0,1669507350,546777376,553955039,1524727531
L6/38/21.zst 0,0,1667470762,529822082,573053125,1524621327
L6/38/14.zst 0,0,1668531324,527486063,541973456,1556976453
L6/38/18.zst 0,0,1676910160,540809714,553134129,1524113293
L6/38/15.zst 0,0,1668480940,526994294,542035829,1557456233
L6/38/22.zst 0,0,1667514423,527687829,573409061,1526355983
L6/38/20.zst 0,0,1667788239,530911934,572949248,1523317875
L6/38/24.zst 0,0,1667523257,531796652,573301887,1522345500
L6/38/25.zst 0,0,1667832829,531775150,574106705,1521252612
L6/38/29.zst 0,0,1667846846,518446482,576760145,1531913823
L6/38/2c.zst 0,0,1667969878,517145323,577301413,1532550682
L6/38/2d.zst 0,0,1667821431,514481001,577293838,1535371026
L6/38/2b.zst 0,0,1667839973,516860208,577250158,1533016957
L6/38/2e.zst 0,0,1667840092,514928344,577651073,1534547787
L6/38/30.zst 0,0,1676282319,544799954,550240362,1523644661
L6/38/26.zst 0,0,1667833320,532849177,574527994,1519756805
L6/38/31.zst 0,0,1676304524,543027423,550161109,1525474240
L6/38/27.zst 0,0,1667863159,536948450,574160290,1515995397
L6/38/33.zst 0,0,1676283172,539284842,549776036,1529623246
L6/38/28.zst 0,0,1814198903,527081548,581400487,1372286358
L6/38/35.zst 0,0,1676277581,541539104,550075375,1527075236
L6/38/32.zst 0,0,1676281735,539750007,551185293,1527750261
L6/38/37.zst 0,0,1676297216,541307038,550240290,1527122752
L6/38/39.zst 0,0,1675437382,449065123,530174551,1640290240
L6/38/3c.zst 0,0,1675532767,443176811,530706143,1645551575
L6/38/3f.zst 0,0,1675426044,441273915,532325263,1645942074
L6/38/3e.zst 0,0,1675409629,439934103,531014205,1648609359
L6/38/41.zst 0,0,1689242625,528422023,553464224,1523838424
L6/38/3d.zst 0,0,1675421396,442530498,531067973,1645947429
L6/38/42.zst 0,0,1689499406,518654061,553924301,1532889528
L6/38/38.zst 0,0,1675700386,539897973,550664183,1528704754
L6/38/43.zst 0,0,1689484371,516060924,553663148,1535758853
L6/38/45.zst 0,0,1689865707,512819476,553378052,1538904061
L6/38/36.zst 0,0,1676274402,539450770,549710821,1529531303
L6/38/3a.zst 0,0,1675422724,444176975,531473312,1643894285
L6/38/47.zst 0,0,1899649309,555542100,564742471,1275033416
L6/38/49.zst 0,0,1904984200,556328784,565948720,1267705592
L6/38/4b.zst 0,0,1904905475,556737292,566099007,1267225522
L6/38/46.zst 0,0,1899649937,556568649,564949065,1273799645
L6/38/4e.zst 0,0,1904895157,556911681,566084207,1267076251
L6/38/51.zst 0,0,48880,2273622614,545742303,1475553499
L6/38/50.zst 0,0,304104,2268689526,545884165,1480089501
L6/38/52.zst 0,0,16777216,4278190080,0,0
L6/38/53.zst 0,0,12199731,3453137101,275559168,554071296
L6/38/54.zst 0,0,9496880,2905344208,426594304,953531904
L6/38/48.zst 0,0,1904913555,556409855,565951034,1267692852
L6/38/56.zst 0,0,1667087328,503910021,532415129,1591554818
L6/38/4c.zst 0,0,1904906913,556684051,566093664,1267282668
L6/38/58.zst 0,0,0,0,0,4294967296
L6/38/5a.zst 0,0,0,0,0,4294967296
L6/38/4d.zst 0,0,1904897994,556586559,566044170,1267438573
L6/38/57.zst 0,0,1667085918,498360805,531374778,1598145795
L6/38/5c.zst 0,0,0,0,0,4294967296
L6/38/5f.zst 0,0,0,0,0,4294967296
L6/38/60.zst 0,0,1667018649,474638998,533647125,1619662524
L6/38/63.zst 0,0,1667723915,461812455,530500501,1634930425
L6/38/65.zst 0,0,1667726639,458484118,529690753,1639065786
L6/38/66.zst 0,0,1667730076,504947989,530804798,1591484433
L6/38/62.zst 0,0,1667662627,467812488,531276454,1628215727
L6/38/5b.zst 0,0,0,0,0,4294967296
L6/38/67.zst 0,0,1667778889,505395990,530921679,1590870738
L6/38/69.zst 0,0,1676225619,524917650,543878940,1549945087
L6/38/6a.zst 0,0,1667806101,546642484,549749094,1530769617
L6/38/6d.zst 0,0,1667812578,549525172,549051404,1528578142
L6/38/6e.zst 0,0,1667758402,550424216,549284447,1527500231
L6/38/5d.zst 0,0,0,0,0,4294967296
L6/38/6b.zst 0,0,1667759907,547247401,549544585,1530415403
L6/38/70.zst 0,0,4294967296,0,0,0
L6/38/61.zst 0,0,1666697647,404070855,508308837,1715889957
L6/38/72.zst 0,0,1676057217,549407070,550349077,1519153932
L6/38/71.zst 0,0,4294967296,0,0,0
L6/38/76.zst 0,0,4294967296,0,0,0
L6/38/6c.zst 0,0,1667816272,548515229,549600772,1529035023
L6/38/78.zst 0,0,1676058601,549865990,550390576,1518652129
L6/38/79.zst 0,0,1929012448,550527458,518058278,1297369112
L6/38/75.zst 0,0,3031486786,399877649,285720896,577881965
L6/38/7b.zst 0,0,3031487347,399880359,285721008,577878582
L6/38/7d.zst 0,0,4294967296,0,0,0
L6/38/7e.zst 0,0,1676050416,548952416,550334278,1519630186
L6/38/73.zst 0,0,1929048458,550239597,518200192,1297479049
L6/38/81.zst 0,0,1675753823,547366323,549676151,1522170999
L6/38/7f.zst 0,0,1929174018,544477378,519077781,1302238119
L6/38/82.zst 0,0,1667813561,555432574,549509882,1522211279
L6/38/83.zst 0,0,1666783138,556350375,549577085,1522256698
L6/38/77.zst 0,0,4294967296,0,0,0
L6/38/86.zst 0,0,1671488726,550688410,549953539,1522836621
L6/38/88.zst 0,0,1667820077,554563001,549605193,1522979025
L6/38/7c.zst 0,0,4294967296,0,0,0
L6/38/89.zst 0,0,1666706341,555426788,549611798,1523222369
L6/38/8c.zst 0,0,1671442928,548049049,549847051,1525628268
L6/38/87.zst 0,0,1675739927,547015370,549707457,1522504542
L6/38/8d.zst 0,0,1675742467,536620405,546825120,1535779304
L6/38/8f.zst 0,0,1666877621,541529383,545188988,1541371304
L6/38/91.zst 0,0,13227278,2011588398,568165042,1701986578
L6/38/85.zst 0,0,1672666675,547826686,550540653,1523933282
L6/38/93.zst 0,0,14753649,2029917853,556823923,1693471871
L6/38/8a.zst 0,0,1669243399,550139443,550303893,1525280561
L6/38/92.zst 0,0,13452687,2011362989,568165042,1701986578
L6/38/95.zst 0,0,15550023,2042472197,552805025,1684140051
L6/38/96.zst 0,0,1674620867,521694896,543557064,1555094469
L6/38/98.zst 0,0,0,0,0,4294967296
L6/38/8e.zst 0,0,1667809560,544198612,546511865,1536447259
L6/38/9c.zst 0,0,0,0,0,4294967296
L6/38/9d.zst 0,0,0,0,0,4294967296
L6/38/9e.zst 0,0,0,0,0,4294967296
L6/38/9b.zst 0,0,0,0,0,4294967296
L6/38/a2.zst 0,0,13401701,1935505704,509599181,1836460710
L6/38/a1.zst 0,0,13226849,2156535809,530447890,1594756748
L6/38/a3.zst 0,0,14485264,1978454119,496466558,1805561355
L6/38/97.zst 0,0,1674662025,517340967,542497920,1560466384
L6/38/9a.zst 0,0,0,0,0,4294967296
L6/38/a6.zst 0,0,1666268709,485094414,524963292,1618640881
L6/38/a7.zst 0,0,1666356587,481735498,523973622,1622901589
L6/38/a8.zst 0,0,0,0,0,4294967296
L6/38/a4.zst 0,0,15046364,2006127595,492364214,1781429123
L6/38/9f.zst 0,0,0,0,0,4294967296
L6/38/ac.zst 0,0,0,0,0,4294967296
L6/38/ad.zst 0,0,0,0,0,4294967296
L6/38/ae.zst 0,0,0,0,0,4294967296
L6/38/b2.zst 0,0,1674858571,455856627,543450747,1620801351
L6/38/b3.zst 0,0,1674976638,484564247,551230006,1584196405
L6/38/af.zst 0,0,0,0,0,4294967296
L6/38/b4.zst 0,0,1674957756,487636083,545342613,1587030844
L6/38/a9.zst 0,0,0,0,0,4294967296
L6/38/b6.zst 0,0,1674962383,483219672,543310985,1593474256
L6/38/ab.zst 0,0,0,0,0,4294967296
L6/38/b7.zst 0,0,1674928697,501929727,546581744,1571527128
L6/38/b9.zst 0,0,1675712763,521646240,543623333,1553984960
L6/38/b0.zst 0,0,1675689491,518314961,541756943,1559205901
L6/38/b8.zst 0,0,1675787106,520705289,542356779,1556118122
L6/38/bc.zst 0,0,1675490300,510449506,553469247,1555558243
L6/38/bf.zst 0,0,1675468506,525326483,554835413,1539336894
L6/38/be.zst 0,0,1675499135,506134225,551086442,1562247494
L6/38/c3.zst 0,0,1676181961,484005685,550287044,1584492606
L6/38/c4.zst 0,0,1676353076,489313201,554420793,1574880226
L6/38/c5.zst 0,0,1676424683,490853963,556534830,1571153820
L6/38/c2.zst 0,0,1675737109,469449026,546959858,1602821303
L6/38/ba.zst 0,0,1675373677,476706651,550709113,1592177855
L6/38/c7.zst 0,0,1676295278,525320856,569556660,1523794502
L6/38/c8.zst 0,0,1676277133,525538706,569562665,1523588792
L6/38/bd.zst 0,0,1675411325,512531470,553569774,1553454727
L6/38/c9.zst 0,0,1676268664,525417827,569672320,1523608485
L6/38/c0.zst 0,0,1680059342,516772708,557498281,1540636965
L6/38/cd.zst 0,0,1676267287,524396007,570589684,1523714318
L6/38/ce.zst 0,0,1676267182,524194707,570773735,1523731672
L6/38/ca.zst 0,0,1676262377,525234925,569705146,1523764848
L6/38/d0.zst 0,0,0,0,2771214304,1523752992
L6/38/d3.zst 0,0,0,0,2771214217,1523753079
L6/38/d4.zst 0,0,0,0,2770835911,1524131385
L6/38/d6.zst 0,0,0,0,2770848880,1524118416
L6/38/d8.zst 0,0,0,0,2771086223,1523881073
L6/38/cb.zst 0,0,1676272740,524470398,570427273,1523796885
L6/38/d9.zst 0,0,0,0,2771312484,1523654812
L6/38/d5.zst 0,0,0,0,2771048780,1523918516
L6/38/cf.zst 0,0,1676265964,520644719,574512999,1523543614
L6/38/da.zst 0,0,0,0,2771167419,1523799877
L6/38/d1.zst 0,0,0,0,2771158470,1523808826
L6/38/db.zst 0,0,0,0,2771250827,1523716469
L6/38/de.zst 0,0,0,0,2770763791,1524203505
L6/38/e1.zst 0,0,14228703,2209315730,550006717,1521416146
L6/38/e3.zst 0,0,262894285,1682823185,589087965,1760161861
L6/38/df.zst 0,0,0,0,2771126276,1523841020
L6/38/e5.zst 0,0,276828082,1690234644,577659837,1750244733
L6/38/e6.zst 0,0,1674627691,503775452,538507987,1578056166
L6/38/e7.zst 0,0,1674720711,500211362,537621578,1582413645
L6/38/ea.zst 0,0,0,0,0,4294967296
L6/38/dd.zst 0,0,0,0,2770935611,1524031685
L6/38/e0.zst 0,0,167168077,2025672642,578121851,1524004726
L6/38/e2.zst 0,0,237222921,1671287575,611654192,1774802608
L6/38/e9.zst 0,0,0,0,0,4294967296
L6/38/eb.zst 0,0,0,0,0,4294967296
L6/38/ec.zst 0,0,0,0,0,4294967296
L6/38/ee.zst 0,0,0,0,0,4294967296
L6/38/f4.zst 0,0,4294967296,0,0,0
L6/38/f2.zst 0,0,4294967296,0,0,0
L6/38/f3.zst 0,0,4294967296,0,0,0
L6/38/f6.zst 0,0,4294967296,0,0,0
L6/38/f8.zst 0,0,4294967296,0,0,0
L6/38/f1.zst 0,0,4294967296,0,0,0
L6/38/f9.zst 0,0,4294967296,0,0,0
L6/38/fb.zst 0,0,4294967296,0,0,0
L6/38/f0.zst 0,0,4294967296,0,0,0
L6/38/fa.zst 0,0,4294967296,0,0,0
L6/38/fd.zst 0,0,4294967296,0,0,0
L6/38/ef.zst 0,0,0,0,0,4294967296
L6/39/01.zst 0,0,1667933244,554277850,549912222,1522843980
L6/39/03.zst 0,0,1667923765,554001882,549893172,1523148477
L6/39/04.zst 0,0,1667921105,553980700,549893836,1523171655
L6/39/00.zst 0,0,1671151775,555451747,550387350,1517976424
L6/39/07.zst 0,0,1667898233,553906423,549864393,1523298247
L6/38/ff.zst 0,0,4294967296,0,0,0
L6/39/08.zst 0,0,1667922747,553960729,549914323,1523169497
L6/39/0a.zst 0,0,1667929873,553805879,549911473,1523320071
L6/39/0c.zst 0,0,1667912777,553829370,549913477,1523311672
L6/39/02.zst 0,0,1667925636,554092869,549902682,1523046109
L6/39/0e.zst 0,0,1667904944,553837615,549915418,1523309319
L6/39/10.zst 0,0,1897236921,544572822,555268018,1297889535
L6/39/0b.zst 0,0,1667909826,553809305,549923019,1523325146
L6/39/11.zst 0,0,1668558529,527626358,542196360,1556586049
L6/39/06.zst 0,0,1667919048,553912849,549855899,1523279500
L6/39/15.zst 0,0,1668482825,526801086,542048372,1557635013
L6/39/14.zst 0,0,1668519613,527350498,542004794,1557092391
L6/39/17.zst 0,0,1668498533,526800480,542376066,1557292217
L6/39/0d.zst 0,0,1667932239,553786954,549912791,1523335312
L6/39/16.zst 0,0,1668450744,526613210,541889907,1558013435
L6/39/1a.zst 0,0,1669453750,543965908,553600440,1527947198
L6/39/1b.zst 0,0,1669396010,541973409,553391638,1530206239
L6/39/1c.zst 0,0,1669329384,543469119,553772584,1528396209
L6/39/20.zst 0,0,1667754313,529312616,572974246,1524926121
L6/39/21.zst 0,0,1667456341,530071338,573298586,1524141031
L6/39/12.zst 0,0,1668527725,527483773,542409068,1556546730
L6/39/22.zst 0,0,1667820144,529966735,572870752,1524309665
L6/39/1e.zst 0,0,1676337540,540751752,553531542,1524346462
L6/39/18.zst 0,0,1676914342,540409391,552926505,1524717058
L6/39/23.zst 0,0,1667493762,527585715,573257710,1526630109
L6/39/25.zst 0,0,1667848140,531444952,573310971,1522363233
L6/39/27.zst 0,0,1667830623,532645720,574451727,1520039226
L6/39/2a.zst 0,0,1667874814,517849042,577392692,1531850748
L6/39/1d.zst 0,0,1669264767,542150767,555469263,1528082499
L6/39/2c.zst 0,0,1667828733,516336933,576933892,1533867738
L6/39/2d.zst 0,0,1667947171,516624661,577115749,1533279715
L6/39/28.zst 0,0,1667867771,536929375,574386287,1515783863
L6/39/2e.zst 0,0,1667847866,514756090,577192168,1535171172
L6/39/26.zst 0,0,1667846146,531720018,573917116,1521484016
L6/39/31.zst 0,0,1676269436,539979038,551163185,1527555637
L6/39/32.zst 0,0,1676277655,539393411,550043000,1529253230
L6/39/34.zst 0,0,1676284360,541835658,550179465,1526667813
L6/39/29.zst 0,0,1814160538,526399288,581167180,1373240290
L6/39/33.zst 0,0,1676253052,539856798,550913842,1527943604
L6/39/37.zst 0,0,1675404567,540059120,550470368,1529033241
L6/39/38.zst 0,0,1675436442,449188247,530186834,1640155773
L6/39/39.zst 0,0,1675675743,444217888,531064837,1644008828
L6/39/2f.zst 0,0,1667867558,515111202,577370529,1534618007
L6/39/3e.zst 0,0,1675435770,441404375,532556414,1645570737
L6/39/3d.zst 0,0,1675226066,439939505,531484755,1648316970
L6/39/3f.zst 0,0,1675405254,441867209,533249269,1644445564
L6/39/3c.zst 0,0,1675439086,442610440,531156588,1645761182
L6/39/42.zst 0,0,1689434195,518835185,553918788,1532779128
L6/39/36.zst 0,0,1676291419,541295156,550283744,1527096977
L6/39/43.zst 0,0,1689462205,516174786,553643343,1535686962
L6/39/44.zst 0,0,1689523289,514039308,553558716,1537845983
L6/39/47.zst 0,0,1899641283,555230658,564762278,1275333077
L6/39/3b.zst 0,0,1675451076,443140807,530584275,1645791138
L6/39/49.zst 0,0,1904897730,556095818,565980276,1267993472
L6/39/4a.zst 0,0,1904894365,556142857,566012465,1267917609
L6/39/46.zst 0,0,1899639887,555873137,564899238,1274555034
L6/39/41.zst 0,0,1689239331,528310412,553567545,1523850008
L6/39/4c.zst 0,0,1904894192,556261522,566122207,1267689375
L6/39/4e.zst 0,0,1904893713,556029543,566014509,1268029531
L6/39/4f.zst 0,0,1904840520,557212508,566457745,1266456523
L6/39/53.zst 0,0,12200345,3452420711,275764480,554581760
L6/39/50.zst 0,0,20282,2268250907,546302872,1480393235
L6/39/48.zst 0,0,1904983887,555902465,565969131,1268111813
L6/39/55.zst 0,0,7865501,2532909411,504834048,1249358336
L6/39/52.zst 0,0,16777216,4278190080,0,0
L6/39/56.zst 0,0,1667000573,499869160,532836248,1595261315
L6/39/58.zst 0,0,0,0,0,4294967296
L6/39/5b.zst 0,0,0,0,0,4294967296
L6/39/4d.zst 0,0,1904887569,555906839,566475924,1267696964
L6/39/5d.zst 0,0,0,0,0,4294967296
L6/39/59.zst 0,0,0,0,0,4294967296
L6/39/5f.zst 0,0,0,0,0,4294967296
L6/39/62.zst 0,0,1667688354,470000203,531105498,1626173241
L6/39/60.zst 0,0,1667008455,474317718,534007299,1619633824
L6/39/65.zst 0,0,1667713466,459777139,530705505,1636771186
L6/39/63.zst 0,0,1667618007,463040888,530349225,1633959176
L6/39/5c.zst 0,0,0,0,0,4294967296
L6/39/66.zst 0,0,1667700831,503831095,531396115,1592039255
L6/39/67.zst 0,0,1667751958,504326410,531451018,1591437910
L6/39/5a.zst 0,0,0,0,0,4294967296
L6/39/69.zst 0,0,1676172682,522819942,544112992,1551861680
L6/39/6c.zst 0,0,1667785449,546549407,549912287,1530720153
L6/39/6d.zst 0,0,1667781865,547485455,549322435,1530377541
L6/39/70.zst 0,0,4294967296,0,0,0
L6/39/61.zst 0,0,1667059184,405839461,509395543,1712673108
L6/39/6a.zst 0,0,1667804351,544525398,550012839,1532624708
L6/39/71.zst 0,0,4294967296,0,0,0
L6/39/72.zst 0,0,1675965901,547870518,550794531,1520336346
L6/39/74.zst 0,0,2383713776,466113099,443927809,1001212612
L6/39/6b.zst 0,0,1667738531,545182846,549788192,1532257727
L6/39/77.zst 0,0,4294967296,0,0,0
L6/39/78.zst 0,0,1675960773,547885564,550927206,1520193753
L6/39/6e.zst 0,0,1667730976,548296256,549616991,1529323073
L6/39/7a.zst 0,0,2383713333,466148863,444056711,1001048389
L6/39/76.zst 0,0,4294967296,0,0,0
L6/39/7d.zst 0,0,4294967296,0,0,0
L6/39/7c.zst 0,0,4294967296,0,0,0
L6/39/80.zst 0,0,1671328128,549484591,550423107,1523731470
L6/39/75.zst 0,0,3031503476,399217632,285700789,578545399
L6/39/81.zst 0,0,1675246506,545932659,550166994,1523621137
L6/39/83.zst 0,0,1666820035,554603229,550003429,1523540603
L6/39/84.zst 0,0,1669360991,549954211,550706403,1524945691
L6/39/82.zst 0,0,1667788573,553635622,549972962,1523570139
L6/39/89.zst 0,0,1666819372,553689702,550011580,1524446642
L6/39/88.zst 0,0,1667786927,552880638,549985959,1524313772
L6/39/7b.zst 0,0,3031503341,399215777,285700710,578547468
L6/39/8a.zst 0,0,1669358093,548445581,550635436,1526528186
L6/39/7e.zst 0,0,1675959644,547328591,550754154,1520924907
L6/39/87.zst 0,0,1675212575,545550037,550253119,1523951565
L6/39/8c.zst 0,0,1671197226,546420224,550251408,1527098438
L6/39/8d.zst 0,0,1675206822,535417994,547281107,1537061373
L6/39/8f.zst 0,0,1666865131,539751922,545639131,1542711112
L6/39/86.zst 0,0,1671221112,549112750,550403666,1524229768
L6/39/93.zst 0,0,14762790,2028699941,557209293,1694295272
L6/39/94.zst 0,0,15016919,2041969176,550197070,1687784131
L6/39/96.zst 0,0,1674634779,519923294,544001965,1556407258
L6/39/92.zst 0,0,13457909,2010053512,568386360,1703069515
L6/39/98.zst 0,0,0,0,0,4294967296
L6/39/99.zst 0,0,0,0,0,4294967296
L6/39/8e.zst 0,0,1667785628,542505438,546975836,1537700394
L6/39/9b.zst 0,0,0,0,0,4294967296
L6/39/91.zst 0,0,13231649,2010279772,568386360,1703069515
L6/39/9d.zst 0,0,0,0,0,4294967296
L6/39/9e.zst 0,0,0,0,0,4294967296
L6/39/9c.zst 0,0,0,0,0,4294967296
L6/39/a1.zst 0,0,13231237,2155417559,531562350,1594756150
L6/39/a3.zst 0,0,14502191,1975750811,496882527,1807831767
L6/39/a4.zst 0,0,15052684,2004074320,492789651,1783050641
L6/39/97.zst 0,0,1674581892,516015296,543115732,1561254376
L6/39/a7.zst 0,0,1666289522,481037015,524860866,1622779893
L6/39/a8.zst 0,0,0,0,0,4294967296
L6/39/a9.zst 0,0,0,0,0,4294967296
L6/39/a6.zst 0,0,1666281879,484000125,525300959,1619384333
L6/39/9f.zst 0,0,0,0,0,4294967296
L6/39/ac.zst 0,0,0,0,0,4294967296
L6/39/ad.zst 0,0,0,0,0,4294967296
L6/39/a2.zst 0,0,13406710,1932569810,510573557,1838417219
L6/39/ae.zst 0,0,0,0,0,4294967296
L6/39/b2.zst 0,0,1674797213,415193619,595391763,1609584701
L6/39/af.zst 0,0,0,0,0,4294967296
L6/39/b3.zst 0,0,1674946624,475492001,547768367,1596760304
L6/39/b5.zst 0,0,1675731760,518397930,544035790,1556801816
L6/39/ab.zst 0,0,0,0,0,4294967296
L6/39/b7.zst 0,0,1675732123,518796815,543279183,1557159175
L6/39/b9.zst 0,0,1674894830,430336937,522752591,1666982938
L6/39/ba.zst 0,0,1675325130,436275131,601897138,1581469897
L6/39/b1.zst 0,0,1674860960,425367838,521147032,1673591466
L6/39/b8.zst 0,0,1675740040,518665210,542679628,1557882418
L6/39/bd.zst 0,0,1676261306,540609185,552082183,1526014622
L6/39/be.zst 0,0,1676255286,541372428,551601160,1525738422
L6/39/bf.zst 0,0,1676321245,541730824,551013406,1525901821
L6/39/b4.zst 0,0,1675021449,509726003,543313204,1566906640
L6/39/c3.zst 0,0,1676011960,495008832,555854449,1568092055
L6/39/c4.zst 0,0,1676382288,492375389,556998042,1569211577
L6/39/c5.zst 0,0,1676473321,492370086,558064163,1568059726
L6/39/c2.zst 0,0,1675573596,496607883,556377356,1566408461
L6/39/bc.zst 0,0,1675558678,532381658,551401461,1535625499
L6/39/c9.zst 0,0,1676241263,523725203,570061023,1524939807
L6/39/c8.zst 0,0,1676248370,523478455,569943394,1525297077
L6/39/ca.zst 0,0,1676244589,523617322,570099355,1525006030
L6/39/c1.zst 0,0,1675593394,507179619,556844840,1555349443
L6/39/ce.zst 0,0,1676289153,522437075,571109227,1525131841
L6/39/cf.zst 0,0,1676235890,518996320,574849006,1524886080
L6/39/d0.zst 0,0,0,0,2770047021,1524920275
L6/39/c6.zst 0,0,1676218226,523959520,569871000,1524918550
L6/39/cc.zst 0,0,1676248375,522734058,570839942,1525144921
L6/39/d3.zst 0,0,0,0,2769901847,1525065449
L6/39/d4.zst 0,0,0,0,2769992333,1524974963
L6/39/d5.zst 0,0,0,0,2769960197,1525007099
L6/39/d9.zst 0,0,0,0,2769821593,1525145703
L6/39/cd.zst 0,0,1676242570,522720939,570890121,1525113666
L6/39/db.zst 0,0,0,0,2769918145,1525049151
L6/39/da.zst 0,0,0,0,2769550644,1525416652
L6/39/d8.zst 0,0,0,0,2769723426,1525243870
L6/39/d2.zst 0,0,0,0,2769941324,1525025972
L6/39/dd.zst 0,0,0,0,2769715092,1525252204
L6/39/df.zst 0,0,0,0,2769761197,1525206099
L6/39/e0.zst 0,0,166694462,2024987231,578749484,1524536119
L6/39/d6.zst 0,0,0,0,2769898417,1525068879
L6/39/e4.zst 0,0,267827701,1696353818,579819305,1750966472
L6/39/e1.zst 0,0,14216612,2206939660,550576494,1523234530
L6/39/e5.zst 0,0,276549236,1689897558,577911328,1750609174
L6/39/e6.zst 0,0,1674688551,502129892,538878230,1579270623
L6/39/e9.zst 0,0,0,0,0,4294967296
L6/39/eb.zst 0,0,0,0,0,4294967296
L6/39/ec.zst 0,0,0,0,0,4294967296
L6/39/de.zst 0,0,0,0,2769578597,1525388699
L6/39/e3.zst 0,0,262823817,1681095815,589226712,1761820952
L6/39/ea.zst 0,0,0,0,0,4294967296
L6/39/ee.zst 0,0,0,0,0,4294967296
L6/39/ef.zst 0,0,0,0,0,4294967296
L6/39/f0.zst 0,0,4294967296,0,0,0
L6/39/e8.zst 0,0,0,0,0,4294967296
L6/39/f5.zst 0,0,4294967296,0,0,0
L6/39/f4.zst 0,0,4294967296,0,0,0
L6/39/f7.zst 0,0,4294967296,0,0,0
L6/39/f8.zst 0,0,4294967296,0,0,0
L6/39/fb.zst 0,0,4294967296,0,0,0
L6/39/f3.zst 0,0,4294967296,0,0,0
L6/39/fd.zst 0,0,4294967296,0,0,0
L6/39/fc.zst 0,0,4294967296,0,0,0
L6/39/f2.zst 0,0,4294967296,0,0,0
L6/39/ff.zst 0,0,4294967296,0,0,0
L6/3a/00.zst 0,0,1671193593,552342875,551609259,1519821569
L6/3a/03.zst 0,0,1667952113,550896681,551027378,1525091124
L6/39/fa.zst 0,0,4294967296,0,0,0
L6/3a/07.zst 0,0,1667932350,550793965,551052764,1525188217
L6/3a/06.zst 0,0,1667932221,550806400,551044207,1525184468
L6/3a/04.zst 0,0,1667954737,550835494,551046786,1525130279
L6/3a/09.zst 0,0,1667950874,550833576,551053176,1525129670
L6/3a/0b.zst 0,0,1667941254,550725500,551061521,1525239021
L6/3a/0c.zst 0,0,1667937078,550720466,551048941,1525260811
L6/3a/02.zst 0,0,1667949472,550972211,551032339,1525013274
L6/3a/0f.zst 0,0,1667941848,550607020,550991938,1525426490
L6/3a/10.zst 0,0,1897252867,544212046,555327326,1298175057
L6/3a/0e.zst 0,0,1667969861,550717235,551047804,1525232396
L6/3a/11.zst 0,0,1668562628,527342082,542030038,1557032548
L6/3a/05.zst 0,0,1667951185,550830095,551041196,1525144820
L6/3a/14.zst 0,0,1668509955,527034432,542026434,1557396475
L6/3a/15.zst 0,0,1668452992,526518072,542178925,1557817307
L6/3a/0a.zst 0,0,1668635873,550797354,551173512,1524360557
L6/3a/17.zst 0,0,1668484093,526546582,542435594,1557501027
L6/3a/1a.zst 0,0,1669559714,543592714,553747990,1528066878
L6/3a/16.zst 0,0,1668460928,526461635,541974096,1558070637
L6/3a/1b.zst 0,0,1669389416,541696921,553454592,1530426367
L6/3a/1e.zst 0,0,1676311658,540678500,553525451,1524451687
L6/3a/1f.zst 0,0,1669464769,546836400,553957701,1524708426
L6/3a/12.zst 0,0,1668542529,527160047,542055939,1557208781
L6/3a/21.zst 0,0,1667508781,528594890,573290951,1525572674
L6/3a/24.zst 0,0,1667845298,527571003,573131921,1526419074
L6/3a/23.zst 0,0,1667808886,529588580,572899757,1524670073
L6/3a/19.zst 0,0,1676877055,539829249,553090362,1525170630
L6/3a/20.zst 0,0,1667792946,526248287,574169481,1526756582
L6/3a/26.zst 0,0,1667802203,531410893,573220074,1522534126
L6/3a/28.zst 0,0,1667873931,532482773,574921250,1519689342
L6/3a/1c.zst 0,0,1669358786,543260203,553746047,1528602260
L6/3a/29.zst 0,0,1667928863,536470331,574223458,1516344644
L6/3a/2c.zst 0,0,1667871650,516403846,577087840,1533603960
L6/3a/2e.zst 0,0,1667697922,515906663,577663670,1533699041
L6/3a/25.zst 0,0,1667341230,530365463,573735953,1523524650
L6/3a/2b.zst 0,0,1667861945,517350628,576896766,1532857957
L6/3a/30.zst 0,0,1676278020,540103467,551872679,1526713130
L6/3a/31.zst 0,0,1676281899,539329184,549463138,1529893075
L6/3a/33.zst 0,0,1676290648,541672973,550139613,1526864062
L6/3a/2a.zst 0,0,1814183404,525609557,581302720,1373871615
L6/3a/36.zst 0,0,1675417342,539630158,550478118,1529441678
L6/3a/37.zst 0,0,1675442160,449145836,530248572,1640130728
L6/3a/35.zst 0,0,1676278226,541357676,550482685,1526848709
L6/3a/39.zst 0,0,1675457907,444752596,531790052,1642966741
L6/3a/2f.zst 0,0,1667869279,514501644,576889595,1535706778
L6/3a/3b.zst 0,0,1675277915,443053944,530965985,1645669452
L6/3a/3c.zst 0,0,1675484124,439853589,531449424,1648180159
L6/3a/3f.zst 0,0,1675542665,485583074,555663809,1578177748
L6/3a/34.zst 0,0,1676251067,539806581,549797830,1529111818
L6/3a/41.zst 0,0,1689233817,528093662,553434117,1524205700
L6/3a/42.zst 0,0,1689494824,518212307,554132389,1533127776
L6/3a/3d.zst 0,0,1675464738,441271456,532072814,1646158288
L6/3a/44.zst 0,0,1689528147,513526231,553692100,1538220818
L6/3a/46.zst 0,0,1899645026,555274390,564778516,1275269364
L6/3a/47.zst 0,0,1899728613,554463603,564668087,1276106993
L6/3a/3a.zst 0,0,1675689874,442574885,530594113,1646108424
L6/3a/4a.zst 0,0,1904897542,555313586,566369784,1268386384
L6/3a/48.zst 0,0,1904909042,555353890,565935730,1268768634
L6/3a/4c.zst 0,0,1904899597,555794662,566089103,1268183934
L6/3a/4b.zst 0,0,1904904166,555795506,566116229,1268151395
L6/3a/40.zst 0,0,1689139003,520032207,553994243,1531801843
L6/3a/4f.zst 0,0,1904842982,556641005,566457069,1267026240
L6/3a/45.zst 0,0,1689888660,512255408,553685360,1539137868
L6/3a/51.zst 0,0,50854,2270932533,546863422,1477120487
L6/3a/52.zst 0,0,16777216,4278190080,0,0
L6/3a/50.zst 0,0,47233,2266866972,546894820,1481158271
L6/3a/55.zst 0,0,7861682,2531630158,504398848,1251076608
L6/3a/57.zst 0,0,1667142428,492881969,534495123,1600447776
L6/3a/58.zst 0,0,0,0,0,4294967296
L6/3a/5b.zst 0,0,0,0,0,4294967296
L6/3a/4d.zst 0,0,1904893860,555303285,566533288,1268236863
L6/3a/53.zst 0,0,12198904,3452098568,275434240,555235584
L6/3a/5c.zst 0,0,0,0,0,4294967296
L6/3a/5a.zst 0,0,0,0,0,4294967296
L6/3a/5e.zst 0,0,0,0,0,4294967296
L6/3a/5f.zst 0,0,0,0,0,4294967296
L6/3a/62.zst 0,0,1667551216,469010430,532136071,1626269579
L6/3a/56.zst 0,0,1667094716,496082470,532817502,1598972608
L6/3a/65.zst 0,0,1667764225,460047771,530838905,1636316395
L6/3a/66.zst 0,0,1667737474,500912039,532453847,1593863936
L6/3a/67.zst 0,0,1667785999,501268724,532644379,1593268194
L6/3a/63.zst 0,0,1667639977,462839918,531153700,1633333701
L6/3a/6a.zst 0,0,1667820761,541546060,551238221,1534362254
L6/3a/6b.zst 0,0,1667793111,541956867,550960031,1534257287
L6/3a/6c.zst 0,0,1667819764,543378415,551075724,1532693393
L6/3a/60.zst 0,0,1666734307,473940970,534299478,1619992541
L6/3a/61.zst 0,0,1667032857,442127448,522053560,1663753431
L6/3a/6f.zst 0,0,1667870633,549974886,551628112,1525493665
L6/3a/70.zst 0,0,4294967296,0,0,0
L6/3a/6d.zst 0,0,1667818090,544383594,550510549,1532255063
L6/3a/71.zst 0,0,4294967296,0,0,0
L6/3a/68.zst 0,0,1676212030,514578082,543571300,1560605884
L6/3a/75.zst 0,0,3031505762,399248279,285765094,578448161
L6/3a/76.zst 0,0,4294967296,0,0,0
L6/3a/78.zst 0,0,1676026709,544689981,552113971,1522136635
L6/3a/77.zst 0,0,4294967296,0,0,0
L6/3a/7b.zst 0,0,3031508632,399243291,285764700,578450673
L6/3a/7c.zst 0,0,4294967296,0,0,0
L6/3a/7d.zst 0,0,4294967296,0,0,0
L6/3a/73.zst 0,0,1929034969,545846199,519571746,1300514382
L6/3a/80.zst 0,0,1672515666,544816905,551601174,1526033551
L6/3a/81.zst 0,0,1676306876,541891875,551389970,1525378575
L6/3a/82.zst 0,0,1667823578,550559575,551113829,1525470314
L6/3a/74.zst 0,0,2383712979,465190019,445004991,1001059307
L6/3a/79.zst 0,0,1929032816,545877139,519691085,1300366256
L6/3a/7f.zst 0,0,1929156311,539846608,520593676,1305370701
L6/3a/85.zst 0,0,1672778325,542562160,552207640,1527419171
L6/3a/86.zst 0,0,1672414364,544686545,551691463,1526174924
L6/3a/87.zst 0,0,1676304610,541448466,551362837,1525851383
L6/3a/8e.zst 0,0,1667823919,539472069,548130233,1539541075
L6/3a/8d.zst 0,0,1676306726,531227704,548485476,1538947390
L6/3a/8c.zst 0,0,1672408039,541972008,551471691,1529115558
L6/3a/8b.zst 0,0,1672777151,540223651,552133816,1529832678
L6/3a/91.zst 0,0,13229956,2006816663,569344856,1705575821
L6/3a/90.zst 0,0,13892882,2181926474,546361762,1552786178
L6/3a/84.zst 0,0,1669031259,547077651,551929806,1526928580
L6/3a/92.zst 0,0,13468716,2006577903,569344856,1705575821
L6/3a/89.zst 0,0,1667223038,550131111,551210217,1526402930
L6/3a/88.zst 0,0,1667822491,549767718,551153642,1526223445
L6/3a/96.zst 0,0,1674625569,516922974,545065533,1558353220
L6/3a/95.zst 0,0,15548103,2035360800,554864345,1689194048
L6/3a/93.zst 0,0,14757504,2024671284,558151824,1697386684
L6/3a/98.zst 0,0,0,0,0,4294967296
L6/3a/9c.zst 0,0,0,0,0,4294967296
L6/3a/9d.zst 0,0,0,0,0,4294967296
L6/3a/9f.zst 0,0,0,0,0,4294967296
L6/3a/9e.zst 0,0,0,0,0,4294967296
L6/3a/a1.zst 0,0,13229802,2152534339,532107448,1597095707
L6/3a/a2.zst 0,0,13405263,1929043688,510356081,1842162264
L6/3a/a3.zst 0,0,14488144,1972496773,497541842,1810440537
L6/3a/97.zst 0,0,1674626068,512866502,543920480,1563554246
L6/3a/99.zst 0,0,0,0,0,4294967296
L6/3a/a6.zst 0,0,1666266203,480984670,526354553,1621361870
L6/3a/a7.zst 0,0,1666328956,477957441,525413840,1625267059
L6/3a/a8.zst 0,0,0,0,0,4294967296
L6/3a/9b.zst 0,0,0,0,0,4294967296
L6/3a/a5.zst 0,0,15691700,1999068592,488836717,1791370287
L6/3a/ac.zst 0,0,0,0,0,4294967296
L6/3a/ad.zst 0,0,0,0,0,4294967296
L6/3a/ae.zst 0,0,0,0,0,4294967296
L6/3a/b2.zst 0,0,1674843115,413071377,616962308,1590090496
L6/3a/b3.zst 0,0,1674975262,466872901,551611642,1601507491
L6/3a/b0.zst 0,0,1675695509,513799182,543412515,1562060090
L6/3a/b4.zst 0,0,1674986458,477950545,547898749,1594131544
L6/3a/ab.zst 0,0,0,0,0,4294967296
L6/3a/aa.zst 0,0,0,0,0,4294967296
L6/3a/b6.zst 0,0,1674945170,463564143,543017696,1613440287
L6/3a/b7.zst 0,0,1675036164,498917094,547789756,1573224282
L6/3a/b9.zst 0,0,1674943424,425047375,524054784,1670921713
L6/3a/af.zst 0,0,0,0,0,4294967296
L6/3a/bd.zst 0,0,1675436514,433114657,601682249,1584733876
L6/3a/be.zst 0,0,1675499790,486504553,550999311,1581963642
L6/3a/b8.zst 0,0,1675771898,515487471,543801166,1559906761
L6/3a/bf.zst 0,0,1675539590,522299286,555664534,1541463886
L6/3a/c2.zst 0,0,1675635821,495501961,553939565,1569889949
L6/3a/c3.zst 0,0,1675999695,494549007,554832731,1569585863
L6/3a/c5.zst 0,0,1676400325,491522199,557289189,1569755583
L6/3a/bb.zst 0,0,1675514725,488750195,559703915,1570998461
L6/3a/c4.zst 0,0,1676325266,492914582,556267733,1569459715
L6/3a/c7.zst 0,0,1676251503,520720070,571143224,1526852499
L6/3a/c8.zst 0,0,1676283893,520488514,571118466,1527076423
L6/3a/bc.zst 0,0,1675518488,500722502,556492243,1562234063
L6/3a/c9.zst 0,0,1676278999,520241875,571225636,1527220786
L6/3a/cd.zst 0,0,1676276725,519555859,572062252,1527072460
L6/3a/ce.zst 0,0,1676276674,519312921,572278841,1527098860
L6/3a/c1.zst 0,0,1675572442,504516678,555856590,1559021586
L6/3a/cc.zst 0,0,1676325992,519637139,571967839,1527036326
L6/3a/d1.zst 0,0,0,0,2768057893,1526909403
L6/3a/d2.zst 0,0,0,0,2767984218,1526983078
L6/3a/d3.zst 0,0,0,0,2768000018,1526967278
L6/3a/cb.zst 0,0,1676280154,519775025,571952171,1526959946
L6/3a/d7.zst 0,0,0,0,2767980277,1526987019
L6/3a/d8.zst 0,0,0,0,2767699363,1527267933
L6/3a/d9.zst 0,0,0,0,2767686157,1527281139
L6/3a/d6.zst 0,0,0,0,2767824082,1527143214
L6/3a/cf.zst 0,0,1676275689,515747359,575934753,1527009495
L6/3a/dc.zst 0,0,0,0,2767795011,1527172285
L6/3a/dd.zst 0,0,0,0,2767939158,1527028138
L6/3a/de.zst 0,0,0,0,2767614446,1527352850
L6/3a/d4.zst 0,0,0,0,2767946857,1527020439
L6/3a/e3.zst 0,0,262522931,1678631715,589677136,1764135514
L6/3a/e2.zst 0,0,236925514,1666114621,612616818,1779310343
L6/3a/e4.zst 0,0,267614913,1693681277,580313222,1753357884
L6/3a/df.zst 0,0,0,0,2767615350,1527351946
L6/3a/db.zst 0,0,0,0,2767889487,1527077809
L6/3a/e7.zst 0,0,1674653192,495881883,539094826,1585337395
L6/3a/e8.zst 0,0,0,0,0,4294967296
L6/3a/e9.zst 0,0,0,0,0,4294967296
L6/3a/e0.zst 0,0,158540867,2027463793,578830925,1530131711
L6/3a/ed.zst 0,0,0,0,0,4294967296
L6/3a/ee.zst 0,0,0,0,0,4294967296
L6/3a/ef.zst 0,0,0,0,0,4294967296
L6/3a/ea.zst 0,0,0,0,0,4294967296
L6/3a/e5.zst 0,0,275897961,1687291587,578506189,1753271559
L6/3a/f2.zst 0,0,4294967296,0,0,0
L6/3a/f4.zst 0,0,4294967296,0,0,0
L6/3a/f3.zst 0,0,4294967296,0,0,0
L6/3a/f5.zst 0,0,4294967296,0,0,0
L6/3a/f8.zst 0,0,4294967296,0,0,0
L6/3a/f9.zst 0,0,4294967296,0,0,0
L6/3a/ec.zst 0,0,0,0,0,4294967296
L6/3a/f0.zst 0,0,4294967296,0,0,0
L6/3a/fb.zst 0,0,4294967296,0,0,0
L6/3a/fc.zst 0,0,4294967296,0,0,0
L6/3a/fe.zst 0,0,4294967296,0,0,0
L6/3a/ff.zst 0,0,4294967296,0,0,0
L6/3a/f7.zst 0,0,4294967296,0,0,0
L6/3b/02.zst 0,0,1667974504,550478236,549086645,1527427911
L6/3b/05.zst 0,0,1667952850,550327249,549171582,1527515615
L6/3b/06.zst 0,0,1667963572,550320004,549086803,1527596917
L6/3b/04.zst 0,0,1667977368,550336387,549078500,1527575041
L6/3b/09.zst 0,0,1667955360,550265945,549092538,1527653453
L6/3b/0a.zst 0,0,1668004004,550312781,549201222,1527449289
L6/3b/0b.zst 0,0,1668623610,550341993,549291188,1526710505
L6/3b/00.zst 0,0,1671208098,551862674,549625965,1522270559
L6/3b/01.zst 0,0,1667983249,550595669,549189798,1527198580
L6/3b/0f.zst 0,0,1668033570,550027471,549071485,1527834770
L6/3b/0e.zst 0,0,1667960270,550232348,549100565,1527674113
L6/3b/10.zst 0,0,1897322886,544108799,555176526,1298359085
L6/3b/0c.zst 0,0,1667955161,550238995,549081356,1527691784
L6/3b/14.zst 0,0,1668503948,526946018,541932265,1557585065
L6/3b/08.zst 0,0,1667955106,550284591,549093793,1527633806
L6/3b/15.zst 0,0,1668458688,526567757,541985695,1557955156
L6/3b/16.zst 0,0,1668456137,526410968,541834751,1558265440
L6/3b/19.zst 0,0,1676896535,539960845,553097233,1525012683
L6/3b/1b.zst 0,0,1669439232,542068312,553484862,1529974890
L6/3b/1c.zst 0,0,1669334565,543476153,553849310,1528307268
L6/3b/17.zst 0,0,1668492430,526456416,542271710,1557746740
L6/3b/11.zst 0,0,1668600743,527244242,541935827,1557186484
L6/3b/1e.zst 0,0,1676396797,540481486,553529193,1524559820
L6/3b/20.zst 0,0,1667807449,525656933,572157983,1529344931
L6/3b/1f.zst 0,0,1669484959,546320131,554226329,1524935877
L6/3b/13.zst 0,0,1668497935,526619993,542169454,1557679914
L6/3b/24.zst 0,0,1667840093,529387931,572799320,1524939952
L6/3b/21.zst 0,0,1667455061,525847289,574321547,1527343399
L6/3b/25.zst 0,0,1667823060,527445726,572968334,1526730176
L6/3b/26.zst 0,0,1667881360,530020823,573975760,1523089353
L6/3b/29.zst 0,0,1667866693,532606452,574610836,1519883315
L6/3b/1a.zst 0,0,1669444447,543666890,553711594,1528144365
L6/3b/2b.zst 0,0,1814175862,525381925,581265769,1374143740
L6/3b/2c.zst 0,0,1667850876,517388132,576622251,1533106037
L6/3b/22.zst 0,0,1667814725,528551160,573274282,1525327129
L6/3b/2a.zst 0,0,1667895126,536411181,574292511,1516368478
L6/3b/2e.zst 0,0,1667845330,515715848,577484775,1533921343
L6/3b/30.zst 0,0,1676290597,539481377,550095421,1529099901
L6/3b/31.zst 0,0,1676292544,539806308,550747136,1528121308
L6/3b/27.zst 0,0,1667861044,531454563,573267977,1522383712
L6/3b/35.zst 0,0,1675415051,539663761,550573014,1529315470
L6/3b/36.zst 0,0,1675457173,449081998,530316975,1640111150
L6/3b/33.zst 0,0,1676299931,539470975,549692837,1529503553
L6/3b/37.zst 0,0,1675427942,444251101,531137239,1644151014
L6/3b/3a.zst 0,0,1675348435,442975354,531008595,1645634912
L6/3b/3b.zst 0,0,1675694868,439646758,531167143,1648458527
L6/3b/2f.zst 0,0,1667993733,516631220,576647411,1533694932
L6/3b/3d.zst 0,0,1675426881,441740577,533100842,1644698996
L6/3b/32.zst 0,0,1676314819,541814497,550352412,1526485568
L6/3b/3f.zst 0,0,1675505562,481602049,557918605,1579941080
L6/3b/40.zst 0,0,1689195397,518223912,553376243,1534171744
L6/3b/3c.zst 0,0,1675430248,441297918,532181331,1646057799
L6/3b/42.zst 0,0,1689436726,518111486,553861189,1533557895
L6/3b/45.zst 0,0,1689861226,512360693,553446343,1539299034
L6/3b/38.zst 0,0,1675458208,444862684,531773041,1642873363
L6/3b/46.zst 0,0,1899727632,555142871,564628781,1275468012
L6/3b/48.zst 0,0,1904910013,555262324,565861433,1268933526
L6/3b/4a.zst 0,0,1904909078,555467749,565920932,1268669537
L6/3b/47.zst 0,0,1899646786,554494780,564535113,1276290617
L6/3b/4c.zst 0,0,1904900182,555287613,565918066,1268861435
L6/3b/41.zst 0,0,1689238061,527672622,553292690,1524763923
L6/3b/43.zst 0,0,1689461423,515568801,553566291,1536370781
L6/3b/4e.zst 0,0,1904890470,555431239,565938544,1268707043
L6/3b/4d.zst 0,0,1904892809,555180243,566438573,1268455671
L6/3b/51.zst 0,0,48944,2270725543,545948179,1478244630
L6/3b/50.zst 0,0,22718,2266077461,545742515,1483124602
L6/3b/54.zst 0,0,9491564,2902760084,426525952,956189696
L6/3b/55.zst 0,0,7860617,2531296887,504162816,1251646976
L6/3b/57.zst 0,0,1667181238,491444319,531029051,1605312688
L6/3b/4b.zst 0,0,1904903410,555436088,565961625,1268666173
L6/3b/53.zst 0,0,12198577,3451842639,275463424,555462656
L6/3b/59.zst 0,0,0,0,0,4294967296
L6/3b/5c.zst 0,0,0,0,0,4294967296
L6/3b/5a.zst 0,0,0,0,0,4294967296
L6/3b/52.zst 0,0,16777216,4278190080,0,0
L6/3b/58.zst 0,0,0,0,0,4294967296
L6/3b/5f.zst 0,0,0,0,0,4294967296
L6/3b/61.zst 0,0,1667013391,443551231,522378550,1662024124
L6/3b/62.zst 0,0,1667654962,467846615,531451370,1628014349
L6/3b/65.zst 0,0,1667838605,459523649,530121903,1637483139
L6/3b/67.zst 0,0,1667811422,500877476,530773797,1595504601
L6/3b/64.zst 0,0,1667717798,460271507,530160485,1636817506
L6/3b/68.zst 0,0,1676233617,513944051,541684071,1563105557
L6/3b/5d.zst 0,0,0,0,0,4294967296
L6/3b/5e.zst 0,0,0,0,0,4294967296
L6/3b/69.zst 0,0,1676234079,518676114,543171847,1556885256
L6/3b/6a.zst 0,0,1667841123,540535654,549236282,1537354237
L6/3b/63.zst 0,0,1667531313,462318233,530599790,1634517960
L6/3b/6d.zst 0,0,1667842358,543817836,548495630,1534811472
L6/3b/6c.zst 0,0,1667862650,542794731,549124104,1535185811
L6/3b/70.zst 0,0,4294967296,0,0,0
L6/3b/71.zst 0,0,4294967296,0,0,0
L6/3b/74.zst 0,0,2383967420,464666779,443902237,1002430860
L6/3b/76.zst 0,0,4294967296,0,0,0
L6/3b/78.zst 0,0,1676079538,544145901,550248256,1524493601
L6/3b/79.zst 0,0,1929118895,545211085,517945479,1302691837
L6/3b/6e.zst 0,0,1667788607,544607577,548897192,1533673920
L6/3b/6f.zst 0,0,1667837994,549520221,549699350,1527909731
L6/3b/75.zst 0,0,3031507208,399158926,285814754,578486408
L6/3b/7a.zst 0,0,2383967209,464715440,443908008,1002376639
L6/3b/7b.zst 0,0,3031494039,399173103,285813281,578486873
L6/3b/7d.zst 0,0,4294967296,0,0,0
L6/3b/73.zst 0,0,1929118518,545166456,517759971,1302922351
L6/3b/81.zst 0,0,1676118631,541289081,549505336,1528054248
L6/3b/82.zst 0,0,1667843882,550137133,549315972,1527670309
L6/3b/80.zst 0,0,1672485151,544339811,549745137,1528397197
L6/3b/84.zst 0,0,1669509533,546403149,549931828,1529122786
L6/3b/86.zst 0,0,1672385698,544165610,549749061,1528666927
L6/3b/87.zst 0,0,1676152106,541035167,549503267,1528276756
L6/3b/8a.zst 0,0,1669505534,544850379,549870240,1530741143
L6/3b/7f.zst 0,0,1929242008,539127309,518726488,1307871491
L6/3b/8b.zst 0,0,1673369457,539384284,550144811,1532068744
L6/3b/7e.zst 0,0,1676075414,543525435,550072459,1525293988
L6/3b/8c.zst 0,0,1672387132,541417471,549599539,1531563154
L6/3b/89.zst 0,0,1667330398,549681680,549285453,1528669765
L6/3b/90.zst 0,0,13894861,2181133219,544740381,1555198835
L6/3b/8e.zst 0,0,1667838437,538921362,546282301,1541925196
L6/3b/85.zst 0,0,1673359087,541696184,550250570,1529661455
L6/3b/92.zst 0,0,13461349,2006050265,568120029,1707335653
L6/3b/95.zst 0,0,15553363,2034938837,552004997,1692470099
L6/3b/96.zst 0,0,1674638765,516338670,543224289,1560765572
L6/3b/93.zst 0,0,14762129,2024369333,556490215,1699345619
L6/3b/98.zst 0,0,0,0,0,4294967296
L6/3b/9a.zst 0,0,0,0,0,4294967296
L6/3b/8f.zst 0,0,1667377573,535710925,544902887,1546975911
L6/3b/9b.zst 0,0,0,0,0,4294967296
L6/3b/9d.zst 0,0,0,0,0,4294967296
L6/3b/91.zst 0,0,13239824,2006271790,568120029,1707335653
L6/3b/9c.zst 0,0,0,0,0,4294967296
L6/3b/9f.zst 0,0,0,0,0,4294967296
L6/3b/97.zst 0,0,1674637788,512293758,542323389,1565712361
L6/3b/a1.zst 0,0,13237802,2152149349,530453258,1599126887
L6/3b/a2.zst 0,0,13423158,1928419900,510415861,1842708377
L6/3b/a6.zst 0,0,1666294123,480316135,524601459,1623755579
L6/3b/a8.zst 0,0,0,0,0,4294967296
L6/3b/a9.zst 0,0,0,0,0,4294967296
L6/3b/a5.zst 0,0,15697612,1998770143,488098642,1792400899
L6/3b/ab.zst 0,0,0,0,0,4294967296
L6/3b/a0.zst 0,0,13890832,2151678062,530388652,1599009750
L6/3b/ac.zst 0,0,0,0,0,4294967296
L6/3b/ad.zst 0,0,0,0,0,4294967296
L6/3b/a4.zst 0,0,15052199,2000564677,492258699,1787091721
L6/3b/b0.zst 0,0,1675714438,513151218,541546303,1564555337
L6/3b/b2.zst 0,0,1674849650,413624227,599077749,1607415670
L6/3b/a7.zst 0,0,1666330088,477302048,523921112,1627414048
L6/3b/b3.zst 0,0,1674887264,416824710,520666227,1682589095
L6/3b/af.zst 0,0,0,0,0,4294967296
L6/3b/b6.zst 0,0,1674916141,467011305,538510313,1614529537
L6/3b/b9.zst 0,0,1674936237,423566943,523408829,1673055287
L6/3b/b7.zst 0,0,1675766841,515482504,542296206,1561421745
L6/3b/bc.zst 0,0,1675470771,442036297,528961880,1648498348
L6/3b/ba.zst 0,0,1675380980,435020296,606398185,1578167835
L6/3b/b1.zst 0,0,1674905375,418139916,521601969,1680320036
L6/3b/bd.zst 0,0,1675504980,494244898,548398086,1576819332
L6/3b/be.zst 0,0,1675514827,489343430,546358021,1583751018
L6/3b/c0.zst 0,0,1675559012,508509104,563881671,1547017509
L6/3b/c3.zst 0,0,1676050125,492870641,555385963,1570660567
L6/3b/b5.zst 0,0,1674958409,471562198,540248810,1608197879
L6/3b/c4.zst 0,0,1676281562,492061308,556829120,1569795306
L6/3b/b8.zst 0,0,1675791319,514940572,541940773,1562294632
L6/3b/c6.zst 0,0,1676275153,520117843,569274541,1529299759
L6/3b/c1.zst 0,0,1675595477,507074054,556828823,1555468942
L6/3b/c7.zst 0,0,1676271304,520331528,569458856,1528905608
L6/3b/c9.zst 0,0,1676297782,519825454,569243425,1529600635
L6/3b/cc.zst 0,0,1676306517,519076679,570193427,1529390673
L6/3b/ce.zst 0,0,1676344969,518812338,570389341,1529420648
L6/3b/c2.zst 0,0,1675358777,496287185,554892606,1568428728
L6/3b/cf.zst 0,0,1676291905,515270979,574018485,1529385927
L6/3b/cd.zst 0,0,1676291333,519089934,570235711,1529350318
L6/3b/d1.zst 0,0,0,0,2765661143,1529306153
L6/3b/d2.zst 0,0,0,0,2765638989,1529328307
L6/3b/d5.zst 0,0,0,0,2765312317,1529654979
L6/3b/d7.zst 0,0,0,0,2765670679,1529296617
L6/3b/cb.zst 0,0,1676298441,519230246,570035390,1529403219
L6/3b/c8.zst 0,0,1676304863,519988945,569320119,1529353369
L6/3b/d8.zst 0,0,0,0,2765443387,1529523909
L6/3b/d6.zst 0,0,0,0,2765581430,1529385866
L6/3b/da.zst 0,0,0,0,2765189669,1529777627
L6/3b/db.zst 0,0,0,0,2765383293,1529584003
L6/3b/de.zst 0,0,0,0,2765257667,1529709629
L6/3b/d3.zst 0,0,0,0,2765574208,1529393088
L6/3b/e2.zst 0,0,237099269,1665315715,610695577,1781856735
L6/3b/e1.zst 0,0,14219170,2204456458,550106658,1526185010
L6/3b/e3.zst 0,0,262467054,1678466525,588416644,1765617073
L6/3b/df.zst 0,0,0,0,2765185295,1529782001
L6/3b/e6.zst 0,0,1674673875,498543955,538166107,1583583359
L6/3b/e7.zst 0,0,1674673061,495211520,537329608,1587753107
L6/3b/e8.zst 0,0,0,0,0,4294967296
L6/3b/dc.zst 0,0,0,0,2765308540,1529658756
L6/3b/dd.zst 0,0,0,0,2765551722,1529415574
L6/3b/eb.zst 0,0,0,0,0,4294967296
L6/3b/ec.zst 0,0,0,0,0,4294967296
L6/3b/e9.zst 0,0,0,0,0,4294967296
L6/3b/ed.zst 0,0,0,0,0,4294967296
L6/3b/e4.zst 0,0,267143815,1693968820,579184984,1754669677
L6/3b/f1.zst 0,0,4294967296,0,0,0
L6/3b/f2.zst 0,0,4294967296,0,0,0
L6/3b/f3.zst 0,0,4294967296,0,0,0
L6/3b/f4.zst 0,0,4294967296,0,0,0
L6/3b/f6.zst 0,0,4294967296,0,0,0
L6/3b/fa.zst 0,0,4294967296,0,0,0
L6/3b/f8.zst 0,0,4294967296,0,0,0
L6/3b/fc.zst 0,0,4294967296,0,0,0
L6/3b/f9.zst 0,0,4294967296,0,0,0
L6/3b/f5.zst 0,0,4294967296,0,0,0
L6/3b/fe.zst 0,0,4294967296,0,0,0
L6/3b/f0.zst 0,0,4294967296,0,0,0
L6/3b/ee.zst 0,0,0,0,0,4294967296
L6/3b/ff.zst 0,0,4294967296,0,0,0
L6/3c/00.zst 0,0,1671235369,552515065,551096808,1520120054
L6/3c/04.zst 0,0,1667920396,550991041,550587168,1525468691
L6/3c/07.zst 0,0,1667915544,550900230,550578004,1525573518
L6/3c/01.zst 0,0,1667949970,551304463,550607630,1525105233
L6/3c/08.zst 0,0,1667924528,550900385,550605079,1525537304
L6/3c/0a.zst 0,0,1667949166,550869938,550605746,1525542446
L6/3c/0d.zst 0,0,1667919869,550850864,550607506,1525589057
L6/3c/0b.zst 0,0,1667940343,550938917,550572769,1525515267
L6/3c/03.zst 0,0,1667940268,551025808,550554622,1525446598
L6/3c/0f.zst 0,0,1667919204,550709976,550525320,1525812796
L6/3c/05.zst 0,0,1667915859,550956758,550570298,1525524381
L6/3c/0c.zst 0,0,1668590935,550935771,550698672,1524741918
L6/3c/06.zst 0,0,1667920315,550891679,550595371,1525559931
L6/3c/10.zst 0,0,1897254163,544165364,555347164,1298200605
L6/3c/11.zst 0,0,1668558341,527428535,542064931,1556915489
L6/3c/14.zst 0,0,1668521710,526960132,541948890,1557536564
L6/3c/18.zst 0,0,1676947350,540050868,552903066,1525066012
L6/3c/19.zst 0,0,1676884368,539873297,553094130,1525115501
L6/3c/16.zst 0,0,1668471535,526126430,541823571,1558545760
L6/3c/1b.zst 0,0,1669387517,541833110,553452826,1530293843
L6/3c/1c.zst 0,0,1669439641,543626571,553903672,1527997412
L6/3c/1d.zst 0,0,1669259400,541897088,555458766,1528352042
L6/3c/13.zst 0,0,1668470447,526424650,541795758,1558276441
L6/3c/20.zst 0,0,1667780868,526257085,573570025,1527359318
L6/3c/15.zst 0,0,1668450178,526553985,541947019,1558016114
L6/3c/21.zst 0,0,1667404088,525353991,572901175,1529308042
L6/3c/17.zst 0,0,1668487830,526273643,542257428,1557948395
L6/3c/1f.zst 0,0,1669650946,546233871,553747042,1525335437
L6/3c/23.zst 0,0,1667430976,528723444,573370930,1525441946
L6/3c/25.zst 0,0,1667705255,529355951,572897812,1525008278
L6/3c/27.zst 0,0,1667756157,530289548,573836182,1523085409
L6/3c/2b.zst 0,0,1667831865,536458619,574355659,1516321153
L6/3c/2c.zst 0,0,1814176653,526044828,581000999,1373744816
L6/3c/2d.zst 0,0,1667875509,517349198,576632007,1533110582
L6/3c/2a.zst 0,0,1667816447,532646297,574734384,1519770168
L6/3c/24.zst 0,0,1667402983,529561959,573353107,1524649247
L6/3c/30.zst 0,0,1676266945,540189837,551361944,1527148570
L6/3c/2f.zst 0,0,1667904227,516850767,576377506,1533834796
L6/3c/31.zst 0,0,1676318018,541998128,550187540,1526463610
L6/3c/26.zst 0,0,1667350669,527496984,573060165,1527059478
L6/3c/28.zst 0,0,1667813242,531672811,573688528,1521792715
L6/3c/35.zst 0,0,1675423475,449212921,530403955,1639926945
L6/3c/36.zst 0,0,1675410068,444264216,531276543,1644016469
L6/3c/37.zst 0,0,1675432278,444789629,531777904,1642967485
L6/3c/32.zst 0,0,1676277176,539681723,549714957,1529293440
L6/3c/3b.zst 0,0,1675416641,441318460,532009291,1646222904
L6/3c/3c.zst 0,0,1675691289,441492802,533339959,1644443246
L6/3c/3d.zst 0,0,1675492971,484870654,559115515,1575488156
L6/3c/34.zst 0,0,1675458879,540106078,550853030,1528549309
L6/3c/40.zst 0,0,1689300484,522544444,552578025,1530544343
L6/3c/3e.zst 0,0,1675491332,481155757,556101314,1582218893
L6/3c/42.zst 0,0,1689501703,517704455,553760588,1534000550
L6/3c/41.zst 0,0,1689276250,527617825,553370187,1524703034
L6/3c/39.zst 0,0,1675406644,442716547,531277173,1645566932
L6/3c/38.zst 0,0,1675504328,443260300,530801844,1645400824
L6/3c/45.zst 0,0,1690462841,511691637,553516617,1539296201
L6/3c/47.zst 0,0,1899652958,554447714,564755569,1276111055
L6/3c/48.zst 0,0,1904918350,555174756,566117914,1268756276
L6/3c/46.zst 0,0,1899659940,555113000,564783979,1275410377
L6/3c/4c.zst 0,0,1904910539,555624200,566264751,1268167806
L6/3c/4d.zst 0,0,1904902925,555119395,566720144,1268224832
L6/3c/4e.zst 0,0,1904900539,555342507,566166900,1268557350
L6/3c/51.zst 0,0,49455,2271150935,546267618,1477499288
L6/3c/44.zst 0,0,1689537133,513214601,553394022,1538821540
L6/3c/52.zst 0,0,16777216,4278190080,0,0
L6/3c/50.zst 0,0,92276,2266638236,546147864,1482088920
L6/3c/53.zst 0,0,12198584,3451926600,275737600,555104512
L6/3c/55.zst 0,0,7860988,2531498244,504376832,1251231232
L6/3c/57.zst 0,0,1667133738,492493384,534852070,1600488104
L6/3c/4a.zst 0,0,1904908339,555034443,566039210,1268985304
L6/3c/5a.zst 0,0,0,0,0,4294967296
L6/3c/4b.zst 0,0,1904916797,555603266,566283838,1268163395
L6/3c/5b.zst 0,0,0,0,0,4294967296
L6/3c/59.zst 0,0,0,0,0,4294967296
L6/3c/5c.zst 0,0,0,0,0,4294967296
L6/3c/5f.zst 0,0,0,0,0,4294967296
L6/3c/61.zst 0,0,1666887143,430270379,515690882,1682118892
L6/3c/56.zst 0,0,1667098186,495943123,532868306,1599057681
L6/3c/63.zst 0,0,1667577342,462524975,531360195,1633504784
L6/3c/65.zst 0,0,1667781859,460350090,530836870,1635998477
L6/3c/66.zst 0,0,1667724432,500836232,531943625,1594463007
L6/3c/62.zst 0,0,1667648101,467884748,532598004,1626836443
L6/3c/68.zst 0,0,1676203004,514696622,543092804,1560974866
L6/3c/6b.zst 0,0,1667760017,541758860,550339369,1535109050
L6/3c/6a.zst 0,0,1667804898,541206337,550601745,1535354316
L6/3c/5e.zst 0,0,0,0,0,4294967296
L6/3c/60.zst 0,0,1666657417,474284766,533753677,1620271436
L6/3c/6d.zst 0,0,1667823893,544402643,549957637,1532783123
L6/3c/6c.zst 0,0,1667808821,543654458,550618987,1532885030
L6/3c/6f.zst 0,0,1667805666,550193923,551162930,1525804777
L6/3c/70.zst 0,0,4294967296,0,0,0
L6/3c/67.zst 0,0,1667771066,501242991,532055071,1593898168
L6/3c/73.zst 0,0,1929021477,545964828,519218888,1300762103
L6/3c/76.zst 0,0,4294967296,0,0,0
L6/3c/77.zst 0,0,4294967296,0,0,0
L6/3c/79.zst 0,0,1929018392,545882216,519305126,1300761562
L6/3c/75.zst 0,0,3031495683,399220296,285851313,578400004
L6/3c/7b.zst 0,0,3031497143,399219305,285850637,578400211
L6/3c/7c.zst 0,0,4294967296,0,0,0
L6/3c/7d.zst 0,0,4294967296,0,0,0
L6/3c/72.zst 0,0,1676051136,544936564,551505857,1522473739
L6/3c/71.zst 0,0,4294967296,0,0,0
L6/3c/80.zst 0,0,1672500824,545072214,551089304,1526304954
L6/3c/78.zst 0,0,1676061413,544896221,551582426,1522427236
L6/3c/82.zst 0,0,1667806169,550551071,550684751,1525925305
L6/3c/81.zst 0,0,1676190044,541913720,550895591,1525967941
L6/3c/7f.zst 0,0,1929143733,539836168,520227762,1305759633
L6/3c/86.zst 0,0,1672432626,544709572,551143299,1526681799
L6/3c/88.zst 0,0,1667808011,549965318,550722638,1526471329
L6/3c/89.zst 0,0,1667003355,550475945,550728951,1526759045
L6/3c/8c.zst 0,0,1672393869,542077692,551001127,1529494608
L6/3c/8d.zst 0,0,1676194765,531300128,547959781,1539512622
L6/3c/8a.zst 0,0,1668985157,545594232,551466162,1528921745
L6/3c/8e.zst 0,0,1667805751,539557717,547691454,1539912374
L6/3c/83.zst 0,0,1667004929,551496126,550754111,1525712130
L6/3c/84.zst 0,0,1668994450,547079891,551567308,1527325647
L6/3c/90.zst 0,0,13913868,2181239288,545378746,1554435394
L6/3c/91.zst 0,0,13230929,2006359467,568792189,1706584711
L6/3c/87.zst 0,0,1676200117,541574192,550906358,1526286629
L6/3c/93.zst 0,0,14753052,2024459700,557320167,1698434377
L6/3c/92.zst 0,0,13452032,2006138364,568792189,1706584711
L6/3c/97.zst 0,0,1674602860,512919568,543590198,1563854670
L6/3c/98.zst 0,0,0,0,0,4294967296
L6/3c/9a.zst 0,0,0,0,0,4294967296
L6/3c/9d.zst 0,0,0,0,0,4294967296
L6/3c/9e.zst 0,0,0,0,0,4294967296
L6/3c/9f.zst 0,0,0,0,0,4294967296
L6/3c/94.zst 0,0,15011218,2037690963,550503202,1691761913
L6/3c/9c.zst 0,0,0,0,0,4294967296
L6/3c/96.zst 0,0,1674604343,516933388,544678699,1558750866
L6/3c/a2.zst 0,0,13403831,1928910306,511703462,1840949697
L6/3c/a1.zst 0,0,13230656,2152543188,531470214,1597723238
L6/3c/99.zst 0,0,0,0,0,4294967296
L6/3c/a3.zst 0,0,14482696,1972487404,497923367,1810073829
L6/3c/a8.zst 0,0,0,0,0,4294967296
L6/3c/a9.zst 0,0,0,0,0,4294967296
L6/3c/a6.zst 0,0,1666250049,481026969,525968626,1621721652
L6/3c/ab.zst 0,0,0,0,0,4294967296
L6/3c/ad.zst 0,0,0,0,0,4294967296
L6/3c/ae.zst 0,0,0,0,0,4294967296
L6/3c/b0.zst 0,0,1675681457,513877448,542927971,1562480420
L6/3c/a4.zst 0,0,15046791,2001046933,493389713,1785483859
L6/3c/b2.zst 0,0,1674853309,414524258,617784035,1587805694
L6/3c/b3.zst 0,0,1675028560,457522409,549309056,1613107271
L6/3c/a7.zst 0,0,1666349923,477948741,525270245,1625398387
L6/3c/af.zst 0,0,0,0,0,4294967296
L6/3c/aa.zst 0,0,0,0,0,4294967296
L6/3c/b4.zst 0,0,1675063453,492919762,544878680,1582105401
L6/3c/b7.zst 0,0,1675060485,501544806,543946568,1574415437
L6/3c/b8.zst 0,0,1675761782,515617643,543264693,1560323178
L6/3c/bc.zst 0,0,1675597689,515570281,553027540,1550771786
L6/3c/be.zst 0,0,1675571182,512150187,555847093,1551398834
L6/3c/bf.zst 0,0,1675596921,524957201,551693840,1542719334
L6/3c/ba.zst 0,0,1675384882,435965921,625675042,1557941451
L6/3c/c2.zst 0,0,1675282754,497717829,554119800,1567846913
L6/3c/c0.zst 0,0,1674957400,516026664,561977006,1542006226
L6/3c/c3.zst 0,0,1675871112,494572683,555583202,1568940299
L6/3c/b6.zst 0,0,1675043348,489727201,548017841,1582178906
L6/3c/bb.zst 0,0,1675546648,479959663,557642726,1581818259
L6/3c/b9.zst 0,0,1674913200,422424213,524869434,1672760449
L6/3c/c4.zst 0,0,1676234203,492599282,556729779,1569404032
L6/3c/c6.zst 0,0,1676239664,520795568,570413410,1527518654
L6/3c/c8.zst 0,0,1676312972,520541545,570666578,1527446201
L6/3c/c7.zst 0,0,1676238122,520761147,570412711,1527555316
L6/3c/ce.zst 0,0,1676264993,519471593,571877354,1527353356
L6/3c/cf.zst 0,0,1676261921,515821234,575481122,1527403019
L6/3c/d0.zst 0,0,0,0,2767740798,1527226498
L6/3c/cc.zst 0,0,1676267035,519882613,571557661,1527259987
L6/3c/d1.zst 0,0,0,0,2767775440,1527191856
L6/3c/d3.zst 0,0,0,0,2767727462,1527239834
L6/3c/d4.zst 0,0,0,0,2767469583,1527497713
L6/3c/ca.zst 0,0,1676262650,520437218,570707222,1527560206
L6/3c/c9.zst 0,0,1676265951,520510068,570745293,1527445984
L6/3c/cb.zst 0,0,1676267129,519621923,571511115,1527567129
L6/3c/d6.zst 0,0,0,0,2767543221,1527424075
L6/3c/d8.zst 0,0,0,0,2767507674,1527459622
L6/3c/d9.zst 0,0,0,0,2767593032,1527374264
L6/3c/d5.zst 0,0,0,0,2767462027,1527505269
L6/3c/dd.zst 0,0,0,0,2767457197,1527510099
L6/3c/df.zst 0,0,0,0,2767518422,1527448874
L6/3c/e0.zst 0,0,159663796,2026780959,577980979,1530541562
L6/3c/e2.zst 0,0,236939249,1665955389,611180074,1780892584
L6/3c/e4.zst 0,0,267661277,1693433950,579659856,1754212213
L6/3c/e1.zst 0,0,14224867,2205201742,550568852,1524971835
L6/3c/e5.zst 0,0,276317002,1686988122,578166753,1753495419
L6/3c/da.zst 0,0,0,0,2767164009,1527803287
L6/3c/db.zst 0,0,0,0,2767260211,1527707085
L6/3c/e6.zst 0,0,1674636645,499215296,539466870,1581648485
L6/3c/dc.zst 0,0,0,0,2767474789,1527492507
L6/3c/e8.zst 0,0,0,0,0,4294967296
L6/3c/ea.zst 0,0,0,0,0,4294967296
L6/3c/f0.zst 0,0,4294967296,0,0,0
L6/3c/ed.zst 0,0,0,0,0,4294967296
L6/3c/e9.zst 0,0,0,0,0,4294967296
L6/3c/f1.zst 0,0,4294967296,0,0,0
L6/3c/f2.zst 0,0,4294967296,0,0,0
L6/3c/f3.zst 0,0,4294967296,0,0,0
L6/3c/f4.zst 0,0,4294967296,0,0,0
L6/3c/f8.zst 0,0,4294967296,0,0,0
L6/3c/f9.zst 0,0,4294967296,0,0,0
L6/3c/f6.zst 0,0,4294967296,0,0,0
L6/3c/eb.zst 0,0,0,0,0,4294967296
L6/3c/ec.zst 0,0,0,0,0,4294967296
L6/3c/fa.zst 0,0,4294967296,0,0,0
L6/3c/fc.zst 0,0,4294967296,0,0,0
L6/3c/fd.zst 0,0,4294967296,0,0,0
L6/3c/ee.zst 0,0,0,0,0,4294967296
L6/3c/fe.zst 0,0,4294967296,0,0,0
L6/3d/04.zst 0,0,1667951169,553132757,549694693,1524188677
L6/3d/03.zst 0,0,1667944682,553167322,549705749,1524149543
L6/3d/06.zst 0,0,1667942136,553056425,549684213,1524284522
L6/3c/ff.zst 0,0,4294967296,0,0,0
L6/3d/02.zst 0,0,1667964503,553208838,549668513,1524125442
L6/3d/08.zst 0,0,1667944688,553018726,549704300,1524299582
L6/3d/09.zst 0,0,1667939173,552999051,549690635,1524338437
L6/3d/0a.zst 0,0,1667969844,552946190,549672200,1524379062
L6/3d/01.zst 0,0,1667972889,553436067,549713020,1523845320
L6/3d/0e.zst 0,0,1667939853,553007398,549686584,1524333461
L6/3d/0f.zst 0,0,1667942097,552883912,549626844,1524514443
L6/3d/05.zst 0,0,1667939228,553103453,549690969,1524233646
L6/3d/0d.zst 0,0,1668603633,553076988,549800523,1523486152
L6/3d/11.zst 0,0,1668534719,527194523,542035003,1557203051
L6/3d/13.zst 0,0,1668476487,526569813,541930859,1557990137
L6/3d/14.zst 0,0,1668502279,526603985,542101885,1557759147
L6/3d/18.zst 0,0,1676914589,539714564,552896296,1525441847
L6/3d/0c.zst 0,0,1667964251,553062387,549667449,1524273209
L6/3d/19.zst 0,0,1676881650,539618760,552908571,1525558315
L6/3d/1a.zst 0,0,1669440477,543594421,553586946,1528345452
L6/3d/17.zst 0,0,1668484924,526156143,542203725,1558122504
L6/3d/1c.zst 0,0,1669336646,543565812,553776759,1528288079
L6/3d/1e.zst 0,0,1676327615,540482057,553576686,1524580938
L6/3d/12.zst 0,0,1668508753,527068586,542061715,1557328242
L6/3d/1f.zst 0,0,1669493422,546270486,553741024,1525462364
L6/3d/15.zst 0,0,1668452714,526236403,541921468,1558356711
L6/3d/22.zst 0,0,1667753209,525226105,572949042,1529038940
L6/3d/23.zst 0,0,1667740844,525587124,574414522,1527224806
L6/3d/20.zst 0,0,1667799970,528432479,572968460,1525766387
L6/3d/25.zst 0,0,1667743149,529275964,572963648,1524984535
L6/3d/1d.zst 0,0,1669288598,542001173,555672492,1528005033
L6/3d/28.zst 0,0,1667806915,530368192,574102464,1522689725
L6/3d/29.zst 0,0,1667800202,531115970,573293389,1522757735
L6/3d/2b.zst 0,0,1667809405,532333233,574583912,1520240746
L6/3d/2a.zst 0,0,1667822161,531612918,574140882,1521391335
L6/3d/2e.zst 0,0,1667839371,517055520,576903333,1533169072
L6/3d/2f.zst 0,0,1667885876,516655158,576741768,1533684494
L6/3d/24.zst 0,0,1667776949,528307725,573226051,1525656571
L6/3d/30.zst 0,0,1676286416,542325608,550551423,1525803849
L6/3d/26.zst 0,0,1667762249,528959370,572844156,1525401521
L6/3d/34.zst 0,0,1675450891,449169257,530618769,1639728379
L6/3d/33.zst 0,0,1675415801,539779185,550674975,1529097335
L6/3d/36.zst 0,0,1675450008,444530647,531815621,1643171020
L6/3d/32.zst 0,0,1676306022,541054175,550459333,1527147766
L6/3d/2d.zst 0,0,1814161553,525473984,581067785,1374263974
L6/3d/39.zst 0,0,1675387035,439890007,531417626,1648272628
L6/3d/3a.zst 0,0,1675465522,441346376,532339995,1645815403
L6/3d/3b.zst 0,0,1675388255,441624266,533073702,1644881073
L6/3d/3f.zst 0,0,1675408881,474570231,551930357,1593057827
L6/3d/40.zst 0,0,1689230354,519658214,553752678,1532326050
L6/3d/41.zst 0,0,1689238947,527381857,553629393,1524717099
L6/3d/35.zst 0,0,1675413477,444099821,531774952,1643679046
L6/3d/3d.zst 0,0,1675747928,480054107,556080630,1583084631
L6/3d/38.zst 0,0,1675414133,442398098,531177148,1645977917
L6/3d/43.zst 0,0,1689461980,515094111,553190094,1537221111
L6/3d/45.zst 0,0,1689861374,511958633,553156302,1539990987
L6/3d/44.zst 0,0,1689909193,512804768,553285835,1538967500
L6/3d/3e.zst 0,0,1675446641,475109230,554031511,1590379914
L6/3d/4a.zst 0,0,1904906959,555458390,566174409,1268427538
L6/3d/4b.zst 0,0,1904908593,555598632,566271864,1268188207
L6/3d/47.zst 0,0,1899648774,554626449,564730217,1275961856
L6/3d/4c.zst 0,0,1904911915,555245901,566145804,1268663676
L6/3d/4f.zst 0,0,1904855407,556470846,566653179,1266987864
L6/3d/50.zst 0,0,28989,2268234677,546132700,1480570930
L6/3d/52.zst 0,0,16777216,4278190080,0,0
L6/3d/46.zst 0,0,1899652651,555662857,564878247,1274773541
L6/3d/51.zst 0,0,49027,2272797968,545806920,1476313381
L6/3d/54.zst 0,0,9492711,2903690265,427517696,954266624
L6/3d/55.zst 0,0,7860337,2532306575,505297152,1249503232
L6/3d/49.zst 0,0,1904908344,555341449,566153371,1268564132
L6/3d/57.zst 0,0,1667154505,494836427,533356812,1599619552
L6/3d/5a.zst 0,0,0,0,0,4294967296
L6/3d/4e.zst 0,0,1904929308,555707258,566267947,1268062783
L6/3d/5b.zst 0,0,0,0,0,4294967296
L6/3d/59.zst 0,0,0,0,0,4294967296
L6/3d/5e.zst 0,0,0,0,0,4294967296
L6/3d/5f.zst 0,0,0,0,0,4294967296
L6/3d/61.zst 0,0,1667103298,437525530,519900082,1670438386
L6/3d/64.zst 0,0,1667670781,459886715,531401085,1636008715
L6/3d/58.zst 0,0,0,0,0,4294967296
L6/3d/65.zst 0,0,1667818580,458834895,530280425,1638033396
L6/3d/66.zst 0,0,1667746154,502909438,531014405,1593297299
L6/3d/62.zst 0,0,1667678498,468734020,532354220,1626200558
L6/3d/5c.zst 0,0,0,0,0,4294967296
L6/3d/68.zst 0,0,1676221042,517082319,542328772,1559335163
L6/3d/6a.zst 0,0,1667826239,543285172,549711803,1534144082
L6/3d/6b.zst 0,0,1667783357,543871261,549432482,1533880196
L6/3d/60.zst 0,0,1666731265,473654534,533491797,1621089700
L6/3d/6f.zst 0,0,1667825591,552192043,550253658,1524696004
L6/3d/6c.zst 0,0,1667830438,545219510,549520809,1532396539
L6/3d/70.zst 0,0,4294967296,0,0,0
L6/3d/71.zst 0,0,4294967296,0,0,0
L6/3d/74.zst 0,0,2383714957,466392941,444752320,1000107078
L6/3d/76.zst 0,0,4294967296,0,0,0
L6/3d/69.zst 0,0,1676216153,521730967,543888316,1553131860
L6/3d/77.zst 0,0,4294967296,0,0,0
L6/3d/6e.zst 0,0,1667800944,547439324,549407041,1530319987
L6/3d/75.zst 0,0,3031509685,399537076,286031964,577888571
L6/3d/79.zst 0,0,1929153939,547789887,518556702,1299466768
L6/3d/7a.zst 0,0,2383717747,466477010,444772380,1000000159
L6/3d/72.zst 0,0,1676053794,546988361,550667531,1521257610
L6/3d/7c.zst 0,0,4294967296,0,0,0
L6/3d/81.zst 0,0,1676109181,544270050,550058608,1524529457
L6/3d/80.zst 0,0,1672479098,547255059,550340470,1524892669
L6/3d/83.zst 0,0,1667393573,553141142,549880348,1524552233
L6/3d/7f.zst 0,0,1929289028,541694419,519662294,1304321555
L6/3d/85.zst 0,0,1673359780,544432297,550743549,1526431670
L6/3d/86.zst 0,0,1672388087,546855995,550299584,1525423630
L6/3d/87.zst 0,0,1676098431,543837808,550057558,1524973499
L6/3d/7e.zst 0,0,1676096121,546234234,550585055,1522051886
L6/3d/7b.zst 0,0,3031512389,399534353,286030838,577889716
L6/3d/8a.zst 0,0,1669587172,547406647,550442143,1527531334
L6/3d/8b.zst 0,0,1673363008,542143785,550700016,1528760487
L6/3d/82.zst 0,0,1667835594,552780666,549806966,1524544070
L6/3d/88.zst 0,0,1667830414,551932001,549870539,1525334342
L6/3d/8c.zst 0,0,1672368954,544348700,550217123,1528032519
L6/3d/90.zst 0,0,13873159,2183093736,545095264,1552905137
L6/3d/91.zst 0,0,13235744,2007975687,568659657,1705096208
L6/3d/94.zst 0,0,15019055,2039963138,550062369,1689922734
L6/3d/96.zst 0,0,1674625530,519137693,543885856,1557318217
L6/3d/93.zst 0,0,14761725,2026477371,557203901,1696524299
L6/3d/97.zst 0,0,1674624746,514934772,542897910,1562509868
L6/3d/98.zst 0,0,0,0,0,4294967296
L6/3d/9a.zst 0,0,0,0,0,4294967296
L6/3d/8d.zst 0,0,1676097863,533656324,547164930,1538048179
L6/3d/8f.zst 0,0,1667439260,538380376,545400856,1543746804
L6/3d/9c.zst 0,0,0,0,0,4294967296
L6/3d/9d.zst 0,0,0,0,0,4294967296
L6/3d/92.zst 0,0,13457147,2007754284,568659657,1705096208
L6/3d/9f.zst 0,0,0,0,0,4294967296
L6/3d/9b.zst 0,0,0,0,0,4294967296
L6/3d/a3.zst 0,0,14492629,1975531439,498646335,1806296893
L6/3d/a2.zst 0,0,13410032,1932635823,513159309,1835762132
L6/3d/a6.zst 0,0,1666268077,482908396,525035844,1620754979
L6/3d/a8.zst 0,0,0,0,0,4294967296
L6/3d/a9.zst 0,0,0,0,0,4294967296
L6/3d/a7.zst 0,0,1666329036,479965014,524469937,1624203309
L6/3d/ab.zst 0,0,0,0,0,4294967296
L6/3d/ac.zst 0,0,0,0,0,4294967296
L6/3d/ad.zst 0,0,0,0,0,4294967296
L6/3d/a4.zst 0,0,15055164,2003949724,493812490,1782149918
L6/3d/a1.zst 0,0,13236068,2154485957,530957553,1596287718
L6/3d/a0.zst 0,0,13899465,2153672460,530790634,1596604737
L6/3d/b0.zst 0,0,1675703058,516136443,542163348,1560964447
L6/3d/b1.zst 0,0,1674953947,471970118,546502729,1601540502
L6/3d/ae.zst 0,0,0,0,0,4294967296
L6/3d/b2.zst 0,0,1675087505,478857449,555876832,1585145510
L6/3d/b7.zst 0,0,1675760321,518510465,542136711,1558559799
L6/3d/b8.zst 0,0,1675779667,517864327,542450546,1558872756
L6/3d/ba.zst 0,0,1675613101,500231024,562829442,1556293729
L6/3d/bc.zst 0,0,1675572454,511549580,552826210,1555019052
L6/3d/b9.zst 0,0,1674986545,477025686,548273736,1594681329
L6/3d/bd.zst 0,0,1675552003,527122420,551851558,1540441315
L6/3d/b3.zst 0,0,1674873040,417377625,519871368,1682845263
L6/3d/be.zst 0,0,1676395488,541136021,550706558,1526729229
L6/3d/c0.zst 0,0,1675510494,508993234,564689609,1545773959
L6/3d/b4.zst 0,0,1675037930,488848571,544516181,1586564614
L6/3d/b6.zst 0,0,1675865460,518715378,542831875,1557554583
L6/3d/c2.zst 0,0,1675320395,496293514,553147627,1570205760
L6/3d/c5.zst 0,0,1676426964,490639677,558340324,1569560331
L6/3d/c4.zst 0,0,1676295769,491480751,556112373,1571078403
L6/3d/c1.zst 0,0,1675559310,504189691,556105476,1559112819
L6/3d/c9.zst 0,0,1676284496,522585130,569829314,1526268356
L6/3d/ca.zst 0,0,1676285491,522522844,569932950,1526226011
L6/3d/cb.zst 0,0,1676287773,521865014,570646732,1526167777
L6/3d/ce.zst 0,0,1676330688,521520201,570966543,1526149864
L6/3d/c3.zst 0,0,1676045201,494395785,555351882,1569174428
L6/3d/cf.zst 0,0,1676327816,518007592,574634570,1525997318
L6/3d/cd.zst 0,0,1676282108,521824251,570638164,1526222773
L6/3d/d1.zst 0,0,0,0,2768810558,1526156738
L6/3d/c7.zst 0,0,1676256746,522770607,569907446,1526032497
L6/3d/d2.zst 0,0,0,0,2768754024,1526213272
L6/3d/d4.zst 0,0,0,0,2768809395,1526157901
L6/3d/d7.zst 0,0,0,0,2768705636,1526261660
L6/3d/c8.zst 0,0,1676286225,522526174,569828322,1526326575
L6/3d/d9.zst 0,0,0,0,2768706918,1526260378
L6/3d/d5.zst 0,0,0,0,2768782810,1526184486
L6/3d/da.zst 0,0,0,0,2768589963,1526377333
L6/3d/dc.zst 0,0,0,0,2768434963,1526532333
L6/3d/de.zst 0,0,0,0,2768702988,1526264308
L6/3d/e0.zst 0,0,158775131,2030468823,577540031,1528183311
L6/3d/d3.zst 0,0,0,0,2768917125,1526050171
L6/3d/e2.zst 0,0,236969700,1669299742,610625943,1778071911
L6/3d/df.zst 0,0,0,0,2768808839,1526158457
L6/3d/e3.zst 0,0,262570017,1681418869,588558122,1762420288
L6/3d/e4.zst 0,0,267307272,1696337545,579341527,1751980952
L6/3d/d8.zst 0,0,0,0,2768597239,1526370057
L6/3d/e7.zst 0,0,1674711427,497892305,537795209,1584568355
L6/3d/dd.zst 0,0,0,0,2768857034,1526110262
L6/3d/e9.zst 0,0,0,0,0,4294967296
L6/3d/ea.zst 0,0,0,0,0,4294967296
L6/3d/e8.zst 0,0,0,0,0,4294967296
L6/3d/ed.zst 0,0,0,0,0,4294967296
L6/3d/f0.zst 0,0,4294967296,0,0,0
L6/3d/ef.zst 0,0,0,0,0,4294967296
L6/3d/e6.zst 0,0,1674659869,501269790,538660234,1580377403
L6/3d/f2.zst 0,0,4294967296,0,0,0
L6/3d/f3.zst 0,0,4294967296,0,0,0
L6/3d/f5.zst 0,0,4294967296,0,0,0
L6/3d/f6.zst 0,0,4294967296,0,0,0
L6/3d/fc.zst 0,0,4294967296,0,0,0
L6/3d/fb.zst 0,0,4294967296,0,0,0
L6/3d/eb.zst 0,0,0,0,0,4294967296
L6/3d/f9.zst 0,0,4294967296,0,0,0
L6/3d/fa.zst 0,0,4294967296,0,0,0
L6/3d/ee.zst 0,0,0,0,0,4294967296
L6/3d/fe.zst 0,0,4294967296,0,0,0
L6/3d/ff.zst 0,0,4294967296,0,0,0
L6/3d/f8.zst 0,0,4294967296,0,0,0
L6/3e/03.zst 0,0,1667928870,551017822,549334451,1526686153
L6/3e/06.zst 0,0,1667930047,550888546,549352916,1526795787
L6/3e/05.zst 0,0,1667925571,550944353,549348322,1526749050
L6/3e/02.zst 0,0,1667930329,551163803,549342475,1526530689
L6/3e/09.zst 0,0,1667927034,550861099,549328937,1526850226
L6/3e/0a.zst 0,0,1667958714,550842111,549331839,1526834632
L6/3e/0b.zst 0,0,1667928289,550864157,549325401,1526849449
L6/3e/01.zst 0,0,1667963331,551306523,549324564,1526372878
L6/3e/0e.zst 0,0,1668573662,551029935,549447450,1525916249
L6/3e/04.zst 0,0,1667930832,550951288,549350054,1526735122
L6/3e/0f.zst 0,0,1667921068,550802112,549286437,1526957679
L6/3e/0d.zst 0,0,1667943449,550960958,549364133,1526698756
L6/3e/10.zst 0,0,1897259845,544284053,555144250,1298279148
L6/3e/08.zst 0,0,1667934786,550846810,549335741,1526849959
L6/3e/13.zst 0,0,1668466036,526696282,541888449,1557916529
L6/3e/15.zst 0,0,1668446533,526389035,541961666,1558170062
L6/3e/17.zst 0,0,1668489994,526163884,542244104,1558069314
L6/3e/16.zst 0,0,1668457882,526273452,542017988,1558217974
L6/3e/1a.zst 0,0,1669500041,543610456,553530465,1528326334
L6/3e/1b.zst 0,0,1669406142,541818386,553407225,1530335543
L6/3e/1c.zst 0,0,1669440387,543491172,553952586,1528083151
L6/3e/12.zst 0,0,1668533067,527191516,542039187,1557203526
L6/3e/1f.zst 0,0,1669474932,546215567,553917598,1525359199
L6/3e/20.zst 0,0,1667792626,526386903,572504067,1528283700
L6/3e/21.zst 0,0,1667449585,527518005,573473742,1526525964
L6/3e/14.zst 0,0,1668502622,526889934,541853060,1557721680
L6/3e/1e.zst 0,0,1676445851,540559419,553609756,1524352270
L6/3e/19.zst 0,0,1676877445,539850351,552969355,1525270145
L6/3e/25.zst 0,0,1667785841,528378285,573309901,1525493269
L6/3e/24.zst 0,0,1667773939,525697398,574232666,1527263293
L6/3e/26.zst 0,0,1667756311,529296785,572911995,1525002205
L6/3e/2b.zst 0,0,1667833094,531297347,574186083,1521650772
L6/3e/2d.zst 0,0,1667868564,536489805,574188211,1516420716
L6/3e/2c.zst 0,0,1667846721,532593156,574503811,1520023608
L6/3e/29.zst 0,0,1667813816,530259817,574254845,1522638818
L6/3e/2f.zst 0,0,1667687227,518375305,576763775,1532140989
L6/3e/23.zst 0,0,1667773313,525225182,572736917,1529231884
L6/3e/30.zst 0,0,1676294505,540196269,550171168,1528305354
L6/3e/31.zst 0,0,1676364114,541475048,550501274,1526626860
L6/3e/27.zst 0,0,1667326516,529649804,573174769,1524816207
L6/3e/2a.zst 0,0,1667844281,531378317,573595843,1522148855
L6/3e/34.zst 0,0,1675424656,444462382,531273335,1643806923
L6/3e/36.zst 0,0,1675412569,442811866,530434773,1646308088
L6/3e/33.zst 0,0,1675435517,449325487,530498651,1639707641
L6/3e/37.zst 0,0,1675428057,442804841,531288058,1645446340
L6/3e/3b.zst 0,0,1675488053,484599496,560915149,1573964598
L6/3e/3c.zst 0,0,1675491539,480878138,556454999,1582142620
L6/3e/3e.zst 0,0,1675707467,473795546,553185437,1592278846
L6/3e/40.zst 0,0,1689304831,522741586,552888680,1530032199
L6/3e/3d.zst 0,0,1675451249,474929238,553317731,1591269078
L6/3e/41.zst 0,0,1689244044,527620487,553510932,1524591833
L6/3e/42.zst 0,0,1689499474,517799949,553590567,1534077306
L6/3e/35.zst 0,0,1675437833,444752920,531615873,1643160670
L6/3e/3a.zst 0,0,1675455969,441585217,533311316,1644614794
L6/3e/44.zst 0,0,1689545452,513299271,553316532,1538806041
L6/3e/46.zst 0,0,1899655070,555760494,564766844,1274784888
L6/3e/39.zst 0,0,1675470661,441567610,532342617,1645586408
L6/3e/48.zst 0,0,1904916748,555408569,566079401,1268562578
L6/3e/45.zst 0,0,1689865944,511987657,553307410,1539806285
L6/3e/4b.zst 0,0,1904913076,555424891,566138232,1268491097
L6/3e/4c.zst 0,0,1904915486,555467724,566158200,1268425886
L6/3e/4f.zst 0,0,1904855589,556228358,566521689,1267361660
L6/3e/51.zst 0,0,48847,2272369804,545697295,1476851350
L6/3e/52.zst 0,0,16777216,4278190080,0,0
L6/3e/50.zst 0,0,518195,2267014156,546176965,1481257980
L6/3e/55.zst 0,0,7856763,2531242117,505785856,1250082560
L6/3e/54.zst 0,0,9490372,2902735932,427716608,955024384
L6/3e/4a.zst 0,0,1904910708,555150330,566030023,1268876235
L6/3e/56.zst 0,0,1667100584,495948078,535756717,1596161917
L6/3e/49.zst 0,0,1904914328,555121191,565996542,1268935235
L6/3e/4d.zst 0,0,1904905076,555262660,566139356,1268660204
L6/3e/59.zst 0,0,0,0,0,4294967296
L6/3e/5a.zst 0,0,0,0,0,4294967296
L6/3e/58.zst 0,0,0,0,0,4294967296
L6/3e/5d.zst 0,0,0,0,0,4294967296
L6/3e/60.zst 0,0,1667016663,474368252,533498972,1620083409
L6/3e/61.zst 0,0,1667793387,455208795,531032707,1640932407
L6/3e/64.zst 0,0,1667721919,459863558,531799276,1635582543
L6/3e/65.zst 0,0,1667820040,458914908,530705343,1637527005
L6/3e/62.zst 0,0,1667633315,467564112,531999816,1627770053
L6/3e/66.zst 0,0,1667738101,500924039,530720634,1595584522
L6/3e/5b.zst 0,0,0,0,0,4294967296
L6/3e/68.zst 0,0,1676214342,514829252,541879885,1562043817
L6/3e/5e.zst 0,0,0,0,0,4294967296
L6/3e/5f.zst 0,0,0,0,0,4294967296
L6/3e/69.zst 0,0,1676218107,519474047,543488706,1555786436
L6/3e/6b.zst 0,0,1667762129,541617823,549036119,1536551225
L6/3e/6e.zst 0,0,1667753250,545296850,549011794,1532905402
L6/3e/6a.zst 0,0,1667812836,541075434,549291436,1536787590
L6/3e/71.zst 0,0,4294967296,0,0,0
L6/3e/72.zst 0,0,1676027650,544933012,550290022,1523716612
L6/3e/74.zst 0,0,2383585187,465530697,444886057,1000965355
L6/3e/76.zst 0,0,4294967296,0,0,0
L6/3e/6c.zst 0,0,1667807768,543012342,549128829,1535018357
L6/3e/78.zst 0,0,1676027294,544770847,550167596,1524001559
L6/3e/77.zst 0,0,4294967296,0,0,0
L6/3e/6f.zst 0,0,1667816619,550133113,549927603,1527089961
L6/3e/75.zst 0,0,3031481960,399469036,285891269,578125031
L6/3e/7a.zst 0,0,2382415470,466447302,444913974,1001190550
L6/3e/70.zst 0,0,4294967296,0,0,0
L6/3e/7c.zst 0,0,4294967296,0,0,0
L6/3e/7d.zst 0,0,4294967296,0,0,0
L6/3e/81.zst 0,0,1676313663,541688545,549750025,1527215063
L6/3e/80.zst 0,0,1672435191,545243467,549926247,1527362391
L6/3e/84.zst 0,0,1669344013,546836546,550145989,1528640748
L6/3e/85.zst 0,0,1672977451,542694887,550494055,1528800903
L6/3e/86.zst 0,0,1672285981,544930371,549963498,1527787446
L6/3e/89.zst 0,0,1667387675,549967804,549449601,1528162216
L6/3e/8a.zst 0,0,1669340081,545490379,550120732,1530016104
L6/3e/7b.zst 0,0,3031482124,399468038,285890770,578126364
L6/3e/7f.zst 0,0,1929074195,540300921,519635369,1305956811
L6/3e/8b.zst 0,0,1672978239,540195817,550387612,1531405628
L6/3e/88.zst 0,0,1667824234,549675366,549415933,1528051763
L6/3e/8c.zst 0,0,1672274334,542224526,549785438,1530682998
L6/3e/82.zst 0,0,1667822805,550554133,549521937,1527068421
L6/3e/8e.zst 0,0,1667811317,539479361,546413785,1541262833
L6/3e/91.zst 0,0,13236930,2005428907,568045120,1708256339
L6/3e/93.zst 0,0,14762255,2024025592,556497011,1699682438
L6/3e/97.zst 0,0,1674693848,512715380,542409295,1565148773
L6/3e/96.zst 0,0,1674620935,516943769,543440122,1559962470
L6/3e/92.zst 0,0,13462144,2005203693,568045120,1708256339
L6/3e/98.zst 0,0,0,0,0,4294967296
L6/3e/8f.zst 0,0,1667347308,536293316,545068500,1546258172
L6/3e/9a.zst 0,0,0,0,0,4294967296
L6/3e/90.zst 0,0,13894738,2182663132,545115178,1553294248
L6/3e/9b.zst 0,0,0,0,0,4294967296
L6/3e/9d.zst 0,0,0,0,0,4294967296
L6/3e/9c.zst 0,0,0,0,0,4294967296
L6/3e/95.zst 0,0,15554167,2035968298,552946591,1690498240
L6/3e/a0.zst 0,0,13926460,2152391710,530921913,1597727213
L6/3e/a2.zst 0,0,13410175,1930343197,513131743,1838082181
L6/3e/a3.zst 0,0,14503904,1973795900,498210206,1808457286
L6/3e/a7.zst 0,0,1666312542,477886090,524010365,1626758299
L6/3e/a8.zst 0,0,0,0,0,4294967296
L6/3e/a9.zst 0,0,0,0,0,4294967296
L6/3e/a5.zst 0,0,15694647,1999847724,488396148,1791028777
L6/3e/ab.zst 0,0,0,0,0,4294967296
L6/3e/9f.zst 0,0,0,0,0,4294967296
L6/3e/a1.zst 0,0,13236946,2152897681,530509651,1598323018
L6/3e/ac.zst 0,0,0,0,0,4294967296
L6/3e/ad.zst 0,0,0,0,0,4294967296
L6/3e/b0.zst 0,0,1675696835,513875235,541797588,1563597638
L6/3e/a6.zst 0,0,1666267666,481016616,524751730,1622931284
L6/3e/b3.zst 0,0,1675000604,474826378,541994114,1603146200
L6/3e/ae.zst 0,0,0,0,0,4294967296
L6/3e/b4.zst 0,0,1674950616,476787990,540760075,1602468615
L6/3e/b6.zst 0,0,1674951691,468557141,537840985,1613617479
L6/3e/b8.zst 0,0,1675770445,515578333,542040470,1561578048
L6/3e/ba.zst 0,0,1675529977,501545097,560391477,1557500745
L6/3e/bc.zst 0,0,1675532657,499039439,549265457,1571129743
L6/3e/b1.zst 0,0,1674876040,453995528,540292881,1625802847
L6/3e/b9.zst 0,0,1674911723,458507723,541898004,1619649846
L6/3e/b2.zst 0,0,1674998195,480357395,552706127,1586905579
L6/3e/bd.zst 0,0,1675474979,443313464,528038418,1648140435
L6/3e/be.zst 0,0,1675483847,491649976,545760397,1582073076
L6/3e/c0.zst 0,0,1674995760,512263505,563386633,1544321398
L6/3e/b7.zst 0,0,1675073223,510391497,541756428,1567746148
L6/3e/c4.zst 0,0,1676237168,491290622,556331695,1571107811
L6/3e/c5.zst 0,0,1676358197,490341011,557660031,1570608057
L6/3e/c7.zst 0,0,1676254689,520777621,569358362,1528576624
L6/3e/c2.zst 0,0,1675419158,497911565,554365554,1567271019
L6/3e/c9.zst 0,0,1676284634,520264859,569486405,1528931398
L6/3e/ca.zst 0,0,1676279108,520264860,569490892,1528932436
L6/3e/cc.zst 0,0,1676328948,519636046,570247723,1528754579
L6/3e/c1.zst 0,0,1675486197,502279755,554167488,1563033856
L6/3e/cf.zst 0,0,1676268469,515877336,574225891,1528595600
L6/3e/ce.zst 0,0,1676268396,519488396,570538662,1528671842
L6/3e/cd.zst 0,0,1676284477,519476180,570294296,1528912343
L6/3e/c3.zst 0,0,1675923043,492584082,554174391,1572285780
L6/3e/d1.zst 0,0,0,0,2766489248,1528478048
L6/3e/c8.zst 0,0,1676290826,520326535,569391279,1528958656
L6/3e/d3.zst 0,0,0,0,2766510160,1528457136
L6/3e/d4.zst 0,0,0,0,2766398428,1528568868
L6/3e/d8.zst 0,0,0,0,2766196139,1528771157
L6/3e/d5.zst 0,0,0,0,2766435518,1528531778
L6/3e/da.zst 0,0,0,0,2766175154,1528792142
L6/3e/db.zst 0,0,0,0,2766156344,1528810952
L6/3e/dd.zst 0,0,0,0,2766170560,1528796736
L6/3e/d2.zst 0,0,0,0,2766426233,1528541063
L6/3e/df.zst 0,0,0,0,2766529459,1528437837
L6/3e/e0.zst 0,0,159896622,2026372501,578568610,1530129563
L6/3e/e2.zst 0,0,236972479,1667359178,610331208,1780304431
L6/3e/d7.zst 0,0,0,0,2766113308,1528853988
L6/3e/de.zst 0,0,0,0,2766244586,1528722710
L6/3e/e4.zst 0,0,267280174,1694094835,578947954,1754644333
L6/3e/d9.zst 0,0,0,0,2766366352,1528600944
L6/3e/e7.zst 0,0,1674648838,495838136,537482892,1586997430
L6/3e/e6.zst 0,0,1674655215,499229304,538337120,1582745657
L6/3e/ea.zst 0,0,0,0,0,4294967296
L6/3e/ed.zst 0,0,0,0,0,4294967296
L6/3e/e9.zst 0,0,0,0,0,4294967296
L6/3e/ee.zst 0,0,0,0,0,4294967296
L6/3e/e3.zst 0,0,262608352,1679205183,588140413,1765013348
L6/3e/ef.zst 0,0,0,0,0,4294967296
L6/3e/f1.zst 0,0,4294967296,0,0,0
L6/3e/f2.zst 0,0,4294967296,0,0,0
L6/3e/f3.zst 0,0,4294967296,0,0,0
L6/3e/f6.zst 0,0,4294967296,0,0,0
L6/3e/e8.zst 0,0,0,0,0,4294967296
L6/3e/f7.zst 0,0,4294967296,0,0,0
L6/3e/eb.zst 0,0,0,0,0,4294967296
L6/3e/f9.zst 0,0,4294967296,0,0,0
L6/3e/fa.zst 0,0,4294967296,0,0,0
L6/3e/fb.zst 0,0,4294967296,0,0,0
L6/3e/fd.zst 0,0,4294967296,0,0,0
L6/3e/f4.zst 0,0,4294967296,0,0,0
L6/3f/02.zst 0,0,1667954787,552929295,549906624,1524176590
L6/3f/04.zst 0,0,1667952511,552719722,549904659,1524390404
L6/3f/03.zst 0,0,1667950747,552785954,549828570,1524402025
L6/3f/01.zst 0,0,1667963810,553108667,549914344,1523980475
L6/3f/08.zst 0,0,1667959907,552572936,549850509,1524583944
L6/3f/09.zst 0,0,1667953217,552523165,549837340,1524653574
L6/3f/07.zst 0,0,1667951893,552656233,549919075,1524440095
L6/3e/ff.zst 0,0,4294967296,0,0,0
L6/3e/fc.zst 0,0,4294967296,0,0,0
L6/3f/0c.zst 0,0,1667951342,552578713,549833806,1524603435
L6/3f/0d.zst 0,0,1667950389,552580417,549825790,1524610700
L6/3f/05.zst 0,0,1667951365,552666181,549885000,1524464750
L6/3f/0e.zst 0,0,1667969033,552679820,549863870,1524454573
L6/3f/0a.zst 0,0,1667959482,552548223,549871334,1524588257
L6/3f/12.zst 0,0,1668512866,527054124,542004332,1557395974
L6/3f/13.zst 0,0,1668477331,526678093,541905296,1557906576
L6/3f/15.zst 0,0,1668454211,526102607,541892886,1558517592
L6/3f/18.zst 0,0,1676917832,539947966,552952564,1525148934
L6/3f/19.zst 0,0,1676888716,539641374,552966222,1525470984
L6/3f/1a.zst 0,0,1669448166,543439288,553789569,1528290273
L6/3f/16.zst 0,0,1668454490,525957420,541810877,1558744509
L6/3f/0f.zst 0,0,1668616625,552579458,549926186,1523845027
L6/3f/10.zst 0,0,1897223551,544423402,555262204,1298058139
L6/3f/1c.zst 0,0,1669329688,543341016,553909508,1528387084
L6/3f/1d.zst 0,0,1669259119,541753236,555553873,1528401068
L6/3f/14.zst 0,0,1668503809,526807109,542063792,1557592586
L6/3f/1e.zst 0,0,1676343616,540386111,553702021,1524535548
L6/3f/23.zst 0,0,1667420336,525627274,574019582,1527900104
L6/3f/24.zst 0,0,1667786221,525121964,572859842,1529199269
L6/3f/1f.zst 0,0,1669585142,546279849,553988868,1525113437
L6/3f/26.zst 0,0,1667820410,528113770,573204027,1525829089
L6/3f/28.zst 0,0,1667853644,529197823,573362302,1524553527
L6/3f/29.zst 0,0,1667787445,527010078,573355589,1526814184
L6/3f/20.zst 0,0,1667810456,528042288,573147197,1525967355
L6/3f/2b.zst 0,0,1667863742,530959735,573707927,1522435892
L6/3f/21.zst 0,0,1667428702,525742008,573016785,1528779801
L6/3f/2c.zst 0,0,1667835666,531313342,573957520,1521860768
L6/3f/2e.zst 0,0,1667886821,536404162,574273853,1516402460
L6/3f/25.zst 0,0,1667456495,525420639,574595003,1527495159
L6/3f/2a.zst 0,0,1667831415,530028713,574095588,1523011580
L6/3f/30.zst 0,0,1676313571,541780836,550971024,1525901865
L6/3f/32.zst 0,0,1675456449,449285275,530532591,1639692981
L6/3f/34.zst 0,0,1675447254,444533863,531526326,1643459853
L6/3f/37.zst 0,0,1675408246,439656896,531551071,1648351083
L6/3f/38.zst 0,0,1675416451,441322079,532402950,1645825816
L6/3f/36.zst 0,0,1675429224,442222103,531302418,1646013551
L6/3f/3a.zst 0,0,1675535159,484965033,556355524,1578111580
L6/3f/2f.zst 0,0,1814216181,525845365,581249643,1373656107
L6/3f/31.zst 0,0,1675440636,540402224,550941502,1528182934
L6/3f/3b.zst 0,0,1675473021,481132747,559190557,1579170971
L6/3f/3c.zst 0,0,1675428115,475348254,553484182,1590706745
L6/3f/3f.zst 0,0,1675693559,468824856,549316621,1601132260
L6/3f/35.zst 0,0,1675408700,443116909,530675574,1645766113
L6/3f/3d.zst 0,0,1675420395,474455353,551445234,1593646314
L6/3f/43.zst 0,0,1689472975,515115739,553460539,1536918043
L6/3f/42.zst 0,0,1689717394,517866851,553824339,1533558712
L6/3f/45.zst 0,0,1689857133,511764431,553449012,1539896720
L6/3f/48.zst 0,0,1904920960,555396866,566272615,1268376855
L6/3f/49.zst 0,0,1904911588,555332570,566260609,1268462529
L6/3f/4b.zst 0,0,1904913431,555653314,566395231,1268005320
L6/3f/47.zst 0,0,1899653668,554793580,564760813,1275759235
L6/3f/40.zst 0,0,1689350487,521935898,552869458,1530811453
L6/3f/4c.zst 0,0,1904912221,555593784,566363820,1268097471
L6/3f/41.zst 0,0,1689247149,527509310,553473163,1524737674
L6/3f/4d.zst 0,0,1904905049,555500369,566405878,1268156000
L6/3f/4f.zst 0,0,1904855991,556074447,566631749,1267405109
L6/3f/46.zst 0,0,1899655976,555647014,564822219,1274842087
L6/3f/52.zst 0,0,16777216,4278190080,0,0
L6/3f/50.zst 0,0,26155,2268372499,545935775,1480632867
L6/3f/55.zst 0,0,7856740,2531680156,505306368,1250124032
L6/3f/56.zst 0,0,1667120187,497858257,534962576,1595026276
L6/3f/59.zst 0,0,0,0,0,4294967296
L6/3f/5c.zst 0,0,0,0,0,4294967296
L6/3f/5b.zst 0,0,0,0,0,4294967296
L6/3f/51.zst 0,0,51632,2273007511,545870925,1476037228
L6/3f/53.zst 0,0,12198702,3452360914,275937792,554469888
L6/3f/5a.zst 0,0,0,0,0,4294967296
L6/3f/5e.zst 0,0,0,0,0,4294967296
L6/3f/5f.zst 0,0,0,0,0,4294967296
L6/3f/60.zst 0,0,1667011311,474494265,533923256,1619538464
L6/3f/57.zst 0,0,1667168293,494566916,534597610,1598634477
L6/3f/65.zst 0,0,1667768431,460093668,531096357,1636008840
L6/3f/66.zst 0,0,1667761536,503139817,531362762,1592703181
L6/3f/63.zst 0,0,1667665511,461294394,532416733,1633590658
L6/3f/67.zst 0,0,1667809354,503429710,531506384,1592221848
L6/3f/6a.zst 0,0,1667841173,542840882,549965779,1534319462
L6/3f/6b.zst 0,0,1667792645,543432813,549684391,1534057447
L6/3f/6d.zst 0,0,1667839898,545785798,549104767,1532236833
L6/3f/61.zst 0,0,1670380432,461383664,530243030,1632960170
L6/3f/6f.zst 0,0,1667841762,551953876,550418494,1524753164
L6/3f/62.zst 0,0,1667607669,463258133,533200214,1630901280
L6/3f/6c.zst 0,0,1667841165,544748163,549678786,1532699182
L6/3f/70.zst 0,0,4294967296,0,0,0
L6/3f/68.zst 0,0,1676236359,516634004,542411567,1559685366
L6/3f/71.zst 0,0,4294967296,0,0,0
L6/3f/73.zst 0,0,1929143400,547910985,518981425,1298931486
L6/3f/77.zst 0,0,4294967296,0,0,0
L6/3f/79.zst 0,0,1929144674,547777433,518896024,1299149165
L6/3f/7a.zst 0,0,2383983049,466400844,445000200,999583203
L6/3f/76.zst 0,0,4294967296,0,0,0
L6/3f/7c.zst 0,0,4294967296,0,0,0
L6/3f/7e.zst 0,0,1676090078,545662492,550917363,1522297363
L6/3f/7d.zst 0,0,4294967296,0,0,0
L6/3f/72.zst 0,0,1676088156,546611189,550850540,1521417411
L6/3f/81.zst 0,0,1676454164,543304913,550322448,1524885771
L6/3f/75.zst 0,0,3031507833,399500918,285987208,577971337
L6/3f/82.zst 0,0,1667845116,552340987,550056048,1524725145
L6/3f/78.zst 0,0,1676086380,546444744,550695838,1521740334
L6/3f/83.zst 0,0,1667596194,552719394,550010049,1524641659
L6/3f/80.zst 0,0,1672568086,546958155,550601071,1524839984
L6/3f/86.zst 0,0,1672463482,546551025,550573738,1525379051
L6/3f/88.zst 0,0,1667845138,551397878,549994260,1525730020
L6/3f/8a.zst 0,0,1669742196,546949621,550575341,1527700138
L6/3f/8d.zst 0,0,1676459361,532490721,547377370,1538639844
L6/3f/8e.zst 0,0,1667840406,541253460,547009586,1538863844
L6/3f/8b.zst 0,0,1673328534,541790985,550959045,1528888732
L6/3f/8f.zst 0,0,1667684116,537817140,545595292,1543870748
L6/3f/91.zst 0,0,13237567,2007383678,568818672,1705527379
L6/3f/92.zst 0,0,13498788,2007122457,568818672,1705527379
L6/3f/84.zst 0,0,1669750061,548469634,550646635,1526100966
L6/3f/94.zst 0,0,15019743,2039669005,550670728,1689607820
L6/3f/89.zst 0,0,1667592626,551682971,549982505,1525709194
L6/3f/87.zst 0,0,1676467587,542956865,550275957,1525266887
L6/3f/93.zst 0,0,14766253,2026362274,557607552,1696231217
L6/3f/96.zst 0,0,1674639714,518662757,544095422,1557569403
L6/3f/97.zst 0,0,1674638836,514414403,543244863,1562669194
L6/3f/99.zst 0,0,0,0,0,4294967296
L6/3f/9e.zst 0,0,0,0,0,4294967296
L6/3f/9f.zst 0,0,0,0,0,4294967296
L6/3f/a1.zst 0,0,13237393,2154539510,531052472,1596137921
L6/3f/9d.zst 0,0,0,0,0,4294967296
L6/3f/a2.zst 0,0,13411046,1931045737,512297554,1838212959
L6/3f/a3.zst 0,0,14493383,1974872007,498186604,1807415302
L6/3f/98.zst 0,0,0,0,0,4294967296
L6/3f/9b.zst 0,0,0,0,0,4294967296
L6/3f/a5.zst 0,0,15697326,2001446592,488911746,1788911632
L6/3f/9c.zst 0,0,0,0,0,4294967296
L6/3f/a7.zst 0,0,1666332965,479526633,524643610,1624464088
L6/3f/a8.zst 0,0,0,0,0,4294967296
L6/3f/a6.zst 0,0,1666284562,482765651,525349766,1620567317
L6/3f/ac.zst 0,0,0,0,0,4294967296
L6/3f/af.zst 0,0,0,0,0,4294967296
L6/3f/ae.zst 0,0,0,0,0,4294967296
L6/3f/b2.zst 0,0,1674974312,474411347,549294299,1596287338
L6/3f/b3.zst 0,0,1675007295,472342135,538714475,1608903391
L6/3f/b4.zst 0,0,1674988722,493426281,546878307,1579673986
L6/3f/b0.zst 0,0,1675718032,515373909,542116901,1561758454
L6/3f/a9.zst 0,0,0,0,0,4294967296
L6/3f/ab.zst 0,0,0,0,0,4294967296
L6/3f/b6.zst 0,0,1674975032,477606613,541183447,1601202204
L6/3f/b7.zst 0,0,1675764705,517729668,542102313,1559370610
L6/3f/b8.zst 0,0,1675792093,517381313,542609524,1559184366
L6/3f/ad.zst 0,0,0,0,0,4294967296
L6/3f/bd.zst 0,0,1675577185,500990790,550514826,1567884495
L6/3f/be.zst 0,0,1675524757,500193500,548909282,1570339757
L6/3f/b9.zst 0,0,1674943304,458087011,542390101,1619546880
L6/3f/bf.zst 0,0,1676300108,541431107,550096666,1527139415
L6/3f/c3.zst 0,0,1675990393,494564426,557726945,1566685532
L6/3f/c5.zst 0,0,1676336211,490975700,557792193,1569863192
L6/3f/c2.zst 0,0,1675178019,498203333,558519150,1563066794
L6/3f/ba.zst 0,0,1675519090,494601740,556728127,1568118339
L6/3f/bb.zst 0,0,1675539656,494450150,547015698,1577961792
L6/3f/c7.zst 0,0,1676318325,522658084,569947988,1526042899
L6/3f/c8.zst 0,0,1676299546,522276428,569955442,1526435880
L6/3f/c4.zst 0,0,1676253179,493747447,557827364,1567139306
L6/3f/c0.zst 0,0,1674937461,507825486,564006311,1548198038
L6/3f/c9.zst 0,0,1676297849,521962312,569997744,1526709391
L6/3f/cd.zst 0,0,1676301344,521279170,570903947,1526482835
L6/3f/ce.zst 0,0,1676345465,520922343,571067477,1526632011
L6/3f/d1.zst 0,0,0,0,2768775896,1526191400
L6/3f/cf.zst 0,0,1676294724,517627963,574746597,1526298012
L6/3f/d3.zst 0,0,0,0,2768754080,1526213216
L6/3f/d4.zst 0,0,0,0,2768538516,1526428780
L6/3f/d5.zst 0,0,0,0,2768662780,1526304516
L6/3f/ca.zst 0,0,1676299172,521992695,570116136,1526559293
L6/3f/cb.zst 0,0,1676304682,521412714,570889069,1526360831
L6/3f/d8.zst 0,0,0,0,2768493631,1526473665
L6/3f/d9.zst 0,0,0,0,2768605210,1526362086
L6/3f/d0.zst 0,0,0,0,2768867747,1526099549
L6/3f/da.zst 0,0,0,0,2768497361,1526469935
L6/3f/d7.zst 0,0,0,0,2768542935,1526424361
L6/3f/de.zst 0,0,0,0,2768431854,1526535442
L6/3f/df.zst 0,0,0,0,2768599576,1526367720
L6/3f/e1.zst 0,0,14224002,2207655668,550070377,1523017249
L6/3f/e4.zst 0,0,267712087,1695329736,579339550,1752585923
L6/3f/e5.zst 0,0,276388172,1688654301,577626619,1752298204
L6/3f/e2.zst 0,0,237387214,1668628991,610793281,1778157810
L6/3f/e6.zst 0,0,1674670581,500818920,538852540,1580625255
L6/3f/dc.zst 0,0,0,0,2768301460,1526665836
L6/3f/db.zst 0,0,0,0,2768615734,1526351562
L6/3f/e8.zst 0,0,0,0,0,4294967296
L6/3f/e9.zst 0,0,0,0,0,4294967296
L6/3f/e0.zst 0,0,156732430,2032483343,579189503,1526562020
L6/3f/eb.zst 0,0,0,0,0,4294967296
L6/3f/f0.zst 0,0,4294967296,0,0,0
L6/3f/ef.zst 0,0,0,0,0,4294967296
L6/3f/ea.zst 0,0,0,0,0,4294967296
L6/3f/f4.zst 0,0,4294967296,0,0,0
L6/3f/f2.zst 0,0,4294967296,0,0,0
L6/3f/f5.zst 0,0,4294967296,0,0,0
L6/3f/f6.zst 0,0,4294967296,0,0,0
L6/3f/f8.zst 0,0,4294967296,0,0,0
L6/3f/fa.zst 0,0,4294967296,0,0,0
L6/3f/f9.zst 0,0,4294967296,0,0,0
L6/3f/f1.zst 0,0,4294967296,0,0,0
L6/3f/ec.zst 0,0,0,0,0,4294967296
L6/3f/ed.zst 0,0,0,0,0,4294967296
L6/3f/fc.zst 0,0,4294967296,0,0,0
L6/3f/fd.zst 0,0,4294967296,0,0,0
L6/3f/ff.zst 0,0,4294967296,0,0,0
L6/40/00.zst 0,0,1684202154,541006881,554375574,1515382687
L6/40/06.zst 0,0,1680657441,539526568,553810556,1520972731
L6/40/07.zst 0,0,1680652246,539472032,553813887,1521029131
L6/40/08.zst 0,0,1680838109,539258009,553790385,1521080793
L6/40/05.zst 0,0,1680621679,539462873,553797547,1521085197
L6/40/0a.zst 0,0,1680655756,539381399,553777768,1521152373
L6/40/0b.zst 0,0,1680644340,539339503,553777160,1521206293
L6/40/02.zst 0,0,1680796629,539495463,553829055,1520846149
L6/40/01.zst 0,0,1680817931,539778967,553816013,1520554385
L6/40/0c.zst 0,0,1680651317,539368729,553766247,1521181003
L6/40/03.zst 0,0,1680615540,539577638,553830177,1520943941
L6/40/0f.zst 0,0,1680639727,539239947,553713937,1521373685
L6/40/10.zst 0,0,1897421685,545943493,555388909,1296213209
L6/40/0e.zst 0,0,1680647006,539386737,553771512,1521162041
L6/40/13.zst 0,0,1668598632,528594426,542295244,1555478994
L6/40/17.zst 0,0,1668612116,528305028,542379207,1555670945
L6/40/16.zst 0,0,1668587150,528276362,542045277,1556058507
L6/40/1a.zst 0,0,1669567814,545223718,553658708,1526517056
L6/40/1b.zst 0,0,1669506933,543481267,553569477,1528409619
L6/40/1c.zst 0,0,1669461814,545293346,553980577,1526231559
L6/40/18.zst 0,0,1677224455,541706007,553095579,1522941255
L6/40/11.zst 0,0,1668862007,529303534,542221993,1554579762
L6/40/1e.zst 0,0,1676431726,542538242,553686616,1522310712
L6/40/12.zst 0,0,1668811609,529061029,542241235,1554853423
L6/40/15.zst 0,0,1668580039,528044805,542105867,1556236585
L6/40/1f.zst 0,0,1669601790,548481308,554178674,1522705524
L6/40/20.zst 0,0,1680690360,514451098,577184254,1522641584
L6/40/24.zst 0,0,1668137698,518912154,575660202,1532257242
L6/40/27.zst 0,0,1667994883,520317310,577668835,1528986268
L6/40/28.zst 0,0,1668399339,522263521,576650354,1527654082
L6/40/21.zst 0,0,1668183989,522494125,576732734,1527556448
L6/40/2b.zst 0,0,1667884132,517789099,576821934,1532472131
L6/40/2c.zst 0,0,1667498545,518777565,575552837,1533138349
L6/40/2a.zst 0,0,1667906782,520952540,576154839,1529953135
L6/40/22.zst 0,0,1668298740,519718737,575891706,1531058113
L6/40/2f.zst 0,0,1667680334,515885514,575839422,1535562026
L6/40/2d.zst 0,0,1667784058,515701806,576314714,1535166718
L6/40/30.zst 0,0,1689674611,528435379,554594188,1522263118
L6/40/25.zst 0,0,1668077501,516059644,574809973,1536020178
L6/40/26.zst 0,0,1668075239,522283792,577669285,1526938980
L6/40/31.zst 0,0,1678872909,535557622,553328464,1527208301
L6/40/34.zst 0,0,1678470436,536448033,553557639,1526491188
L6/40/36.zst 0,0,1678705166,532973345,554288739,1529000046
L6/40/39.zst 0,0,1678634711,532620538,554544658,1529167389
L6/40/35.zst 0,0,1678682932,531682374,554333612,1530268378
L6/40/3b.zst 0,0,1678631625,531434728,553863334,1531037609
L6/40/3c.zst 0,0,1678648138,534306088,554719847,1527293223
L6/40/3d.zst 0,0,1678496895,533101698,553165789,1530202914
L6/40/32.zst 0,0,1678834712,536080715,553707914,1526343955
L6/40/40.zst 0,0,1702817521,516758872,553946156,1521444747
L6/40/41.zst 0,0,1689518788,529658408,553553812,1522236288
L6/40/37.zst 0,0,1678622440,533411394,553197520,1529735942
L6/40/38.zst 0,0,1688845280,526670767,553655779,1525795470
L6/40/42.zst 0,0,1689655864,522289590,554699681,1528322161
L6/40/3e.zst 0,0,1678491312,536146571,553549540,1526779873
L6/40/45.zst 0,0,1690042274,516175840,554078571,1534670611
L6/40/46.zst 0,0,1899829982,557938534,565108299,1272090481
L6/40/49.zst 0,0,1905087227,559398814,566274204,1264207051
L6/40/4c.zst 0,0,1905083673,559666093,566358196,1263859334
L6/40/4d.zst 0,0,1905075446,559736249,566397640,1263757961
L6/40/4a.zst 0,0,1905083881,559516766,566297556,1264069093
L6/40/4e.zst 0,0,1905077267,559819002,566403546,1263667481
L6/40/43.zst 0,0,1689700077,519547196,554292975,1531427048
L6/40/50.zst 0,0,1627147324,554394201,545475480,1567950291
L6/40/51.zst 0,0,62112,2219514281,553946156,1521444747
L6/40/53.zst 0,0,7969768,2446893592,508992000,1331111936
L6/40/47.zst 0,0,1899824646,558229761,565115416,1271797473
L6/40/48.zst 0,0,1905094542,559340220,566258845,1264273689
L6/40/55.zst 0,0,7977039,2431418289,520403456,1335168512
L6/40/57.zst 0,0,1679802350,488757940,535963394,1590443612
L6/40/52.zst 0,0,8063638,2479341162,503731712,1303830784
L6/40/58.zst 0,0,0,0,0,4294967296
L6/40/5b.zst 0,0,0,0,0,4294967296
L6/40/5d.zst 0,0,0,0,0,4294967296
L6/40/5f.zst 0,0,0,0,0,4294967296
L6/40/54.zst 0,0,7940771,2437992029,511664640,1337369856
L6/40/60.zst 0,0,1667571339,491974759,535302126,1600119072
L6/40/5e.zst 0,0,0,0,0,4294967296
L6/40/62.zst 0,0,1667773206,475351010,539365728,1612477352
L6/40/63.zst 0,0,1668680645,469758326,538567573,1617960752
L6/40/59.zst 0,0,0,0,0,4294967296
L6/40/5a.zst 0,0,0,0,0,4294967296
L6/40/65.zst 0,0,1668821575,467389517,537611032,1621145172
L6/40/68.zst 0,0,1688983040,502395433,546133214,1557455609
L6/40/69.zst 0,0,1688976115,507154350,547774150,1551062681
L6/40/66.zst 0,0,1679712173,488695120,535074940,1591485063
L6/40/6c.zst 0,0,1680494235,531346586,553807160,1529319315
L6/40/6e.zst 0,0,1680442814,533289778,553640765,1527593939
L6/40/6f.zst 0,0,1680572003,538845104,554272592,1521277597
L6/40/64.zst 0,0,1668966835,467380409,537976182,1620643870
L6/40/71.zst 0,0,4294967296,0,0,0
L6/40/73.zst 0,0,1944470210,532481002,520594653,1297421431
L6/40/70.zst 0,0,4294967296,0,0,0
L6/40/6b.zst 0,0,1680442669,529886289,553628236,1531010102
L6/40/6a.zst 0,0,1680493208,529317653,553806095,1531350340
L6/40/74.zst 0,0,2402835394,444449331,445521788,1002160783
L6/40/76.zst 0,0,4294967296,0,0,0
L6/40/78.zst 0,0,1688970440,533655191,554656085,1517685580
L6/40/7c.zst 0,0,4294967296,0,0,0
L6/40/7d.zst 0,0,4294967296,0,0,0
L6/40/7e.zst 0,0,1688974097,532758384,554588947,1518645868
L6/40/79.zst 0,0,1944466841,532543295,520580647,1297376513
L6/40/80.zst 0,0,1684420334,535166977,554250827,1521129158
L6/40/81.zst 0,0,1688105789,531124126,554130402,1521606979
L6/40/82.zst 0,0,1680560718,539141585,553873334,1521391659
L6/40/75.zst 0,0,3048721378,375494701,287812733,582938484
L6/40/85.zst 0,0,1685733163,531359529,554855302,1523019302
L6/40/86.zst 0,0,1684099361,534786499,554327486,1521753950
L6/40/87.zst 0,0,1688083790,530623993,554181370,1522078143
L6/40/7a.zst 0,0,2402835852,444401149,445523664,1002206631
L6/40/84.zst 0,0,1682485021,535220226,554528057,1522733992
L6/40/7b.zst 0,0,3048721313,375496926,287814070,582934987
L6/40/8a.zst 0,0,1682536014,533475620,554563241,1524392421
L6/40/8b.zst 0,0,1685795642,528823540,554766161,1525581953
L6/40/8c.zst 0,0,1684102941,531336358,554102939,1525425058
L6/40/8e.zst 0,0,1680557461,526986809,550811951,1536611075
L6/40/92.zst 0,0,13627598,1971307249,569728735,1740303714
L6/40/93.zst 0,0,14888652,2004959069,560002530,1715117045
L6/40/91.zst 0,0,13408044,1971526803,569728735,1740303714
L6/40/89.zst 0,0,1680017270,538658721,553948120,1522343185
L6/40/96.zst 0,0,1687206627,503133242,548998641,1555628786
L6/40/97.zst 0,0,1687202762,498993302,548010170,1560761062
L6/40/98.zst 0,0,0,0,0,4294967296
L6/40/8d.zst 0,0,1688082716,519311272,551149415,1536423893
L6/40/8f.zst 0,0,1680071949,523745488,549347658,1541802201
L6/40/95.zst 0,0,15709889,2029670877,558796301,1690790229
L6/40/9b.zst 0,0,0,0,0,4294967296
L6/40/9c.zst 0,0,0,0,0,4294967296
L6/40/9d.zst 0,0,0,0,0,4294967296
L6/40/a2.zst 0,0,13554273,1928883064,512712010,1839817949
L6/40/a3.zst 0,0,14618034,1968575913,499000517,1812772832
L6/40/a4.zst 0,0,15192620,1995564579,494579121,1789630976
L6/40/9a.zst 0,0,0,0,0,4294967296
L6/40/a1.zst 0,0,13371476,2140507091,533861987,1607226742
L6/40/a6.zst 0,0,1678730222,466591592,529070497,1620574985
L6/40/a7.zst 0,0,1678778796,463473951,528367586,1624346963
L6/40/a8.zst 0,0,0,0,0,4294967296
L6/40/9e.zst 0,0,0,0,0,4294967296
L6/40/a0.zst 0,0,24317697,2125377432,533247308,1612024859
L6/40/ac.zst 0,0,0,0,0,4294967296
L6/40/ad.zst 0,0,0,0,0,4294967296
L6/40/ae.zst 0,0,0,0,0,4294967296
L6/40/ab.zst 0,0,0,0,0,4294967296
L6/40/b2.zst 0,0,1676729709,513720914,545948989,1558567684
L6/40/b3.zst 0,0,1676686163,512246284,545481660,1560553189
L6/40/b4.zst 0,0,1677696313,511957209,545637532,1559676242
L6/40/aa.zst 0,0,0,0,0,4294967296
L6/40/b7.zst 0,0,1676912692,509852567,547662667,1560539370
L6/40/b5.zst 0,0,1676692873,511120627,545730052,1561423744
L6/40/b8.zst 0,0,1688444930,503862756,546398957,1556260653
L6/40/b9.zst 0,0,1675990102,516580879,548663793,1553732522
L6/40/af.zst 0,0,0,0,0,4294967296
L6/40/b1.zst 0,0,1675953291,511212104,546889740,1560912161
L6/40/bc.zst 0,0,1678237307,535125035,554192517,1527412437
L6/40/be.zst 0,0,1676427161,534862900,554951012,1528726223
L6/40/bf.zst 0,0,1677476364,533359171,556012640,1528119121
L6/40/bd.zst 0,0,1677222590,534025383,554406798,1529312525
L6/40/c3.zst 0,0,1678720540,519267784,554563053,1542415919
L6/40/c4.zst 0,0,1679128836,516448028,555303544,1544086888
L6/40/c5.zst 0,0,1679336705,514991318,554972758,1545666515
L6/40/bb.zst 0,0,1677214334,534855377,554168267,1528729318
L6/40/c8.zst 0,0,1689017230,508108783,575204055,1522637228
L6/40/c9.zst 0,0,1689014046,508034042,575250071,1522669137
L6/40/c1.zst 0,0,1677448944,531345100,556768863,1529404389
L6/40/c7.zst 0,0,1688300532,509091887,575456478,1522118399
L6/40/ca.zst 0,0,1689012366,507921080,575340491,1522693359
L6/40/c2.zst 0,0,1677156923,523572430,554100062,1540137881
L6/40/cd.zst 0,0,1689015993,507229990,576216940,1522504373
L6/40/ce.zst 0,0,1689016276,507072868,576347294,1522530858
L6/40/d2.zst 0,0,0,0,2772481057,1522486239
L6/40/d4.zst 0,0,0,0,2772198997,1522768299
L6/40/d5.zst 0,0,0,0,2772138380,1522828916
L6/40/d1.zst 0,0,0,0,2772542070,1522425226
L6/40/cc.zst 0,0,1689018056,507215138,576169812,1522564290
L6/40/d7.zst 0,0,0,0,2772420444,1522546852
L6/40/d8.zst 0,0,0,0,2771413579,1523553717
L6/40/d9.zst 0,0,0,0,2771265184,1523702112
L6/40/cf.zst 0,0,1689122491,503432875,580055267,1522356663
L6/40/de.zst 0,0,0,0,2770793797,1524173499
L6/40/dd.zst 0,0,0,0,2770949616,1524017680
L6/40/df.zst 0,0,0,0,2771014130,1523953166
L6/40/d3.zst 0,0,0,0,2772316423,1522650873
L6/40/da.zst 0,0,0,0,2770923449,1524043847
L6/40/e2.zst 0,0,238747388,1625740598,615559612,1814919698
L6/40/e3.zst 0,0,263585813,1647029324,592200367,1792151792
L6/40/e4.zst 0,0,268333764,1667568006,583040477,1776025049
L6/40/db.zst 0,0,0,0,2771145068,1523822228
L6/40/e8.zst 0,0,0,0,0,4294967296
L6/40/e9.zst 0,0,0,0,0,4294967296
L6/40/e6.zst 0,0,1687180675,485632826,541863625,1580290170
L6/40/ea.zst 0,0,0,0,0,4294967296
L6/40/ed.zst 0,0,0,0,0,4294967296
L6/40/f0.zst 0,0,4294967296,0,0,0
L6/40/ee.zst 0,0,0,0,0,4294967296
L6/40/e1.zst 0,0,14338155,2202584085,553307808,1524737248
L6/40/e5.zst 0,0,277155015,1665201398,581494921,1771115962
L6/40/f2.zst 0,0,4294967296,0,0,0
L6/40/ef.zst 0,0,0,0,0,4294967296
L6/40/f3.zst 0,0,4294967296,0,0,0
L6/40/f4.zst 0,0,4294967296,0,0,0
L6/40/f8.zst 0,0,4294967296,0,0,0
L6/40/fa.zst 0,0,4294967296,0,0,0
L6/40/f9.zst 0,0,4294967296,0,0,0
L6/40/eb.zst 0,0,0,0,0,4294967296
L6/40/fc.zst 0,0,4294967296,0,0,0
L6/40/fe.zst 0,0,4294967296,0,0,0
L6/40/ff.zst 0,0,4294967296,0,0,0
L6/40/f5.zst 0,0,4294967296,0,0,0
L6/41/02.zst 0,0,1680772091,541443615,553341796,1519409794
L6/40/f7.zst 0,0,4294967296,0,0,0
L6/41/04.zst 0,0,1680701514,540993678,553291869,1519980235
L6/41/05.zst 0,0,1680901037,540145293,553244140,1520676826
L6/41/00.zst 612590680,408512630,894538004,556420010,566667064,1256238908
L6/41/08.zst 0,0,1680821263,539313145,553084942,1521747946
L6/41/0a.zst 0,0,1680865844,538376628,552933233,1522791591
L6/41/0b.zst 0,0,1680749136,536512914,552732581,1524972665
L6/41/01.zst 0,0,1680721875,541937230,553309119,1518999072
L6/41/0e.zst 0,0,1680686096,539013944,553447876,1521819380
L6/41/0f.zst 0,0,1680662464,538623890,553364994,1522315948
L6/41/10.zst 0,0,1897267951,547409371,555756402,1294533572
L6/41/0c.zst 0,0,1680679111,538783294,553310980,1522193911
L6/41/06.zst 0,0,1680666107,539957162,553278617,1521065410
L6/41/09.zst 0,0,1680710535,538092043,552972991,1523191727
L6/41/14.zst 0,0,1668640321,528533881,542123167,1555669927
L6/41/13.zst 0,0,1668516395,528583087,542180386,1555687428
L6/41/15.zst 0,0,1668675022,527877999,542097739,1556316536
L6/41/1a.zst 0,0,1669614983,544813651,553661685,1526876977
L6/41/16.zst 0,0,1668507524,527875454,541990611,1556593707
L6/41/1b.zst 0,0,1669380392,542944272,553523878,1529118754
L6/41/1c.zst 0,0,1669330369,544742917,554045015,1526848995
L6/41/11.zst 0,0,1668580859,529243284,542178561,1554964592
L6/41/1e.zst 0,0,1676313529,542106742,553667174,1522879851
L6/41/20.zst 0,0,1680787753,513659177,577638311,1522882055
L6/41/21.zst 0,0,1667347902,523137047,577646445,1526835902
L6/41/17.zst 0,0,1668535866,527943192,542390700,1556097538
L6/41/1f.zst 0,0,1669484218,548344766,553914289,1523224023
L6/41/24.zst 0,0,1667609668,520690616,577120688,1529546324
L6/41/19.zst 0,0,1676887960,541070189,553182415,1523826732
L6/41/25.zst 0,0,1667488363,519131958,576631020,1531715955
L6/41/26.zst 0,0,1667485142,520100001,577058857,1530323296
L6/41/2a.zst 0,0,1667833522,520401850,578281130,1528450794
L6/41/2d.zst 0,0,1668031336,518478278,577781686,1530675996
L6/41/2c.zst 0,0,1667989699,521854823,576920365,1528202409
L6/41/28.zst 0,0,1667670963,522742258,576935796,1527618279
L6/41/22.zst 0,0,1667846682,522434261,577593916,1527092437
L6/41/2f.zst 0,0,1668279702,521614786,576440619,1528632189
L6/41/30.zst 0,0,1688535355,528664724,554421720,1523345497
L6/41/31.zst 0,0,1676321671,539733552,553898318,1525013755
L6/41/27.zst 0,0,1667481688,517568402,576039379,1533877827
L6/41/35.zst 0,0,1676118515,539308182,553695800,1525844799
L6/41/2b.zst 0,0,1668086622,519392858,578137472,1529350344
L6/41/36.zst 0,0,1675782555,539325268,553940781,1525918692
L6/41/32.zst 0,0,1676127252,539750702,553860077,1525229265
L6/41/37.zst 0,0,1676214922,539171096,553726197,1525855081
L6/41/3a.zst 0,0,1676174158,538397882,553594801,1526800455
L6/41/3c.zst 0,0,1675760079,538801277,553920277,1526485663
L6/41/3e.zst 0,0,1675674256,539486394,553608812,1526197834
L6/41/33.zst 0,0,1675868832,539262932,553895374,1525940158
L6/41/40.zst 0,0,1689743601,526261475,553843443,1525118777
L6/41/3d.zst 0,0,1676149854,538786243,553685647,1526345552
L6/41/41.zst 0,0,1702635296,516402025,553477613,1522452362
L6/41/42.zst 0,0,1689476429,521483038,554571974,1529435855
L6/41/44.zst 0,0,1689642276,515276519,554713429,1535335072
L6/41/38.zst 0,0,1675841254,539287218,553991978,1525846846
L6/41/47.zst 0,0,1899657989,559463171,565453732,1270392404
L6/41/3b.zst 0,0,1676114457,538247986,553618333,1526986520
L6/41/48.zst 0,0,1904927010,558294538,566994948,1264750800
L6/41/49.zst 0,0,1904919585,557900115,566019973,1266127623
L6/41/46.zst 0,0,1899671187,559307765,565466833,1270521511
L6/41/4c.zst 0,0,1904921958,557500407,565952247,1266592684
L6/41/4e.zst 0,0,1904912818,558221945,566117449,1265715084
L6/41/43.zst 0,0,1689634685,518323360,554194926,1532814325
L6/41/4f.zst 0,0,1904860546,558518934,566359959,1265227857
L6/41/52.zst 0,0,7977371,2453166181,502487296,1331336448
L6/41/51.zst 0,0,1623086529,545516723,542230939,1584133105
L6/41/53.zst 0,0,7754992,2406175248,512989440,1368047616
L6/41/55.zst 0,0,7838328,2400131464,493264640,1393732864
L6/41/4a.zst 0,0,1904920766,558336497,566084744,1265625289
L6/41/57.zst 0,0,1679039150,464961956,531695184,1619271006
L6/41/4d.zst 0,0,1904912130,558247189,566183899,1265624078
L6/41/59.zst 0,0,0,0,0,4294967296
L6/41/5a.zst 0,0,0,0,0,4294967296
L6/41/5d.zst 0,0,0,0,0,4294967296
L6/41/58.zst 0,0,0,0,0,4294967296
L6/41/60.zst 0,0,1667193874,417765954,512171255,1697836213
L6/41/5f.zst 0,0,0,0,0,4294967296
L6/41/54.zst 0,0,7700769,2404274655,500167424,1382824448
L6/41/62.zst 0,0,1667196803,468497989,533203520,1626068984
L6/41/64.zst 0,0,1667999086,458836644,536046462,1632085104
L6/41/65.zst 0,0,1667957570,459663498,536120457,1631225771
L6/41/5c.zst 0,0,0,0,0,4294967296
L6/41/68.zst 0,0,1688066165,490627808,546039428,1570233895
L6/41/63.zst 0,0,1667882086,466802311,537080499,1623202400
L6/41/69.zst 0,0,1688054122,494780305,547879843,1564253026
L6/41/5e.zst 0,0,0,0,0,4294967296
L6/41/6a.zst 0,0,1679639852,516471289,552847353,1546008802
L6/41/6d.zst 0,0,1679485442,517948956,554556237,1542976661
L6/41/6f.zst 0,0,1679566842,527576998,558949881,1528873575
L6/41/66.zst 0,0,1678943986,474155725,531899873,1609967712
L6/41/6e.zst 0,0,1679605561,523394253,554647181,1537320301
L6/41/71.zst 0,0,4294967296,0,0,0
L6/41/73.zst 0,0,1943447804,533328838,520166311,1298024343
L6/41/74.zst 0,0,2401428415,447971106,444857766,1000710009
L6/41/77.zst 0,0,4294967296,0,0,0
L6/41/79.zst 0,0,1943438907,533906595,518702638,1298919156
L6/41/6c.zst 0,0,1679581161,521952423,555338665,1538095047
L6/41/7a.zst 0,0,2401431365,447966122,444381555,1001188254
L6/41/76.zst 0,0,4294967296,0,0,0
L6/41/7c.zst 0,0,4294967296,0,0,0
L6/41/70.zst 0,0,4294967296,0,0,0
L6/41/7d.zst 0,0,4294967296,0,0,0
L6/41/7f.zst 0,0,1943696405,527671433,520961968,1302637490
L6/41/81.zst 0,0,1687190664,526470373,553845246,1527461013
L6/41/84.zst 0,0,1681762888,529852298,554339871,1529012239
L6/41/75.zst 0,0,3048716022,382786064,285746102,577719108
L6/41/80.zst 0,0,1684384233,531556054,554175746,1524851263
L6/41/85.zst 0,0,1684997934,523862523,554520438,1531586401
L6/41/86.zst 0,0,1683216819,526706269,555427896,1529616312
L6/41/88.zst 0,0,1679739818,531606430,553714118,1529906930
L6/41/7e.zst 0,0,1688002930,535524009,551328835,1520111522
L6/41/8b.zst 0,0,1685006266,518405667,553572923,1537982440
L6/41/8e.zst 0,0,1679536254,514656764,550436238,1550338040
L6/41/83.zst 0,0,1679108209,535078437,553871485,1526909165
L6/41/8a.zst 0,0,1681921534,523153840,553827707,1536064215
L6/41/8d.zst 0,0,1687094809,508703182,551666896,1547502409
L6/41/90.zst 0,0,14056269,2165995854,547463972,1567451201
L6/41/92.zst 0,0,13590832,1928276083,558174977,1794925404
L6/41/89.zst 0,0,1679052630,530081906,553005904,1532826856
L6/41/95.zst 0,0,15689781,1986990111,546953735,1745333669
L6/41/96.zst 0,0,1686341074,486459268,546010435,1576156519
L6/41/94.zst 0,0,15134978,1990525993,543378943,1745927382
L6/41/98.zst 0,0,0,0,0,4294967296
L6/41/9a.zst 0,0,0,0,0,4294967296
L6/41/9b.zst 0,0,0,0,0,4294967296
L6/41/8f.zst 0,0,1679099720,513505592,547763186,1554598798
L6/41/9e.zst 0,0,0,0,0,4294967296
L6/41/9f.zst 0,0,0,0,0,4294967296
L6/41/a0.zst 0,0,14121869,2116148337,527125917,1637571173
L6/41/93.zst 0,0,14862365,1960848461,545397629,1773858841
L6/41/9c.zst 0,0,0,0,0,4294967296
L6/41/a3.zst 0,0,14600575,1932103643,490460587,1857802491
L6/41/99.zst 0,0,0,0,0,4294967296
L6/41/a4.zst 0,0,15170650,1967845965,488035183,1823915498
L6/41/a5.zst 0,0,15836102,1962911914,484365252,1831854028
L6/41/a8.zst 0,0,0,0,0,4294967296
L6/41/ac.zst 0,0,0,0,0,4294967296
L6/41/ab.zst 0,0,0,0,0,4294967296
L6/41/a7.zst 0,0,1677882760,440313430,523459851,1653311255
L6/41/a1.zst 0,0,23544480,2063041429,513167751,1695213636
L6/41/ad.zst 0,0,0,0,0,4294967296
L6/41/af.zst 0,0,0,0,0,4294967296
L6/41/b0.zst 0,0,1687483439,486723866,542928828,1577831163
L6/41/a6.zst 0,0,1677951964,443785647,524209738,1649019947
L6/41/b3.zst 0,0,1675241086,413507226,519101208,1687117776
L6/41/b1.zst 0,0,1675322058,492351544,545962627,1581331067
L6/41/b5.zst 0,0,1675353171,468649947,535777869,1615186309
L6/41/aa.zst 0,0,0,0,0,4294967296
L6/41/b6.zst 0,0,1675268177,413415122,519580366,1686703631
L6/41/b8.zst 0,0,1687481903,489218171,544488434,1573778788
L6/41/bb.zst 0,0,1675761180,430226460,635785649,1553194007
L6/41/bd.zst 0,0,1675838710,497406693,576203464,1545518429
L6/41/be.zst 0,0,1675707446,440432429,527504534,1651322887
L6/41/ba.zst 0,0,1675717777,436088287,528903035,1654258197
L6/41/b2.zst 0,0,1675421781,492851272,553979658,1572714585
L6/41/c0.zst 0,0,1676288566,533522649,555950559,1529205522
L6/41/c1.zst 0,0,1862180528,551268003,573568498,1307950267
L6/41/b7.zst 0,0,1675074456,412191945,631190590,1576510305
L6/41/c2.zst 0,0,1676561196,512030443,555932868,1550442789
L6/41/c6.zst 0,0,1687505479,496249523,581173735,1530038559
L6/41/bc.zst 0,0,1676018067,519949378,560769528,1538230323
L6/41/c7.zst 0,0,1687442369,498331468,580300462,1528892997
L6/41/c3.zst 0,0,1678078249,505103233,559716960,1552068854
L6/41/c9.zst 0,0,1688035403,491975266,580964014,1533992613
L6/41/cb.zst 0,0,1688118146,492102162,582680969,1532066019
L6/41/cd.zst 0,0,1688045265,488975378,584977711,1532968942
L6/41/cf.zst 0,0,1688137477,487171523,588324563,1531333733
L6/41/d1.zst 0,0,0,0,2764343795,1530623501
L6/41/c5.zst 0,0,1678694605,500860594,563291459,1552120638
L6/41/ce.zst 0,0,1688039797,487101042,585028913,1534797544
L6/41/d2.zst 0,0,0,0,2763825613,1531141683
L6/41/d3.zst 0,0,0,0,2762971735,1531995561
L6/41/d5.zst 0,0,0,0,2756159972,1538807324
L6/41/c8.zst 0,0,1688143031,494404513,581002854,1531416898
L6/41/cc.zst 0,0,1688224105,489587982,582580131,1534575078
L6/41/d8.zst 0,0,0,0,2764116696,1530850600
L6/41/d9.zst 0,0,0,0,2759365319,1535601977
L6/41/db.zst 0,0,0,0,2760329661,1534637635
L6/41/d7.zst 0,0,0,0,2759667960,1535299336
L6/41/de.zst 0,0,0,0,2757834547,1537132749
L6/41/df.zst 0,0,0,0,2758718940,1536248356
L6/41/e1.zst 0,0,24631168,2172884970,562421880,1535029278
L6/41/d6.zst 0,0,0,0,2758262895,1536704401
L6/41/e4.zst 0,0,268355435,1664040005,584380050,1778191806
L6/41/e3.zst 0,0,263517655,1650608940,593528170,1787312531
L6/41/e2.zst 0,0,238720568,1632444538,615546427,1808255763
L6/41/e5.zst 0,0,277036379,1659504244,582996540,1775430133
L6/41/dd.zst 0,0,0,0,2757387001,1537580295
L6/41/dc.zst 0,0,0,0,2759633080,1535334216
L6/41/e9.zst 0,0,0,0,0,4294967296
L6/41/e8.zst 0,0,0,0,0,4294967296
L6/41/eb.zst 0,0,0,0,0,4294967296
L6/41/f0.zst 0,0,4294967296,0,0,0
L6/41/ea.zst 0,0,0,0,0,4294967296
L6/41/f1.zst 0,0,4294967296,0,0,0
L6/41/ef.zst 0,0,0,0,0,4294967296
L6/41/f4.zst 0,0,4294967296,0,0,0
L6/41/e7.zst 0,0,1686311754,465453519,543995182,1599206841
L6/41/f6.zst 0,0,4294967296,0,0,0
L6/41/f5.zst 0,0,4294967296,0,0,0
L6/41/f7.zst 0,0,4294967296,0,0,0
L6/41/f9.zst 0,0,4294967296,0,0,0
L6/41/ed.zst 0,0,0,0,0,4294967296
L6/41/fb.zst 0,0,4294967296,0,0,0
L6/41/fd.zst 0,0,4294967296,0,0,0
L6/41/ee.zst 0,0,0,0,0,4294967296
L6/41/ff.zst 0,0,4294967296,0,0,0
L6/41/fe.zst 0,0,4294967296,0,0,0
L6/42/02.zst 3089607,1520374,1676107024,530453942,553851728,1529944621
L6/41/fa.zst 0,0,4294967296,0,0,0
L6/42/05.zst 3089606,1520374,1676100118,530225187,553827129,1530204882
L6/42/06.zst 3089606,1520374,1676128705,530135589,553888558,1530204464
L6/42/08.zst 3089606,1520374,1676119809,530016452,553832379,1530388676
L6/42/03.zst 3089606,1520374,1676113995,530327326,553863341,1530052654
L6/42/0a.zst 3089606,1520374,1676115682,529899802,553807987,1530533845
L6/42/0b.zst 3089606,1520374,1676105392,529860601,553849091,1530542232
L6/42/0d.zst 3089606,1520374,1676106214,529962147,553859724,1530429231
L6/42/01.zst 3089890,1520390,1676117029,530880949,553888641,1529470397
L6/42/0f.zst 3089606,1520374,1676105683,530057643,553807266,1530386724
L6/42/04.zst 3089606,1520374,1676101983,530245816,553854071,1530155446
L6/42/10.zst 3089606,1520374,1892673104,544999894,555541718,1297142600
L6/42/12.zst 0,0,1668571538,528068074,542342052,1555985632
L6/42/0e.zst 3089606,1520374,1676112059,529936419,553955519,1530353319
L6/42/09.zst 3089606,1520374,1676109704,529901221,553802093,1530544298
L6/42/14.zst 0,0,1668558537,527632780,542282701,1556493278
L6/42/16.zst 0,0,1668513184,527197026,542182136,1557074950
L6/42/18.zst 0,0,1676976638,540652232,553252892,1524085534
L6/42/1b.zst 0,0,1669451724,542315376,553634000,1529566196
L6/42/19.zst 0,0,1677108187,540351427,553427804,1524079878
L6/42/1e.zst 0,0,1676371285,540936925,553702410,1523956676
L6/42/1d.zst 0,0,1669298190,542314142,555777885,1527577079
L6/42/13.zst 0,0,1668526994,527628029,542269063,1556543210
L6/42/1f.zst 0,0,1669538614,547053640,554067992,1524307050
L6/42/22.zst 0,0,1667498715,508331400,574777520,1544359661
L6/42/15.zst 0,0,1668509929,527175490,542171805,1557110072
L6/42/23.zst 0,0,1667497156,493571011,571114576,1562784553
L6/42/1a.zst 0,0,1669505676,544041024,553845020,1527575576
L6/42/25.zst 0,0,1667431034,474144505,568306347,1585085410
L6/42/21.zst 0,0,1667478176,512295622,575786047,1539407451
L6/42/26.zst 0,0,1668027920,467379854,567679180,1591880342
L6/42/29.zst 0,0,1667420653,456541563,564405911,1606599169
L6/42/2b.zst 0,0,1667531434,466745558,565540778,1595149526
L6/42/2d.zst 0,0,1667480135,485087308,568700884,1573698969
L6/42/24.zst 0,0,1667842004,486559961,571649961,1568915370
L6/42/2f.zst 0,0,1667665787,500170704,572362304,1554768501
L6/42/2c.zst 0,0,1667592691,474286802,567756225,1585331578
L6/42/30.zst 3107016,1520406,1685609447,517843491,554554875,1532332061
L6/42/31.zst 0,0,1677052933,523646049,553454462,1540813852
L6/42/28.zst 0,0,1668038849,456193476,564299203,1606435768
L6/42/34.zst 0,0,1676986624,525718789,554474788,1537787095
L6/42/36.zst 0,0,1677029923,528033966,555182638,1534720769
L6/42/2a.zst 0,0,1667546404,458840595,564458773,1604121524
L6/42/37.zst 0,0,1676832082,525005028,555003027,1538127159
L6/42/35.zst 0,0,1676905158,527036833,553822807,1537202498
L6/42/3a.zst 0,0,1676833582,525448338,555261079,1537424297
L6/42/3b.zst 0,0,1676697346,522756124,553317930,1542195896
L6/42/3d.zst 0,0,1676338628,524349348,553778259,1540501061
L6/42/33.zst 0,0,1676943353,523666514,553847502,1540509927
L6/42/40.zst 0,0,1689571773,525427431,553996870,1525971222
L6/42/41.zst 0,0,1689561943,528038281,553671333,1523695739
L6/42/42.zst 3107176,1520406,1685214844,521420986,554675681,1529028203
L6/42/3f.zst 0,0,1676768030,522455387,555258786,1540485093
L6/42/39.zst 0,0,1676805152,526785231,554491513,1536885400
L6/42/45.zst 17415,5504,1689936562,514041427,554094956,1536871432
L6/42/46.zst 3107182,1520406,1895096925,556436129,565236772,1273569882
L6/42/47.zst 3107182,1520406,1895093861,556563914,565233706,1273448227
L6/42/3c.zst 0,0,1676846201,522318934,555040115,1540762046
L6/42/4c.zst 3107182,1520406,1900351590,555398673,566101842,1268487603
L6/42/4b.zst 3107182,1520406,1900364695,555808810,566173674,1267992529
L6/42/49.zst 3107182,1520406,1900349422,556145261,566420639,1267424386
L6/42/4d.zst 3107182,1520406,1900344038,554057769,565738961,1270198940
L6/42/44.zst 16861,5568,1689627418,515437783,554104189,1535775477
L6/42/50.zst 0,0,7790829,2007085764,516479549,1763611154
L6/42/51.zst 0,0,7623308,2170030110,547286387,1570027491
L6/42/53.zst 18081,5576,8113515,2444473900,501487104,1340869120
L6/42/52.zst 3091114,1520374,1619475339,527477315,539396085,1604007069
L6/42/56.zst 3089606,1520374,1675257040,482218621,536428678,1596452977
L6/42/4a.zst 3107182,1520406,1900347640,555713795,566063872,1268214401
L6/42/58.zst 3089606,1520374,3953883,1551354,1901437,4282950642
L6/42/57.zst 3089606,1520374,1675311847,478370701,535502053,1601172715
L6/42/4e.zst 3107182,1520406,1900343206,553980516,565733580,1270282406
L6/42/5b.zst 3089609,1520375,3904472,1563375,1926745,4282962720
L6/42/5d.zst 3089606,1520374,3904460,1597290,1899720,4282955846
L6/42/5e.zst 3089608,1520374,3904459,1514298,1884660,4283053897
L6/42/55.zst 17588,5897,7897048,2435953515,503450368,1347642880
L6/42/5a.zst 3089610,1520374,3904911,1564209,1926905,4282961287
L6/42/61.zst 0,0,1667298240,474052974,536393002,1617223080
L6/42/62.zst 3089600,1520374,1672781144,457307303,528200306,1632068569
L6/42/63.zst 17503,5504,1667785370,459262623,540206367,1627689929
